{
"type": "FeatureCollection",
"name": "Denver Neighborhoods",
"crs": { "type": "name", "properties": { "name": "urn:ogc:def:crs:OGC:1.3:CRS84" } },
"features": [
{ "type": "Feature", "properties": { "fid": 1, "OBJECTID": 1, "NBHD_ID": 44, "NBHD_NAME": "Marston", "TYPOLOGY": null, "NOTES": "Marston", "GLOBALID": "{C2C8D295-8B1B-4F71-B01D-54D49097C1F2}", "Shape__Area": 88380521.541992202, "Shape__Length": 76918.455193704402, "Shape_Length": 76918.454914489936, "Shape_Area": 88380520.170987412 }, "geometry": { "type": "MultiPolygon", "coordinates": [ [ [ [ -105.065084091848021, 39.618524426478494 ], [ -105.065100757528597, 39.620051648341004 ], [ -105.065671783260882, 39.620606903436219 ], [ -105.073656135473101, 39.623284404043645 ], [ -105.076125688785666, 39.624231226347092 ], [ -105.074527246788662, 39.624233683975469 ], [ -105.076282857626651, 39.625101043634324 ], [ -105.080241793889869, 39.629466999156364 ], [ -105.080962030868946, 39.631333667969223 ], [ -105.081574638578459, 39.631307482723692 ], [ -105.081574475733021, 39.631334821278671 ], [ -105.083722500933234, 39.631333873501355 ], [ -105.083743209568198, 39.630235804009274 ], [ -105.081700842795144, 39.630236785119131 ], [ -105.081757233312814, 39.627324844504301 ], [ -105.083822591475425, 39.627323943264003 ], [ -105.083799447025243, 39.628533879307184 ], [ -105.08558969274317, 39.628533344588789 ], [ -105.085635920038868, 39.626113128138513 ], [ -105.08740071302735, 39.626052764757276 ], [ -105.087393695486199, 39.627096663534395 ], [ -105.091173857960769, 39.62708723015362 ], [ -105.091198403077996, 39.624207773636073 ], [ -105.100654736990109, 39.624229487516622 ], [ -105.107547144968166, 39.624213822223901 ], [ -105.107529265495486, 39.627096325805766 ], [ -105.107989784145616, 39.627095282872382 ], [ -105.109977109321505, 39.627089340748874 ], [ -105.109948079258047, 39.631454517441341 ], [ -105.10992421142366, 39.635077217023365 ], [ -105.100544949657461, 39.63509517277776 ], [ -105.091128452142499, 39.635088088847148 ], [ -105.091114929720234, 39.638708633490708 ], [ -105.085003661933499, 39.638713648014601 ], [ -105.081537601878267, 39.638716262565858 ], [ -105.081431367924708, 39.638716602034386 ], [ -105.081478906775445, 39.63624553861149 ], [ -105.081290469700633, 39.636174641090854 ], [ -105.080864858304722, 39.636151033800189 ], [ -105.080623398883432, 39.636166294812682 ], [ -105.080309208337042, 39.636215912341825 ], [ -105.079971513263345, 39.636639461740536 ], [ -105.079754779614547, 39.636684565940683 ], [ -105.079490380940115, 39.636732073373949 ], [ -105.079057594148907, 39.636714509123486 ], [ -105.077679339236568, 39.636461122750951 ], [ -105.077233383835676, 39.636416079777014 ], [ -105.076649424727307, 39.636430983344354 ], [ -105.075840228482178, 39.636526424579543 ], [ -105.075253018885277, 39.636515940221578 ], [ -105.074910724901187, 39.636623288602188 ], [ -105.074809095287904, 39.636688519205919 ], [ -105.074793446586639, 39.636624468393443 ], [ -105.074186317784466, 39.636758577842187 ], [ -105.073282401953179, 39.63655023859063 ], [ -105.073286794996932, 39.638437481307861 ], [ -105.073286986631274, 39.638519840613789 ], [ -105.073287296133515, 39.638653173007008 ], [ -105.073228399140362, 39.638721799031934 ], [ -105.073206137476888, 39.638747738619855 ], [ -105.072264627405232, 39.638749495820726 ], [ -105.067454419535181, 39.63875646946461 ], [ -105.065496029425475, 39.638742117376196 ], [ -105.060878578117411, 39.638749892045759 ], [ -105.060021386254746, 39.638760937232242 ], [ -105.059810355243272, 39.63868114239115 ], [ -105.059068226659207, 39.638682134631544 ], [ -105.059125597065915, 39.638389549607581 ], [ -105.059849522674668, 39.634697433173422 ], [ -105.057070873329209, 39.631505462027377 ], [ -105.05344395501389, 39.629304681424443 ], [ -105.053461782271327, 39.627711776189827 ], [ -105.055790216930717, 39.626004408332491 ], [ -105.055819011365983, 39.624257778043507 ], [ -105.05349368289076, 39.624260588163601 ], [ -105.053526747660925, 39.620873312336791 ], [ -105.054339962252214, 39.620828699663633 ], [ -105.055359095574659, 39.621060770247169 ], [ -105.056282649720686, 39.621110590497203 ], [ -105.057253875768296, 39.620919335090072 ], [ -105.057395862476142, 39.620498110667825 ], [ -105.056498696034751, 39.619924377885162 ], [ -105.057130492389305, 39.619374254739121 ], [ -105.057096667881439, 39.619389913968803 ], [ -105.058170433812592, 39.617381794187693 ], [ -105.058108063832705, 39.614415236055706 ], [ -105.09701968155025, 39.614317834294795 ], [ -105.097039565454267, 39.618436868094392 ], [ -105.065084091848021, 39.618524426478494 ] ], [ [ -105.080884194579099, 39.635007020158611 ], [ -105.080880101446127, 39.635693001406111 ], [ -105.081493465830164, 39.635695187786453 ], [ -105.081497552973218, 39.635009206518092 ], [ -105.080884194579099, 39.635007020158611 ] ] ] ] } },
{ "type": "Feature", "properties": { "fid": 2, "OBJECTID": 2, "NBHD_ID": 27, "NBHD_NAME": "Fort Logan", "TYPOLOGY": null, "NOTES": "Fort Logan", "GLOBALID": "{8355D7BD-EAA5-4E47-A6CE-5775235DAD69}", "Shape__Area": 73912996.941406295, "Shape__Length": 51894.852191028796, "Shape_Length": 51894.852191028825, "Shape_Area": 73912996.944952399 }, "geometry": { "type": "MultiPolygon", "coordinates": [ [ [ [ -105.034625272103952, 39.653282358543457 ], [ -105.03464123316752, 39.649533994886689 ], [ -105.034651211052491, 39.645884435221795 ], [ -105.034369779234694, 39.645884349903646 ], [ -105.034371421898612, 39.645636588028609 ], [ -105.034426854866467, 39.645577782722526 ], [ -105.03444571535816, 39.643804016475492 ], [ -105.032760795166126, 39.643793554013378 ], [ -105.032794570132822, 39.642853404615657 ], [ -105.029990324650626, 39.64282574928621 ], [ -105.029994067850268, 39.642266398348234 ], [ -105.029891090426531, 39.642265986403743 ], [ -105.02991451570341, 39.640092443948021 ], [ -105.030017489940576, 39.640092855872268 ], [ -105.030046784609183, 39.638633472222608 ], [ -105.034710831978771, 39.638627326092681 ], [ -105.034758481148828, 39.633175914997992 ], [ -105.030069162908433, 39.63316583153405 ], [ -105.030067951001328, 39.632948942465575 ], [ -105.029812146647131, 39.632708386467513 ], [ -105.02978220466332, 39.632672920140294 ], [ -105.029748781216142, 39.632627143873599 ], [ -105.029721584818844, 39.632579334403673 ], [ -105.02969883796294, 39.632529826888565 ], [ -105.029682313548435, 39.632478971597983 ], [ -105.029672009264999, 39.632427111695186 ], [ -105.02966703290268, 39.632374929949741 ], [ -105.029134588257193, 39.632355295563642 ], [ -105.029132815355339, 39.632354945288249 ], [ -105.029076914892499, 39.632351975877363 ], [ -105.029021042044576, 39.632344888511582 ], [ -105.028966967420729, 39.632334376629473 ], [ -105.028913808030211, 39.632319750353211 ], [ -105.028862444577271, 39.632302042725357 ], [ -105.028812878204391, 39.632280910582814 ], [ -105.02739298646469, 39.631707260249314 ], [ -105.027264645777066, 39.63165320938522 ], [ -105.027096390237006, 39.631594878780092 ], [ -105.026921842113097, 39.63154853444604 ], [ -105.026742777662292, 39.631513839440288 ], [ -105.026560968504626, 39.631491144052127 ], [ -105.026376412251665, 39.631481134599973 ], [ -105.026191772724218, 39.631483478644313 ], [ -105.025410697108285, 39.631479639713682 ], [ -105.025411267448092, 39.631395222175911 ], [ -105.025435047307468, 39.628532242478194 ], [ -105.025669379729962, 39.628530443468648 ], [ -105.025825593617157, 39.628530387739467 ], [ -105.026377826028096, 39.628506877572306 ], [ -105.02692586989248, 39.628446285541074 ], [ -105.027464396742758, 39.628348933443824 ], [ -105.027990736209816, 39.628215840193349 ], [ -105.028498670132834, 39.628047666435634 ], [ -105.028887478475795, 39.627907496876233 ], [ -105.029323121586316, 39.627798055848736 ], [ -105.031106179552992, 39.627808274590578 ], [ -105.031621354006347, 39.627883768125024 ], [ -105.032395210939995, 39.628032698254238 ], [ -105.032946643265745, 39.628128577319444 ], [ -105.033501802756774, 39.628198045375093 ], [ -105.034803836957025, 39.628203551526944 ], [ -105.034807318539407, 39.627812007103287 ], [ -105.035794295853208, 39.627811793117466 ], [ -105.035918524810882, 39.627816401969802 ], [ -105.036041813011707, 39.627829243062585 ], [ -105.036163268358735, 39.627850656046377 ], [ -105.036282006779842, 39.627880294266767 ], [ -105.036397145297244, 39.627917467906549 ], [ -105.036506906586254, 39.627962513134143 ], [ -105.036612183912055, 39.628014747146977 ], [ -105.036710316845756, 39.628073474025413 ], [ -105.036720036873746, 39.628080031690601 ], [ -105.036806665808427, 39.628133564665916 ], [ -105.037395933924216, 39.627471851140697 ], [ -105.037717774213732, 39.627119651695317 ], [ -105.038017819728182, 39.62684217767567 ], [ -105.039490222477795, 39.627798198990362 ], [ -105.039570660605492, 39.627848617126091 ], [ -105.039655570306522, 39.627893905174119 ], [ -105.039745845861603, 39.627933037117955 ], [ -105.039805172048389, 39.627954546079643 ], [ -105.040037106938513, 39.628047424003526 ], [ -105.040090967525856, 39.627954978915312 ], [ -105.040154562844421, 39.62786668994719 ], [ -105.040217169388953, 39.627793839732739 ], [ -105.040268060328756, 39.627748054085323 ], [ -105.040645402241537, 39.628000387544489 ], [ -105.040921268808404, 39.627754383336615 ], [ -105.041340260582501, 39.628017172407723 ], [ -105.041719729080711, 39.62767205051086 ], [ -105.042302160316524, 39.628052152353426 ], [ -105.042785378847952, 39.62758457627185 ], [ -105.043033971101011, 39.627709771103632 ], [ -105.043295985557108, 39.627818203143534 ], [ -105.043569658259301, 39.627908490968871 ], [ -105.043851443203764, 39.627979592122401 ], [ -105.044141340286885, 39.628031849717729 ], [ -105.044163508926246, 39.628035024267739 ], [ -105.044136831406959, 39.631462165943169 ], [ -105.053315764137295, 39.631511675790946 ], [ -105.053245348180369, 39.638776987544816 ], [ -105.0588173634832, 39.63876664194369 ], [ -105.058760124403022, 39.638975759853402 ], [ -105.059165948607045, 39.63881187587225 ], [ -105.059294947024725, 39.638767061525904 ], [ -105.059429215411029, 39.63873118918189 ], [ -105.059566976291791, 39.638704595328107 ], [ -105.059707341048878, 39.638687619791213 ], [ -105.059810355243272, 39.63868114239115 ], [ -105.060021386254746, 39.638760937232242 ], [ -105.060878578117411, 39.638749892045759 ], [ -105.065496029425475, 39.638742117376196 ], [ -105.067454419535181, 39.63875646946461 ], [ -105.072264627405232, 39.638749495820726 ], [ -105.073206137476888, 39.638747738619855 ], [ -105.073228399140362, 39.638721799031934 ], [ -105.073287296133515, 39.638653173007008 ], [ -105.076919314042186, 39.638644811773908 ], [ -105.076920886922494, 39.639112236040013 ], [ -105.076917647836822, 39.639222165212161 ], [ -105.076905583936721, 39.639331727542086 ], [ -105.076884739674867, 39.639440498955729 ], [ -105.076855197932488, 39.639548058217805 ], [ -105.076817071832679, 39.639653992306208 ], [ -105.076770508274066, 39.639757890120499 ], [ -105.07674712587351, 39.639803329270386 ], [ -105.076734631896443, 39.639828770580678 ], [ -105.076098138798542, 39.641005261202281 ], [ -105.076045983316192, 39.64111557314132 ], [ -105.07600623937185, 39.641229018351964 ], [ -105.075979794220785, 39.641344913711968 ], [ -105.075966659702601, 39.641461887501215 ], [ -105.075964600430638, 39.641508894083977 ], [ -105.075958179287682, 39.641690406769321 ], [ -105.075951313509222, 39.641798136730429 ], [ -105.075932910528863, 39.641905482783308 ], [ -105.075902089702979, 39.642011067271291 ], [ -105.075859744916073, 39.642113864808408 ], [ -105.075805876122587, 39.642213875382531 ], [ -105.075789741570205, 39.642239554727993 ], [ -105.074559347599788, 39.644140378569581 ], [ -105.074473412317559, 39.644257430759346 ], [ -105.074374199934795, 39.644367914606583 ], [ -105.074263488924828, 39.644471150186703 ], [ -105.074141283676596, 39.644566795216932 ], [ -105.074009364790314, 39.644653824812842 ], [ -105.073866848677554, 39.644731550303561 ], [ -105.07377750986042, 39.644773099950278 ], [ -105.072609000687791, 39.645283694600224 ], [ -105.072532532197783, 39.645321409881653 ], [ -105.072522680403438, 39.645326182893129 ], [ -105.072459425413186, 39.645362671700283 ], [ -105.0724014686392, 39.645403640931328 ], [ -105.072347043141193, 39.645448054660768 ], [ -105.072298808970672, 39.645496265742715 ], [ -105.072255882537277, 39.645547585533855 ], [ -105.072218268038284, 39.645601325918555 ], [ -105.072187741019135, 39.645657494266565 ], [ -105.072163417902601, 39.64571540103114 ], [ -105.07214529870221, 39.645775046216009 ], [ -105.072134277472358, 39.645835404477289 ], [ -105.072129468558416, 39.645896127623168 ], [ -105.072129726652378, 39.64599260187444 ], [ -105.07204142803937, 39.645992837870921 ], [ -105.063246629589784, 39.646006139529092 ], [ -105.063245452175053, 39.646088493595826 ], [ -105.0632051852768, 39.649632996427556 ], [ -105.062616539497284, 39.649633895544817 ], [ -105.062615339636167, 39.649683993501299 ], [ -105.057100675997958, 39.64969717947433 ], [ -105.057079163882676, 39.65119983694364 ], [ -105.057078501813123, 39.651254743901461 ], [ -105.055633622736394, 39.651257048047306 ], [ -105.055634460405273, 39.65118451232938 ], [ -105.053603081263461, 39.651187723022844 ], [ -105.053732413383472, 39.651401838080901 ], [ -105.054200822665806, 39.651526249964284 ], [ -105.054305576266984, 39.651530200554312 ], [ -105.054409489556562, 39.651541165228934 ], [ -105.054511781263102, 39.651559059965358 ], [ -105.054611676253202, 39.651583751228266 ], [ -105.054708421876569, 39.65161505062725 ], [ -105.05480128907304, 39.651652723927654 ], [ -105.054889574730808, 39.651696486555814 ], [ -105.05497261331999, 39.651746006344851 ], [ -105.055049779171213, 39.651800911649204 ], [ -105.055120487668788, 39.651860786845162 ], [ -105.055184208016101, 39.651925180485186 ], [ -105.055241926865278, 39.651998915966203 ], [ -105.055312955147755, 39.651998780335909 ], [ -105.057074199725662, 39.651995392276639 ], [ -105.05706433404039, 39.652851632552483 ], [ -105.057068840835115, 39.65290653013804 ], [ -105.05706757238562, 39.652952456593354 ], [ -105.057066814312179, 39.653172952481384 ], [ -105.053793386473956, 39.653192796746701 ], [ -105.053228658482567, 39.653190651257432 ], [ -105.053188389931861, 39.653190498167284 ], [ -105.053101852698234, 39.653190817634076 ], [ -105.052785990489809, 39.653191985844373 ], [ -105.052298145584459, 39.653193791574289 ], [ -105.050226353380964, 39.653214985222569 ], [ -105.04961867176165, 39.653247425952088 ], [ -105.048324315866083, 39.65331651504443 ], [ -105.046101133777057, 39.653576307303396 ], [ -105.041362694755691, 39.654128222480608 ], [ -105.039413443566005, 39.654362269267558 ], [ -105.038662119588309, 39.654412094478488 ], [ -105.037926278738638, 39.654415068144907 ], [ -105.03745628030623, 39.654366309889703 ], [ -105.036842386880906, 39.654281797762614 ], [ -105.036138491347202, 39.654088171128095 ], [ -105.035422846791491, 39.653826455710899 ], [ -105.035349719820815, 39.65379444030247 ], [ -105.034664455783158, 39.653494415492752 ], [ -105.034625272103952, 39.653282358543457 ] ] ] ] } },
{ "type": "Feature", "properties": { "fid": 3, "OBJECTID": 3, "NBHD_ID": 6, "NBHD_NAME": "Bear Valley", "TYPOLOGY": null, "NOTES": "Bear Valley", "GLOBALID": "{246DDF44-9E6C-42D0-909E-65AA1FFD69A7}", "Shape__Area": 37656366.161621101, "Shape__Length": 35132.029178381301, "Shape_Length": 35132.029178381308, "Shape_Area": 37656366.161453739 }, "geometry": { "type": "MultiPolygon", "coordinates": [ [ [ [ -105.07924409224448, 39.669331785291739 ], [ -105.079061045262236, 39.669330070743321 ], [ -105.078905311589253, 39.669332166419039 ], [ -105.07874970980869, 39.669337530081407 ], [ -105.078612984686401, 39.66934083736875 ], [ -105.07847627588059, 39.669337154264227 ], [ -105.078340181219957, 39.669326497323134 ], [ -105.078205294863096, 39.669308911912758 ], [ -105.078072690908414, 39.669288166796171 ], [ -105.076698966566184, 39.669073246352283 ], [ -105.076700431478528, 39.669423519225397 ], [ -105.076013635983017, 39.669316063598494 ], [ -105.075931730885628, 39.670003988077234 ], [ -105.075315733264418, 39.67006772752805 ], [ -105.074961589662351, 39.670495376332617 ], [ -105.074514648065616, 39.670261895471484 ], [ -105.073029002659069, 39.669806740524145 ], [ -105.072753391174459, 39.669825279700071 ], [ -105.072545324644381, 39.669446298095018 ], [ -105.07200540765227, 39.669377525390601 ], [ -105.072001562339452, 39.667785465026157 ], [ -105.072001030896374, 39.667785464892511 ], [ -105.068510376591817, 39.667786557923719 ], [ -105.067394952769803, 39.667787262507446 ], [ -105.067311473872977, 39.667787298421096 ], [ -105.062622441660167, 39.667788475752999 ], [ -105.053243484407588, 39.66779095222244 ], [ -105.053261466984878, 39.666390569780027 ], [ -105.053259789085345, 39.665573271009841 ], [ -105.053260126135172, 39.664733819811381 ], [ -105.053252323919438, 39.662580449951932 ], [ -105.053243956648629, 39.659647091027956 ], [ -105.05323684998389, 39.657917526178217 ], [ -105.053231047589051, 39.657179698796114 ], [ -105.053226364643223, 39.656171260190781 ], [ -105.053192417842126, 39.653906572396259 ], [ -105.053199944888576, 39.653757908839985 ], [ -105.053220434114991, 39.653353152361824 ], [ -105.053228658482567, 39.653190651257432 ], [ -105.053793386473956, 39.653192796746701 ], [ -105.057066814312179, 39.653172952481384 ], [ -105.05706757238562, 39.652952456593354 ], [ -105.057068840835115, 39.65290653013804 ], [ -105.05706433404039, 39.652851632552483 ], [ -105.058043192245009, 39.652849738791829 ], [ -105.05805918083621, 39.651460251512553 ], [ -105.058236702397835, 39.651459907469672 ], [ -105.058239070369581, 39.651254071920121 ], [ -105.062012103491057, 39.651246686455586 ], [ -105.062009590044994, 39.651466223862251 ], [ -105.062008962116181, 39.651521131856363 ], [ -105.062594784650187, 39.65151997392055 ], [ -105.062595408597446, 39.651465070413686 ], [ -105.062608747201423, 39.650291987451503 ], [ -105.063893711180711, 39.650289859958725 ], [ -105.063903851925005, 39.649733478528617 ], [ -105.063905001871206, 39.649632167394287 ], [ -105.063976032123762, 39.649632071579497 ], [ -105.064308578182732, 39.649631623345194 ], [ -105.064379586329039, 39.649630395022747 ], [ -105.070843449685398, 39.649619450495173 ], [ -105.070838955894644, 39.650005319644251 ], [ -105.069922737758404, 39.649997057729635 ], [ -105.06976928010431, 39.65032515101683 ], [ -105.069700824315419, 39.650473356614938 ], [ -105.069419025360858, 39.650839983353407 ], [ -105.069176640596979, 39.651159422955914 ], [ -105.069130672464922, 39.651307514271295 ], [ -105.069057372205066, 39.65137858099876 ], [ -105.068209693881712, 39.652194096486618 ], [ -105.0680665279652, 39.652194342288531 ], [ -105.068065858186898, 39.652249245626571 ], [ -105.068062849421153, 39.652496120156215 ], [ -105.067500451093778, 39.652497081744542 ], [ -105.067491241277338, 39.653252329180624 ], [ -105.067264296273265, 39.65325272411642 ], [ -105.067264495093582, 39.653307628829324 ], [ -105.067270863498351, 39.655068712431877 ], [ -105.067278318498765, 39.656884780348392 ], [ -105.070165908129653, 39.656880620281271 ], [ -105.070167759154472, 39.657448568113523 ], [ -105.070122674934225, 39.657995755107635 ], [ -105.070068008723794, 39.659093002141908 ], [ -105.071981076610371, 39.659610616356517 ], [ -105.071982962275669, 39.660029629708198 ], [ -105.074331796540079, 39.65972498265041 ], [ -105.076681846060737, 39.659339037515707 ], [ -105.076683497941531, 39.6599151369739 ], [ -105.078200550671667, 39.660796078907232 ], [ -105.078922870209794, 39.661588370435965 ], [ -105.079223110767501, 39.662045902682372 ], [ -105.081388231434715, 39.662042737943047 ], [ -105.081398129909843, 39.667737743014648 ], [ -105.081408795505112, 39.67016054429471 ], [ -105.081304050881869, 39.670125768344057 ], [ -105.081293159573875, 39.670122224949523 ], [ -105.081188213096937, 39.670085161312855 ], [ -105.081082223266847, 39.670049915067487 ], [ -105.080893579693694, 39.669992425049834 ], [ -105.080702167849964, 39.669940687495867 ], [ -105.080508279756273, 39.669894781794945 ], [ -105.080312215631452, 39.669854780162055 ], [ -105.080114274596284, 39.669820743100956 ], [ -105.079914760485138, 39.669792722127205 ], [ -105.079863395310426, 39.669786512910264 ], [ -105.079691916348139, 39.669768724566353 ], [ -105.079519764051412, 39.669755373987272 ], [ -105.079355445016517, 39.669747662513338 ], [ -105.07920793821765, 39.669745562873445 ], [ -105.079207626224829, 39.669742586762581 ], [ -105.07924409224448, 39.669331785291739 ] ], [ [ -105.064921426804375, 39.653782426148659 ], [ -105.064919356795329, 39.653256686073753 ], [ -105.06397995925856, 39.653258352099037 ], [ -105.063992672456976, 39.653784818035781 ], [ -105.064921426804375, 39.653782426148659 ] ], [ [ -105.063563096542666, 39.652900939836265 ], [ -105.063569533032947, 39.651865284112702 ], [ -105.062573364948378, 39.651861580482212 ], [ -105.062566913767085, 39.652897236152462 ], [ -105.063563096542666, 39.652900939836265 ] ] ] ] } },
{ "type": "Feature", "properties": { "fid": 4, "OBJECTID": 4, "NBHD_ID": 35, "NBHD_NAME": "Harvey Park South", "TYPOLOGY": null, "NOTES": "Harvey Park South", "GLOBALID": "{844B34AA-FE8C-4725-B489-5FF9948500C7}", "Shape__Area": 38100563.0927734, "Shape__Length": 26811.382377022601, "Shape_Length": 26811.382210326108, "Shape_Area": 38100562.699764311 }, "geometry": { "type": "MultiPolygon", "coordinates": [ [ [ [ -105.025118496377956, 39.667722404509639 ], [ -105.025120911407413, 39.666950446792164 ], [ -105.025114603777652, 39.665824147725914 ], [ -105.025130308629059, 39.66534000828657 ], [ -105.02513385581598, 39.665045233876626 ], [ -105.025145270030805, 39.664076105579646 ], [ -105.025146937081075, 39.663731740864826 ], [ -105.02515821431254, 39.662126447562827 ], [ -105.025168202829875, 39.660508649155702 ], [ -105.025190173057609, 39.657436302556199 ], [ -105.025193920417436, 39.656823688743117 ], [ -105.025185336761069, 39.656809428391384 ], [ -105.025359377557919, 39.656808414645177 ], [ -105.025362032745988, 39.656890541391796 ], [ -105.032671136582437, 39.656884253943502 ], [ -105.032565723898756, 39.656817580998684 ], [ -105.032466454015008, 39.656743485398927 ], [ -105.032368623823956, 39.656656734288994 ], [ -105.03228911170298, 39.656572799527908 ], [ -105.032230330777239, 39.656500086190938 ], [ -105.032186891016622, 39.656438335070874 ], [ -105.032144304040486, 39.656368578295002 ], [ -105.032171660196369, 39.653282525616163 ], [ -105.034625272103952, 39.653282358543457 ], [ -105.034664455783158, 39.653494415492752 ], [ -105.035349719820815, 39.65379444030247 ], [ -105.035422846791491, 39.653826455710899 ], [ -105.036138491347202, 39.654088171128095 ], [ -105.036842386880906, 39.654281797762614 ], [ -105.03745628030623, 39.654366309889703 ], [ -105.037926278738638, 39.654415068144907 ], [ -105.038662119588309, 39.654412094478488 ], [ -105.039413443566005, 39.654362269267558 ], [ -105.041362694755691, 39.654128222480608 ], [ -105.046101133777057, 39.653576307303396 ], [ -105.048324315866083, 39.65331651504443 ], [ -105.04961867176165, 39.653247425952088 ], [ -105.050226353380964, 39.653214985222569 ], [ -105.052298145584459, 39.653193791574289 ], [ -105.052785990489809, 39.653191985844373 ], [ -105.053101852698234, 39.653190817634076 ], [ -105.053188389931861, 39.653190498167284 ], [ -105.053228658482567, 39.653190651257432 ], [ -105.053220434114991, 39.653353152361824 ], [ -105.053199944888576, 39.653757908839985 ], [ -105.053192417842126, 39.653906572396259 ], [ -105.053226364643223, 39.656171260190781 ], [ -105.053231047589051, 39.657179698796114 ], [ -105.05323684998389, 39.657917526178217 ], [ -105.053243956648629, 39.659647091027956 ], [ -105.053252323919438, 39.662580449951932 ], [ -105.053260126135172, 39.664733819811381 ], [ -105.053259789085345, 39.665573271009841 ], [ -105.053261466984878, 39.666390569780027 ], [ -105.053243484407588, 39.66779095222244 ], [ -105.051791766587627, 39.667784045058958 ], [ -105.050804892314673, 39.667777197609439 ], [ -105.049815921046985, 39.667771699298875 ], [ -105.048818218812258, 39.667760324443243 ], [ -105.047821333706096, 39.667755663458657 ], [ -105.046833604619678, 39.667754405128839 ], [ -105.046569063658936, 39.66775304181936 ], [ -105.045836470224316, 39.667748841865404 ], [ -105.045542586382638, 39.667747362871786 ], [ -105.044841782213112, 39.667743277814303 ], [ -105.043848636238565, 39.6677389623975 ], [ -105.042857069537661, 39.667734285353134 ], [ -105.041761426219864, 39.667725477091253 ], [ -105.040692615929402, 39.667719588953155 ], [ -105.039695645212902, 39.667717777878508 ], [ -105.038696074375721, 39.667708339955738 ], [ -105.037777232579487, 39.667705363665135 ], [ -105.036855886532209, 39.667698636935214 ], [ -105.035932042734402, 39.667692311946482 ], [ -105.034971924783193, 39.667687878079775 ], [ -105.033837405394365, 39.667684204002271 ], [ -105.031895353199019, 39.667699548680616 ], [ -105.030918637999577, 39.667707156113359 ], [ -105.029878903136861, 39.667712862336742 ], [ -105.028882172171961, 39.667720097184009 ], [ -105.027960351339871, 39.667728199968032 ], [ -105.026977260367374, 39.667732825386992 ], [ -105.026055344584961, 39.667739383466646 ], [ -105.025118496377956, 39.667722404509639 ] ] ] ] } },
{ "type": "Feature", "properties": { "fid": 5, "OBJECTID": 5, "NBHD_ID": 58, "NBHD_NAME": "Southmoor Park", "TYPOLOGY": null, "NOTES": "Southmoor Park", "GLOBALID": "{91318C41-891F-4467-8355-B9CD637BCA96}", "Shape__Area": 25967087.263183601, "Shape__Length": 35130.867605326501, "Shape_Length": 35130.867290975868, "Shape_Area": 25967087.041897234 }, "geometry": { "type": "MultiPolygon", "coordinates": [ [ [ [ -104.901873646786086, 39.624099885813486 ], [ -104.904048816309839, 39.624095144006084 ], [ -104.911641667872885, 39.62409052121793 ], [ -104.913416734618963, 39.624089446133851 ], [ -104.913399948296487, 39.625462058299775 ], [ -104.913326766185435, 39.631355699255231 ], [ -104.913238393066706, 39.638573352847317 ], [ -104.913237395190123, 39.638655708180387 ], [ -104.919784179180525, 39.643762392069327 ], [ -104.920569721001996, 39.644375063373154 ], [ -104.922277857489348, 39.645707241083066 ], [ -104.92235411270542, 39.645764754327779 ], [ -104.922505377369404, 39.645884678008912 ], [ -104.922506268499973, 39.645855935314273 ], [ -104.931883437986954, 39.645831980856663 ], [ -104.931802643553667, 39.649453759362643 ], [ -104.931723242030714, 39.653051982123721 ], [ -104.931712905171239, 39.653052014104055 ], [ -104.930527475961483, 39.653051028045972 ], [ -104.929355676754668, 39.65305255244369 ], [ -104.928192900637839, 39.653056101426145 ], [ -104.927205478663012, 39.653055474051172 ], [ -104.926201089681598, 39.653064864186263 ], [ -104.926098512085417, 39.653064055268402 ], [ -104.925207326354723, 39.653059399096627 ], [ -104.925030941731222, 39.65306287229054 ], [ -104.924214695398007, 39.653065481832009 ], [ -104.923966292125542, 39.653070828912746 ], [ -104.92281971997437, 39.653087094236355 ], [ -104.92174565198394, 39.653100894035511 ], [ -104.920468484487202, 39.653097724814984 ], [ -104.920084982337528, 39.653089381275194 ], [ -104.919164173196037, 39.653087386541799 ], [ -104.918595120893443, 39.653086137246696 ], [ -104.918458155073807, 39.653087912201705 ], [ -104.918335863306169, 39.652834021455106 ], [ -104.918165959668301, 39.652481279855657 ], [ -104.91749939987649, 39.651178555773647 ], [ -104.916685689582437, 39.649694900935685 ], [ -104.911562400520012, 39.640801895645914 ], [ -104.910433837451734, 39.638880160650096 ], [ -104.910228467559776, 39.638530440422493 ], [ -104.909390025467303, 39.637102639192648 ], [ -104.908467892432668, 39.635536300553255 ], [ -104.908263240513122, 39.635107268491609 ], [ -104.907399801251586, 39.633603250713676 ], [ -104.906031060515502, 39.631297793064064 ], [ -104.904753257598657, 39.629036521336495 ], [ -104.904543067744655, 39.628684861193278 ], [ -104.904463571758541, 39.628551859212521 ], [ -104.904360979975991, 39.628356664468427 ], [ -104.90429882381784, 39.628248816323499 ], [ -104.903372113965361, 39.626640820756172 ], [ -104.902971885784652, 39.62600191706067 ], [ -104.902379362948551, 39.624973157763669 ], [ -104.902063258500945, 39.624436131754599 ], [ -104.901873646786086, 39.624099885813486 ] ], [ [ -104.903797474274512, 39.62683445746071 ], [ -104.903927052799062, 39.626835115004994 ], [ -104.903919297595735, 39.624192634530559 ], [ -104.902913768301858, 39.62418752797533 ], [ -104.902806219273941, 39.624310523791863 ], [ -104.903294544566194, 39.625960928144934 ], [ -104.903797474274512, 39.62683445746071 ] ] ] ] } },
{ "type": "Feature", "properties": { "fid": 6, "OBJECTID": 6, "NBHD_ID": 33, "NBHD_NAME": "Hampden South", "TYPOLOGY": null, "NOTES": "Hampden South", "GLOBALID": "{3DD743A2-3A40-4EBA-8114-52C60C799175}", "Shape__Area": 81168938.6484375, "Shape__Length": 38297.5048545971, "Shape_Length": 38297.505324432241, "Shape_Area": 81168938.923285812 }, "geometry": { "type": "MultiPolygon", "coordinates": [ [ [ [ -104.902063258500945, 39.624436131754599 ], [ -104.902379362948551, 39.624973157763669 ], [ -104.902971885784652, 39.62600191706067 ], [ -104.903372113965361, 39.626640820756172 ], [ -104.90429882381784, 39.628248816323499 ], [ -104.904360979975991, 39.628356664468427 ], [ -104.904463571758541, 39.628551859212521 ], [ -104.904543067744655, 39.628684861193278 ], [ -104.904753257598657, 39.629036521336495 ], [ -104.906031060515502, 39.631297793064064 ], [ -104.907399801251586, 39.633603250713676 ], [ -104.908263240513122, 39.635107268491609 ], [ -104.908467892432668, 39.635536300553255 ], [ -104.909390025467303, 39.637102639192648 ], [ -104.910228467559776, 39.638530440422493 ], [ -104.910433837451734, 39.638880160650096 ], [ -104.911562400520012, 39.640801895645914 ], [ -104.916685689582437, 39.649694900935685 ], [ -104.91749939987649, 39.651178555773647 ], [ -104.918165959668301, 39.652481279855657 ], [ -104.918335863306169, 39.652834021455106 ], [ -104.918458155073807, 39.653087912201705 ], [ -104.918388152202908, 39.653087103719109 ], [ -104.917774674608424, 39.653089968397069 ], [ -104.916671979807745, 39.653081412668314 ], [ -104.915356899025795, 39.653094438539618 ], [ -104.912939948436573, 39.653097147214758 ], [ -104.912689631401363, 39.653097953758746 ], [ -104.911064741103701, 39.653102862715386 ], [ -104.909333303194714, 39.653107899188328 ], [ -104.90910534905008, 39.653107848534709 ], [ -104.908849385558895, 39.65310958497043 ], [ -104.907917073173294, 39.653112098216361 ], [ -104.907384320479309, 39.653113874192691 ], [ -104.907165724351643, 39.653114487553715 ], [ -104.906943025670714, 39.653115079805424 ], [ -104.905957437116754, 39.653117994985834 ], [ -104.904998485916352, 39.653120693595589 ], [ -104.904736172151161, 39.653121423362428 ], [ -104.904365399488213, 39.653122634208223 ], [ -104.902287730521991, 39.653121694444522 ], [ -104.900552818022263, 39.653117319193171 ], [ -104.898768655357998, 39.653120425095587 ], [ -104.894560932983538, 39.653102650662341 ], [ -104.894092623993103, 39.653100662281716 ], [ -104.891879148462976, 39.65309472020472 ], [ -104.887987562371407, 39.653087216931823 ], [ -104.887733380487632, 39.653081774924637 ], [ -104.887471204330609, 39.653079377436278 ], [ -104.886436612590913, 39.653077828405046 ], [ -104.884794786669545, 39.653075351170244 ], [ -104.882752780981576, 39.653070475150628 ], [ -104.881430197923351, 39.653067297956902 ], [ -104.881363201556098, 39.65306715247096 ], [ -104.880231223071263, 39.653064687551847 ], [ -104.880101459911927, 39.653064414782541 ], [ -104.880249876019633, 39.645905944295755 ], [ -104.880342709794817, 39.641320959905094 ], [ -104.885094989141621, 39.638970482426529 ], [ -104.885102323577527, 39.638639701697485 ], [ -104.885183583203641, 39.631384752044198 ], [ -104.885264779840725, 39.624134932114323 ], [ -104.894650587712761, 39.624115383287382 ], [ -104.901873646786086, 39.624099885813486 ], [ -104.902063258500945, 39.624436131754599 ] ] ] ] } },
{ "type": "Feature", "properties": { "fid": 7, "OBJECTID": 7, "NBHD_ID": 38, "NBHD_NAME": "Indian Creek", "TYPOLOGY": null, "NOTES": "Indian Creek", "GLOBALID": "{87225ABF-B925-4E91-AED9-6CC69986817C}", "Shape__Area": 13589034.9208984, "Shape__Length": 22128.8012098853, "Shape_Length": 22128.800714026635, "Shape_Area": 13589034.620633138 }, "geometry": { "type": "MultiPolygon", "coordinates": [ [ [ [ -104.903524259254141, 39.684798441805164 ], [ -104.903516903192312, 39.684909170715528 ], [ -104.903523919744202, 39.685489580097588 ], [ -104.903548580485989, 39.687383497889932 ], [ -104.903522215280304, 39.68935733032221 ], [ -104.898801497067765, 39.68934578030737 ], [ -104.898805202970351, 39.690710634463734 ], [ -104.898142217583384, 39.690711706763715 ], [ -104.898807176713092, 39.691437422179064 ], [ -104.898811368741207, 39.692981145489199 ], [ -104.89418628373943, 39.692966146233772 ], [ -104.894093030141036, 39.692888726374782 ], [ -104.894080989868471, 39.689332736738152 ], [ -104.894068820778543, 39.685700250041641 ], [ -104.889338652592869, 39.68569122082269 ], [ -104.889318702713453, 39.68206246214654 ], [ -104.894055764726318, 39.682067754136412 ], [ -104.894067410112839, 39.678454941470434 ], [ -104.896347434137397, 39.678458434545007 ], [ -104.903540979251545, 39.678476408547709 ], [ -104.903525394313576, 39.682084262906258 ], [ -104.903524259254141, 39.684798441805164 ] ], [ [ -104.902747187606749, 39.685719189395122 ], [ -104.898792693129124, 39.683420130522954 ], [ -104.898796310667308, 39.68571079110157 ], [ -104.902747187606749, 39.685719189395122 ] ] ] ] } },
{ "type": "Feature", "properties": { "fid": 8, "OBJECTID": 8, "NBHD_ID": 30, "NBHD_NAME": "Goldsmith", "TYPOLOGY": null, "NOTES": "Goldsmith", "GLOBALID": "{51AAF15A-FE2B-48C2-A51F-6207803CD785}", "Shape__Area": 21562449.621093798, "Shape__Length": 34328.501884885402, "Shape_Length": 34328.501799255762, "Shape_Area": 21562449.818121091 }, "geometry": { "type": "MultiPolygon", "coordinates": [ [ [ [ -104.905648047425274, 39.678447482123865 ], [ -104.905505436314826, 39.678401119826098 ], [ -104.905367348827369, 39.678345171550355 ], [ -104.905236442552066, 39.678280337091039 ], [ -104.905113602784382, 39.678206964118331 ], [ -104.904999714807985, 39.678125400304545 ], [ -104.904895656910071, 39.678036679622558 ], [ -104.90484807968781, 39.677991139795346 ], [ -104.903548364383212, 39.676767678660923 ], [ -104.90355650598427, 39.674868626822047 ], [ -104.903554984323549, 39.673375149188921 ], [ -104.903553829133529, 39.67121146620913 ], [ -104.90355069971352, 39.667631750283803 ], [ -104.905901967581528, 39.6676506585559 ], [ -104.907412951929018, 39.667647647307653 ], [ -104.908599935641377, 39.667645731431818 ], [ -104.90977298621749, 39.66764339224342 ], [ -104.910941956700384, 39.667641706339147 ], [ -104.912884153350277, 39.667638381802782 ], [ -104.914646435611701, 39.667598453397908 ], [ -104.915625431283601, 39.6676030290188 ], [ -104.915862224923927, 39.667597295772872 ], [ -104.916295930896894, 39.667592334660576 ], [ -104.916388017607488, 39.667591280517243 ], [ -104.917153496, 39.667590798409321 ], [ -104.917554070829127, 39.66759054388465 ], [ -104.917568781679918, 39.672989688509581 ], [ -104.919228412403541, 39.673886705035976 ], [ -104.919244330431411, 39.673895019693447 ], [ -104.919308045158047, 39.673923131000258 ], [ -104.919375346476841, 39.673947141977052 ], [ -104.919444463813349, 39.673966357539008 ], [ -104.919515397154868, 39.673980777683092 ], [ -104.919588143650969, 39.673990745559465 ], [ -104.919661824842933, 39.673995227326039 ], [ -104.919735541744657, 39.673995248946731 ], [ -104.919827940405483, 39.67399158607752 ], [ -104.919930060180562, 39.673993805850102 ], [ -104.920030344177533, 39.674003223893735 ], [ -104.920129683405051, 39.674019498738446 ], [ -104.920227196580768, 39.674041942407328 ], [ -104.920321099493279, 39.674071231540921 ], [ -104.920411398989856, 39.674106680747158 ], [ -104.92049720981295, 39.67414794070141 ], [ -104.920578531968587, 39.674195012313874 ], [ -104.920654483007127, 39.674247204910024 ], [ -104.921059501519537, 39.674568346732222 ], [ -104.921057243202995, 39.674842183126486 ], [ -104.922260729661005, 39.674840210886174 ], [ -104.922264012182382, 39.675628483925472 ], [ -104.922308241385849, 39.67565032080644 ], [ -104.92236313397693, 39.675671523731147 ], [ -104.922421615876729, 39.675688283091034 ], [ -104.92247836386413, 39.675699886396437 ], [ -104.922539593270884, 39.675706707346841 ], [ -104.92267539733848, 39.675717326184497 ], [ -104.922742870835691, 39.675720746020858 ], [ -104.922782848574045, 39.675719569646674 ], [ -104.922804164014792, 39.675719674301931 ], [ -104.922827283956025, 39.675716356141095 ], [ -104.922876185440444, 39.675710076039159 ], [ -104.922922447874711, 39.675700694458193 ], [ -104.922960733933763, 39.675689214705059 ], [ -104.923009703078677, 39.675674698868185 ], [ -104.923071172229612, 39.675652351510578 ], [ -104.923105028806035, 39.675639477304237 ], [ -104.923155826580583, 39.675618450204084 ], [ -104.923240536748366, 39.675578028934481 ], [ -104.923310107788481, 39.675542337680753 ], [ -104.923361848293851, 39.675514794939964 ], [ -104.923424294357702, 39.675481470840275 ], [ -104.923432996012792, 39.676584797536741 ], [ -104.924473044043594, 39.676587834673377 ], [ -104.924474334284554, 39.676213788928578 ], [ -104.924768770194277, 39.676159292841248 ], [ -104.924763575430958, 39.676359677874395 ], [ -104.925292937435074, 39.676359521529783 ], [ -104.925296862499252, 39.676748005750909 ], [ -104.925754320434564, 39.676743377788561 ], [ -104.925756466166163, 39.67658964946866 ], [ -104.925791104193948, 39.676589818655309 ], [ -104.92578396278715, 39.675834128195426 ], [ -104.925734226667416, 39.675833885254484 ], [ -104.925735145893029, 39.675287223655673 ], [ -104.927591498111724, 39.675279118628417 ], [ -104.92758536331759, 39.674833313774755 ], [ -104.929266685429738, 39.674831193320593 ], [ -104.930076705291455, 39.674829975533832 ], [ -104.926301903418718, 39.669406029695317 ], [ -104.925479458659765, 39.669413680633681 ], [ -104.925409259495751, 39.669418485036473 ], [ -104.925328440071269, 39.66941877629651 ], [ -104.925247665594554, 39.669413577035279 ], [ -104.92516782133859, 39.669403234749652 ], [ -104.925089798193952, 39.669387410630669 ], [ -104.925013593367211, 39.669366447836055 ], [ -104.9249400937708, 39.669340350707834 ], [ -104.92509577259807, 39.668983187195096 ], [ -104.924969109206316, 39.6688339759461 ], [ -104.92491569689345, 39.668632617342595 ], [ -104.924721929433872, 39.668435720312495 ], [ -104.92292891599277, 39.667890902332168 ], [ -104.922678814819506, 39.667849866761031 ], [ -104.922674099708985, 39.667667278174072 ], [ -104.921362348752666, 39.667674210944703 ], [ -104.92144246039085, 39.667759711871689 ], [ -104.92071169975226, 39.668174435714029 ], [ -104.92058224706939, 39.668041677066505 ], [ -104.921017756979722, 39.667784044704831 ], [ -104.920814363912342, 39.667590601039898 ], [ -104.920811927412757, 39.66758828413348 ], [ -104.921320593516413, 39.667588577241069 ], [ -104.921412786065659, 39.667588667179473 ], [ -104.921911888569895, 39.667588377437738 ], [ -104.922236638938585, 39.667586543303287 ], [ -104.922649012484442, 39.667586166381263 ], [ -104.92371827476839, 39.667584206823854 ], [ -104.923890114766365, 39.667540371548441 ], [ -104.925062335021167, 39.667508488469878 ], [ -104.925247502408368, 39.667503906913453 ], [ -104.925674266539261, 39.667493964825177 ], [ -104.925881041909733, 39.667789604955495 ], [ -104.926263285068998, 39.668338835894268 ], [ -104.927352242368002, 39.669906307070995 ], [ -104.927689390871407, 39.670360307971492 ], [ -104.928585368594582, 39.671658006719888 ], [ -104.930283326355678, 39.674105721701238 ], [ -104.93045842223529, 39.67435291279692 ], [ -104.93065878636736, 39.674615651387583 ], [ -104.930769851274007, 39.674786705433121 ], [ -104.931036150102557, 39.675110823782497 ], [ -104.932528144686131, 39.676836606877892 ], [ -104.933116752958853, 39.677491775918966 ], [ -104.933790753731159, 39.678229558163807 ], [ -104.933885386906979, 39.678337053940723 ], [ -104.933986574139482, 39.678451995749597 ], [ -104.933986158576232, 39.678452214420354 ], [ -104.933896752335443, 39.678451609210413 ], [ -104.933709344677936, 39.678460054118084 ], [ -104.933295382988561, 39.678466638588908 ], [ -104.933039570879046, 39.678467464217398 ], [ -104.93162646303422, 39.678469906535696 ], [ -104.930896279893872, 39.678470836263202 ], [ -104.925447838610552, 39.678476503271433 ], [ -104.925206431878763, 39.678470264922979 ], [ -104.923909107422773, 39.67847729940727 ], [ -104.923434237377052, 39.678481362885051 ], [ -104.922276086868749, 39.678478207463755 ], [ -104.920990045027565, 39.678466733270547 ], [ -104.918801540245028, 39.67846277718855 ], [ -104.915971542286002, 39.678469835473066 ], [ -104.912821607060465, 39.678468730505045 ], [ -104.908211310719125, 39.67846279415248 ], [ -104.906588070535847, 39.678463560553482 ], [ -104.906423758168899, 39.678459239055996 ], [ -104.906304269089986, 39.678452863114344 ], [ -104.906262816003661, 39.67844936621325 ], [ -104.906125577090165, 39.678486614187719 ], [ -104.905796070860077, 39.678483919752352 ], [ -104.905648047425274, 39.678447482123865 ] ] ] ] } },
{ "type": "Feature", "properties": { "fid": 9, "OBJECTID": 9, "NBHD_ID": 28, "NBHD_NAME": "Gateway - Green Valley Ranch", "TYPOLOGY": null, "NOTES": "Gateway - Green Valley Ranch", "GLOBALID": "{D7EB7252-A1DB-4E20-8000-3B1BD2AB5133}", "Shape__Area": 205298649.11523399, "Shape__Length": 66234.376675712207, "Shape_Length": 66234.377411883324, "Shape_Area": 205298650.15947682 }, "geometry": { "type": "MultiPolygon", "coordinates": [ [ [ [ -104.809907957978339, 39.772838010348053 ], [ -104.809889284384241, 39.773194815843354 ], [ -104.809907895531438, 39.775055368385075 ], [ -104.809914587038634, 39.776601633636425 ], [ -104.809912135386853, 39.7767669527476 ], [ -104.809886758505272, 39.778478654224109 ], [ -104.809858982619929, 39.780352071987771 ], [ -104.809807329242147, 39.783761967309346 ], [ -104.809779748637212, 39.78787491275645 ], [ -104.809763865533583, 39.79027118013672 ], [ -104.809762696527201, 39.7904376443554 ], [ -104.809731883633603, 39.794797828450193 ], [ -104.809719860557166, 39.796742760754121 ], [ -104.809700903900193, 39.796991008223976 ], [ -104.809642037843204, 39.798313273618447 ], [ -104.800279197884976, 39.798312081582267 ], [ -104.790830136504098, 39.798310467284082 ], [ -104.790828494129755, 39.798260807061581 ], [ -104.79058803685956, 39.79826489710107 ], [ -104.790264584690874, 39.79827292502236 ], [ -104.789953865751741, 39.798300984070572 ], [ -104.789641777601588, 39.798327592969549 ], [ -104.789010818880797, 39.798385530988675 ], [ -104.78864040728044, 39.798404904905098 ], [ -104.787937639626406, 39.798408339797597 ], [ -104.787449460072324, 39.79840143865389 ], [ -104.787311600023017, 39.798399487651743 ], [ -104.786423516184499, 39.798391640479188 ], [ -104.786386872166389, 39.79839380882698 ], [ -104.786325085796761, 39.798390769345708 ], [ -104.786280447414427, 39.798390941065932 ], [ -104.785771926305927, 39.798392887573229 ], [ -104.785474409535823, 39.79844330106706 ], [ -104.784843875517581, 39.798450697159957 ], [ -104.784150761614228, 39.798412816499528 ], [ -104.783379941627913, 39.798385686711121 ], [ -104.782749561089915, 39.79837810608106 ], [ -104.780518091484709, 39.798360194185221 ], [ -104.779895689638536, 39.798364108055125 ], [ -104.779271454122991, 39.798351028868616 ], [ -104.778346558630858, 39.798385499935733 ], [ -104.777725744523579, 39.798419866456143 ], [ -104.776266591331421, 39.798457634584437 ], [ -104.775143921841845, 39.798458448031226 ], [ -104.774237452822135, 39.798452094473703 ], [ -104.772516974780132, 39.798404767276708 ], [ -104.772131113081159, 39.798309864382716 ], [ -104.771810353090217, 39.798307882437278 ], [ -104.771335661497019, 39.798301646366738 ], [ -104.77107891628313, 39.79831325511671 ], [ -104.770873458271112, 39.798328479098281 ], [ -104.770680899253918, 39.798337183381378 ], [ -104.770180512392045, 39.798334083591349 ], [ -104.769790213507974, 39.798307094875923 ], [ -104.769589726227053, 39.798394201219281 ], [ -104.765956072627972, 39.798412636024324 ], [ -104.765316012693205, 39.798422345956332 ], [ -104.765028206581192, 39.798422261486387 ], [ -104.764638710820947, 39.798423346357559 ], [ -104.764292695514541, 39.798423569421935 ], [ -104.764011518324708, 39.798434691310149 ], [ -104.763650820096416, 39.798427219058233 ], [ -104.762984477122117, 39.798439807968784 ], [ -104.762910528390648, 39.798439972942404 ], [ -104.76269539117996, 39.798340732224226 ], [ -104.753273295228041, 39.798375158310094 ], [ -104.743825426128936, 39.798341298405795 ], [ -104.734381928450603, 39.798314601561813 ], [ -104.734466535517782, 39.791058729447279 ], [ -104.734539857630025, 39.783775654293578 ], [ -104.734549380845237, 39.78160042657808 ], [ -104.734573040054542, 39.776501562442732 ], [ -104.734606256793924, 39.769223676940292 ], [ -104.744015476999124, 39.769261485591272 ], [ -104.753444367231026, 39.769289744714953 ], [ -104.762826385627562, 39.769208173412608 ], [ -104.764583066471161, 39.769192737383058 ], [ -104.76455809461558, 39.771573084705999 ], [ -104.772194344896107, 39.771505926242838 ], [ -104.772166489455827, 39.776416026109935 ], [ -104.781570556397995, 39.776442216170643 ], [ -104.781586517026, 39.772802078669677 ], [ -104.79099005168365, 39.772832663443225 ], [ -104.800413426432726, 39.772835848626002 ], [ -104.808170985052158, 39.772837671924293 ], [ -104.809907957978339, 39.772838010348053 ] ] ] ] } },
{ "type": "Feature", "properties": { "fid": 10, "OBJECTID": 10, "NBHD_ID": 23, "NBHD_NAME": "DIA", "TYPOLOGY": null, "NOTES": "DIA", "GLOBALID": "{F5C63D47-A41D-4C53-920E-4DBCB43FBE7D}", "Shape__Area": 1181058471.5, "Shape__Length": 198702.859798883, "Shape_Length": 198702.86049920955, "Shape_Area": 1181058469.9692996 }, "geometry": { "type": "MultiPolygon", "coordinates": [ [ [ [ -104.76269539117996, 39.798340732224226 ], [ -104.762910528390648, 39.798439972942404 ], [ -104.762984477122117, 39.798439807968784 ], [ -104.763650820096416, 39.798427219058233 ], [ -104.764011518324708, 39.798434691310149 ], [ -104.764292695514541, 39.798423569421935 ], [ -104.764638710820947, 39.798423346357559 ], [ -104.765028206581192, 39.798422261486387 ], [ -104.765316012693205, 39.798422345956332 ], [ -104.765956072627972, 39.798412636024324 ], [ -104.769589726227053, 39.798394201219281 ], [ -104.769790213507974, 39.798307094875923 ], [ -104.770180512392045, 39.798334083591349 ], [ -104.770680899253918, 39.798337183381378 ], [ -104.770873458271112, 39.798328479098281 ], [ -104.77107891628313, 39.79831325511671 ], [ -104.771335661497019, 39.798301646366738 ], [ -104.771810353090217, 39.798307882437278 ], [ -104.772131113081159, 39.798309864382716 ], [ -104.772516974780132, 39.798404767276708 ], [ -104.774237452822135, 39.798452094473703 ], [ -104.775143921841845, 39.798458448031226 ], [ -104.776266591331421, 39.798457634584437 ], [ -104.777725744523579, 39.798419866456143 ], [ -104.778346558630858, 39.798385499935733 ], [ -104.779271454122991, 39.798351028868616 ], [ -104.779895689638536, 39.798364108055125 ], [ -104.780518091484709, 39.798360194185221 ], [ -104.782749561089915, 39.79837810608106 ], [ -104.783379941627913, 39.798385686711121 ], [ -104.784150761614228, 39.798412816499528 ], [ -104.784843875517581, 39.798450697159957 ], [ -104.785474409535823, 39.79844330106706 ], [ -104.785771926305927, 39.798392887573229 ], [ -104.786280447414427, 39.798390941065932 ], [ -104.786325085796761, 39.798390769345708 ], [ -104.786386872166389, 39.79839380882698 ], [ -104.786423516184499, 39.798391640479188 ], [ -104.787311600023017, 39.798399487651743 ], [ -104.787449460072324, 39.79840143865389 ], [ -104.787937639626406, 39.798408339797597 ], [ -104.78864040728044, 39.798404904905098 ], [ -104.789010818880797, 39.798385530988675 ], [ -104.789641777601588, 39.798327592969549 ], [ -104.789953865751741, 39.798300984070572 ], [ -104.790264584690874, 39.79827292502236 ], [ -104.79058803685956, 39.79826489710107 ], [ -104.790828494129755, 39.798260807061581 ], [ -104.790830136504098, 39.798310467284082 ], [ -104.790903272541655, 39.805590949631338 ], [ -104.790976460771191, 39.812867294665061 ], [ -104.790904027167713, 39.820111860595397 ], [ -104.790675792636222, 39.827269678473492 ], [ -104.790755206302308, 39.83454668646376 ], [ -104.790834898054754, 39.841809033929664 ], [ -104.781397705337596, 39.841802535897671 ], [ -104.771960781169156, 39.841780642733077 ], [ -104.762331600799939, 39.841793732816768 ], [ -104.762293374463582, 39.845403274072922 ], [ -104.753099927851281, 39.845358694624345 ], [ -104.734200153020282, 39.845233625570735 ], [ -104.730962805679212, 39.845201882045203 ], [ -104.730820616058423, 39.856481028809895 ], [ -104.73065713776974, 39.870871970735607 ], [ -104.730492494783078, 39.885443658332129 ], [ -104.730399713509911, 39.896137075997132 ], [ -104.714763856245455, 39.896052977792692 ], [ -104.703321651238284, 39.895956159801706 ], [ -104.70319584741064, 39.90693347513389 ], [ -104.6921491346165, 39.906857849044513 ], [ -104.692063960890309, 39.914184965339111 ], [ -104.679590420970953, 39.91411160140369 ], [ -104.679674203329995, 39.907014957955326 ], [ -104.659215475434365, 39.906792960695505 ], [ -104.649792477348214, 39.90675375409927 ], [ -104.630949810556942, 39.906652239094257 ], [ -104.630950689138558, 39.899402397696306 ], [ -104.621495368891914, 39.899373919921757 ], [ -104.61212203354286, 39.899203322991653 ], [ -104.602710591404659, 39.899061012474519 ], [ -104.599590945063866, 39.899044339434859 ], [ -104.599734957301564, 39.884570388509587 ], [ -104.599820004082574, 39.881313356514816 ], [ -104.605164803570958, 39.881353344350941 ], [ -104.60527141130099, 39.873120448368489 ], [ -104.619161897448265, 39.873226387305344 ], [ -104.619809431170978, 39.822347727266788 ], [ -104.655400027725122, 39.822611904708104 ], [ -104.65551590956305, 39.813006743464705 ], [ -104.666191603215509, 39.813081802448195 ], [ -104.666071714859143, 39.822797271034879 ], [ -104.762502917322408, 39.823457216463382 ], [ -104.762552206274748, 39.820128248565887 ], [ -104.762660643605415, 39.812870183116765 ], [ -104.762676741787118, 39.805590585797866 ], [ -104.76269156912241, 39.799137767920556 ], [ -104.76269539117996, 39.798340732224226 ] ] ] ] } },
{ "type": "Feature", "properties": { "fid": 11, "OBJECTID": 11, "NBHD_ID": 65, "NBHD_NAME": "University Hills", "TYPOLOGY": null, "NOTES": "University Hills", "GLOBALID": "{472A5FDF-85CB-44CC-B370-C306B76C1E40}", "Shape__Area": 40462891.543457001, "Shape__Length": 38231.666859876001, "Shape_Length": 38231.66679462188, "Shape_Area": 40462890.879615411 }, "geometry": { "type": "MultiPolygon", "coordinates": [ [ [ [ -104.93398958191041, 39.678455411272054 ], [ -104.933986574139482, 39.678451995749597 ], [ -104.933885386906979, 39.678337053940723 ], [ -104.933790753731159, 39.678229558163807 ], [ -104.933116752958853, 39.677491775918966 ], [ -104.932528144686131, 39.676836606877892 ], [ -104.931036150102557, 39.675110823782497 ], [ -104.930769851274007, 39.674786705433121 ], [ -104.93065878636736, 39.674615651387583 ], [ -104.93045842223529, 39.67435291279692 ], [ -104.930283326355678, 39.674105721701238 ], [ -104.928585368594582, 39.671658006719888 ], [ -104.927689390871407, 39.670360307971492 ], [ -104.927352242368002, 39.669906307070995 ], [ -104.926263285068998, 39.668338835894268 ], [ -104.925881041909733, 39.667789604955495 ], [ -104.925674266539261, 39.667493964825177 ], [ -104.92530543321817, 39.666966614175031 ], [ -104.924030871138683, 39.665126727769255 ], [ -104.923720035208788, 39.66463392938239 ], [ -104.923445085515056, 39.66412603104834 ], [ -104.923036249245001, 39.66330587414766 ], [ -104.922628178051539, 39.662393837453699 ], [ -104.921950318616169, 39.660853276838374 ], [ -104.921061421096979, 39.658834683097083 ], [ -104.920133786276423, 39.656774155599521 ], [ -104.918861519008743, 39.653925325268503 ], [ -104.918596275489676, 39.653374662384046 ], [ -104.918458155073807, 39.653087912201705 ], [ -104.918595120893443, 39.653086137246696 ], [ -104.919164173196037, 39.653087386541799 ], [ -104.920084982337528, 39.653089381275194 ], [ -104.920468484487202, 39.653097724814984 ], [ -104.92174565198394, 39.653100894035511 ], [ -104.92281971997437, 39.653087094236355 ], [ -104.923966292125542, 39.653070828912746 ], [ -104.924214695398007, 39.653065481832009 ], [ -104.925030941731222, 39.65306287229054 ], [ -104.925207326354723, 39.653059399096627 ], [ -104.926098512085417, 39.653064055268402 ], [ -104.926201089681598, 39.653064864186263 ], [ -104.927205478663012, 39.653055474051172 ], [ -104.928192900637839, 39.653056101426145 ], [ -104.929355676754668, 39.65305255244369 ], [ -104.930527475961483, 39.653051028045972 ], [ -104.931712905171239, 39.653052014104055 ], [ -104.931723242030714, 39.653051982123721 ], [ -104.931722729083461, 39.653075195383046 ], [ -104.931722731421104, 39.653075194493653 ], [ -104.940689860004085, 39.653060598958241 ], [ -104.940640005688735, 39.653613051720988 ], [ -104.940571832112113, 39.654368505814794 ], [ -104.940586485742116, 39.654874053025537 ], [ -104.940576718968231, 39.658227304471801 ], [ -104.94056688983747, 39.659335519771126 ], [ -104.940631368725647, 39.659712969903666 ], [ -104.94069694421249, 39.66028727332283 ], [ -104.940696702911737, 39.66076347930543 ], [ -104.940696352941799, 39.662488949065519 ], [ -104.940695969044029, 39.663467881027742 ], [ -104.940689555718961, 39.664113360597042 ], [ -104.940689356358476, 39.66480724637556 ], [ -104.940698460075865, 39.665505285263087 ], [ -104.940689570453401, 39.667567285246413 ], [ -104.940689661580805, 39.668336182075542 ], [ -104.940705609528678, 39.671894494915229 ], [ -104.940717532060916, 39.673327179696059 ], [ -104.940712360737109, 39.674320092909142 ], [ -104.940728084863906, 39.674821834436472 ], [ -104.940741283911549, 39.676603997168165 ], [ -104.940758363787481, 39.67842159544584 ], [ -104.940693592913519, 39.680104885528522 ], [ -104.940697087371632, 39.680813860021416 ], [ -104.940696764903265, 39.681704602301103 ], [ -104.940699614648551, 39.682633776861486 ], [ -104.940697291672834, 39.682968760559419 ], [ -104.940430202735868, 39.682904940745118 ], [ -104.940251298644554, 39.682862190486745 ], [ -104.939478312466917, 39.682628650674005 ], [ -104.939074739456956, 39.682485069596822 ], [ -104.938774746923499, 39.682366037443863 ], [ -104.938247315693516, 39.682139006077328 ], [ -104.937785694977862, 39.681901596637992 ], [ -104.937175036114425, 39.681535525973395 ], [ -104.936905617346056, 39.681360841562665 ], [ -104.936669365761873, 39.681207661096039 ], [ -104.936215435508814, 39.680861744409533 ], [ -104.93593491975092, 39.680617297612763 ], [ -104.935589090351925, 39.680291501603236 ], [ -104.935236919541211, 39.679913394785189 ], [ -104.934592708903111, 39.679148317674496 ], [ -104.934233299423411, 39.678732253383544 ], [ -104.934116373690358, 39.678599435523267 ], [ -104.93398958191041, 39.678455411272054 ] ], [ [ -104.931629510100564, 39.67336873515562 ], [ -104.933895307430333, 39.673353244204947 ], [ -104.933887815556417, 39.671198456166522 ], [ -104.933041426101909, 39.671199524607644 ], [ -104.93303842045303, 39.670581807743766 ], [ -104.931723994658014, 39.670583696878779 ], [ -104.931726987576283, 39.67120141377012 ], [ -104.931620411609799, 39.671201584851545 ], [ -104.931616245459622, 39.670290109940382 ], [ -104.931604477345019, 39.667575247580807 ], [ -104.930438418970056, 39.667576809897895 ], [ -104.930438173948275, 39.668482773722211 ], [ -104.929265884109185, 39.668484294287239 ], [ -104.929264685676429, 39.66939643028892 ], [ -104.928084379596498, 39.669398929727357 ], [ -104.928091403722206, 39.668972748591621 ], [ -104.927211310430593, 39.668971551937616 ], [ -104.929661336946353, 39.672388723886719 ], [ -104.930790116562306, 39.672394194908129 ], [ -104.930786694294014, 39.672816275055041 ], [ -104.931626889302592, 39.672814849637263 ], [ -104.931629510100564, 39.67336873515562 ] ] ] ] } },
{ "type": "Feature", "properties": { "fid": 12, "OBJECTID": 12, "NBHD_ID": 34, "NBHD_NAME": "Harvey Park", "TYPOLOGY": null, "NOTES": "Harvey Park", "GLOBALID": "{0E51F69F-24B3-4694-89EE-5230BA4F056D}", "Shape__Area": 46989535.485839799, "Shape__Length": 32202.235635266501, "Shape_Length": 32202.235868385811, "Shape_Area": 46989536.460443556 }, "geometry": { "type": "MultiPolygon", "coordinates": [ [ [ [ -105.025118496377956, 39.667722404509639 ], [ -105.026055344584961, 39.667739383466646 ], [ -105.026977260367374, 39.667732825386992 ], [ -105.027960351339871, 39.667728199968032 ], [ -105.028882172171961, 39.667720097184009 ], [ -105.029878903136861, 39.667712862336742 ], [ -105.030918637999577, 39.667707156113359 ], [ -105.031895353199019, 39.667699548680616 ], [ -105.033837405394365, 39.667684204002271 ], [ -105.034971924783193, 39.667687878079775 ], [ -105.035932042734402, 39.667692311946482 ], [ -105.036855886532209, 39.667698636935214 ], [ -105.037777232579487, 39.667705363665135 ], [ -105.038696074375721, 39.667708339955738 ], [ -105.039695645212902, 39.667717777878508 ], [ -105.040692615929402, 39.667719588953155 ], [ -105.041761426219864, 39.667725477091253 ], [ -105.042857069537661, 39.667734285353134 ], [ -105.043848636238565, 39.6677389623975 ], [ -105.044841782213112, 39.667743277814303 ], [ -105.045542586382638, 39.667747362871786 ], [ -105.045836470224316, 39.667748841865404 ], [ -105.046569063658936, 39.66775304181936 ], [ -105.046833604619678, 39.667754405128839 ], [ -105.047821333706096, 39.667755663458657 ], [ -105.048818218812258, 39.667760324443243 ], [ -105.049815921046985, 39.667771699298875 ], [ -105.050804892314673, 39.667777197609439 ], [ -105.051791766587627, 39.667784045058958 ], [ -105.053243484407588, 39.66779095222244 ], [ -105.053243516505944, 39.675043070276246 ], [ -105.062618276279011, 39.675014494064854 ], [ -105.062632429909485, 39.679300331281915 ], [ -105.062163840117179, 39.678874149350506 ], [ -105.061418733511474, 39.678238850822147 ], [ -105.061015533679821, 39.678022777558219 ], [ -105.060343107318914, 39.67793624730254 ], [ -105.059340670634683, 39.678313109027584 ], [ -105.057802145407805, 39.678684456875125 ], [ -105.057804452748897, 39.679095339935913 ], [ -105.057802152353489, 39.682275500396806 ], [ -105.053245287943909, 39.682301011339618 ], [ -105.053230764120499, 39.682298708924982 ], [ -105.052120976445138, 39.68229013803564 ], [ -105.051075660299688, 39.682284396849326 ], [ -105.050035274426804, 39.682277674476389 ], [ -105.048985741995239, 39.68227214986473 ], [ -105.048006264619943, 39.682264008411281 ], [ -105.047077759066639, 39.682261534976064 ], [ -105.046155211897002, 39.682254833146573 ], [ -105.045234218401703, 39.682248900179083 ], [ -105.044274027638053, 39.682244570724983 ], [ -105.043262431427678, 39.682239134853667 ], [ -105.042270707446718, 39.682236820091816 ], [ -105.041269526270497, 39.682232895563494 ], [ -105.040279176066022, 39.682227470980628 ], [ -105.039212407838932, 39.682224210085735 ], [ -105.038286116151426, 39.682220875178942 ], [ -105.03718644960199, 39.68221837009856 ], [ -105.036265869080182, 39.682214447298961 ], [ -105.035343136683039, 39.682211239248474 ], [ -105.034383477143678, 39.682218120400044 ], [ -105.03323603521649, 39.682225013062599 ], [ -105.03209672184903, 39.682230430826294 ], [ -105.030963610175448, 39.682238568873622 ], [ -105.029798939221536, 39.682246217622314 ], [ -105.02833139537212, 39.682256732035853 ], [ -105.027381290916509, 39.682262335202516 ], [ -105.026223656719608, 39.682268354675791 ], [ -105.025048001412046, 39.682277192888925 ], [ -105.025040290428805, 39.680515847438905 ], [ -105.02506771985199, 39.678643593552664 ], [ -105.025054032324505, 39.676772908882107 ], [ -105.025076461359802, 39.675138843807716 ], [ -105.025082805551961, 39.673346680303624 ], [ -105.02508698432662, 39.672518943885045 ], [ -105.025071785703517, 39.671793291352081 ], [ -105.025070064227634, 39.671202695816 ], [ -105.025086835385508, 39.670160227645653 ], [ -105.025083158022412, 39.668548998627919 ], [ -105.025118496377956, 39.667722404509639 ] ] ] ] } },
{ "type": "Feature", "properties": { "fid": 13, "OBJECTID": 13, "NBHD_ID": 43, "NBHD_NAME": "Mar Lee", "TYPOLOGY": null, "NOTES": "Mar Lee", "GLOBALID": "{530D3757-8499-4189-BD47-E66C1C0349A7}", "Shape__Area": 42024929.502441399, "Shape__Length": 26475.105990285101, "Shape_Length": 26475.105399683467, "Shape_Area": 42024929.657488935 }, "geometry": { "type": "MultiPolygon", "coordinates": [ [ [ [ -105.025069120457985, 39.696753721904201 ], [ -105.025077087228993, 39.694925243824464 ], [ -105.02507369324681, 39.693115902472826 ], [ -105.02507204862701, 39.691303912695147 ], [ -105.025069383509901, 39.690811696204669 ], [ -105.025067624061293, 39.689492892284335 ], [ -105.025061270048781, 39.687686740169106 ], [ -105.025064271160531, 39.685892526439517 ], [ -105.025054047337036, 39.684978784190577 ], [ -105.02505238581351, 39.684085397662862 ], [ -105.025048001412046, 39.682277192888925 ], [ -105.026223656719608, 39.682268354675791 ], [ -105.027381290916509, 39.682262335202516 ], [ -105.02833139537212, 39.682256732035853 ], [ -105.029798939221536, 39.682246217622314 ], [ -105.030963610175448, 39.682238568873622 ], [ -105.03209672184903, 39.682230430826294 ], [ -105.03323603521649, 39.682225013062599 ], [ -105.034383477143678, 39.682218120400044 ], [ -105.035343136683039, 39.682211239248474 ], [ -105.036265869080182, 39.682214447298961 ], [ -105.03718644960199, 39.68221837009856 ], [ -105.038286116151426, 39.682220875178942 ], [ -105.039212407838932, 39.682224210085735 ], [ -105.040279176066022, 39.682227470980628 ], [ -105.041269526270497, 39.682232895563494 ], [ -105.042270707446718, 39.682236820091816 ], [ -105.043262431427678, 39.682239134853667 ], [ -105.044274027638053, 39.682244570724983 ], [ -105.045234218401703, 39.682248900179083 ], [ -105.046155211897002, 39.682254833146573 ], [ -105.047077759066639, 39.682261534976064 ], [ -105.048006264619943, 39.682264008411281 ], [ -105.048985741995239, 39.68227214986473 ], [ -105.050035274426804, 39.682277674476389 ], [ -105.051075660299688, 39.682284396849326 ], [ -105.052120976445138, 39.68229013803564 ], [ -105.053230764120499, 39.682298708924982 ], [ -105.053245287943909, 39.682301011339618 ], [ -105.053244412251587, 39.689556177713669 ], [ -105.053240859940701, 39.696776809160291 ], [ -105.053234840344729, 39.696776793496944 ], [ -105.051884529304274, 39.696763259586561 ], [ -105.050722444916019, 39.696763973067327 ], [ -105.049570086835914, 39.696771918719399 ], [ -105.048408004489474, 39.696772266176033 ], [ -105.047214001122825, 39.696762870713975 ], [ -105.046058184443396, 39.696756012672886 ], [ -105.044896151301486, 39.696748776051507 ], [ -105.043739340495094, 39.696744413296365 ], [ -105.043648664711171, 39.696780311432555 ], [ -105.042574437849112, 39.696782320196249 ], [ -105.04139797299203, 39.696774475877426 ], [ -105.040231712665502, 39.696768036836723 ], [ -105.039059873542456, 39.696765851637004 ], [ -105.037884461585236, 39.696766386017252 ], [ -105.036716177393544, 39.696764191432464 ], [ -105.036377920701085, 39.696862375388051 ], [ -105.03553798678675, 39.697184722782353 ], [ -105.035399626806097, 39.697221955598508 ], [ -105.035300576048002, 39.697231760022277 ], [ -105.03517513026685, 39.697241460035748 ], [ -105.035082744868873, 39.697241094833743 ], [ -105.034957432998894, 39.697230403568305 ], [ -105.034792595684209, 39.697209360929939 ], [ -105.03466082125496, 39.69717825220566 ], [ -105.034444847784897, 39.697103531970392 ], [ -105.034007632444258, 39.696984781986828 ], [ -105.033556941799446, 39.696888624723357 ], [ -105.033164674448244, 39.696824955814087 ], [ -105.032785634644668, 39.696776094121361 ], [ -105.032084171747826, 39.696738183690904 ], [ -105.031823693001783, 39.696740011159761 ], [ -105.031021436606963, 39.696739216645369 ], [ -105.029749994563304, 39.696751640556172 ], [ -105.028493753108108, 39.696749355690443 ], [ -105.027451626796122, 39.696747231662748 ], [ -105.026405020252909, 39.696750570954578 ], [ -105.025069120457985, 39.696753721904201 ] ] ] ] } },
{ "type": "Feature", "properties": { "fid": 14, "OBJECTID": 14, "NBHD_ID": 76, "NBHD_NAME": "Westwood", "TYPOLOGY": "NEST", "NOTES": "Westwood", "GLOBALID": "{6611387A-1D77-4D46-BA40-67EB1EC9474F}", "Shape__Area": 41725283.001464799, "Shape__Length": 26483.3359069826, "Shape_Length": 26483.3355433822, "Shape_Area": 41725282.122064114 }, "geometry": { "type": "MultiPolygon", "coordinates": [ [ [ [ -105.039707562305608, 39.711257370807893 ], [ -105.038495563034289, 39.711244384908007 ], [ -105.037290583646666, 39.711245141448629 ], [ -105.036727237633045, 39.711238806061317 ], [ -105.03609280378241, 39.711232187624795 ], [ -105.035505413555185, 39.711233644240757 ], [ -105.034893142525704, 39.71123499954183 ], [ -105.034297773078336, 39.711233673291943 ], [ -105.033687296302503, 39.711232284136727 ], [ -105.032465541160434, 39.711216796197427 ], [ -105.031845362125409, 39.711204720941403 ], [ -105.031234956760755, 39.711193024526743 ], [ -105.030621862811969, 39.711184402659171 ], [ -105.029950127296132, 39.711174856942449 ], [ -105.029398359604187, 39.711164757952936 ], [ -105.02877728835027, 39.711153349267519 ], [ -105.028169486266179, 39.711150912705023 ], [ -105.027544802033447, 39.711148405192262 ], [ -105.026940467656104, 39.711158673148887 ], [ -105.02633080500668, 39.711168917444937 ], [ -105.025102641962405, 39.711181121419934 ], [ -105.025101258162664, 39.709416237537283 ], [ -105.025099204413621, 39.708538078740069 ], [ -105.025088251246331, 39.707661942699247 ], [ -105.025091878435518, 39.707519888668294 ], [ -105.025099827767022, 39.706739227435882 ], [ -105.025112191267752, 39.705700183372336 ], [ -105.025109477942308, 39.704919478579932 ], [ -105.025093795668454, 39.703954443482807 ], [ -105.025094135941487, 39.703116442546239 ], [ -105.025093115910764, 39.702085578981603 ], [ -105.025088389112682, 39.701339867556939 ], [ -105.025090182220481, 39.700418483358817 ], [ -105.025090181762678, 39.699236974774344 ], [ -105.025091838150644, 39.69859835496537 ], [ -105.025090678887068, 39.697588078919601 ], [ -105.025069120457985, 39.696753721904201 ], [ -105.026405020252909, 39.696750570954578 ], [ -105.027451626796122, 39.696747231662748 ], [ -105.028493753108108, 39.696749355690443 ], [ -105.029749994563304, 39.696751640556172 ], [ -105.031021436606963, 39.696739216645369 ], [ -105.031823693001783, 39.696740011159761 ], [ -105.032084171747826, 39.696738183690904 ], [ -105.032785634644668, 39.696776094121361 ], [ -105.033164674448244, 39.696824955814087 ], [ -105.033556941799446, 39.696888624723357 ], [ -105.034007632444258, 39.696984781986828 ], [ -105.034444847784897, 39.697103531970392 ], [ -105.03466082125496, 39.69717825220566 ], [ -105.034792595684209, 39.697209360929939 ], [ -105.034957432998894, 39.697230403568305 ], [ -105.035082744868873, 39.697241094833743 ], [ -105.03517513026685, 39.697241460035748 ], [ -105.035300576048002, 39.697231760022277 ], [ -105.035399626806097, 39.697221955598508 ], [ -105.03553798678675, 39.697184722782353 ], [ -105.036377920701085, 39.696862375388051 ], [ -105.036716177393544, 39.696764191432464 ], [ -105.037884461585236, 39.696766386017252 ], [ -105.039059873542456, 39.696765851637004 ], [ -105.040231712665502, 39.696768036836723 ], [ -105.04139797299203, 39.696774475877426 ], [ -105.042574437849112, 39.696782320196249 ], [ -105.043648664711171, 39.696780311432555 ], [ -105.043739340495094, 39.696744413296365 ], [ -105.044896151301486, 39.696748776051507 ], [ -105.046058184443396, 39.696756012672886 ], [ -105.047214001122825, 39.696762870713975 ], [ -105.048408004489474, 39.696772266176033 ], [ -105.049570086835914, 39.696771918719399 ], [ -105.050722444916019, 39.696763973067327 ], [ -105.051884529304274, 39.696763259586561 ], [ -105.053234840344729, 39.696776793496944 ], [ -105.053240859940701, 39.696776809160291 ], [ -105.053240840542514, 39.696816119580646 ], [ -105.053259406552229, 39.704087794340936 ], [ -105.053274461756914, 39.71135081196207 ], [ -105.053260261183965, 39.711350460803011 ], [ -105.052062441538666, 39.711343160028342 ], [ -105.051055636287046, 39.711342066836629 ], [ -105.050881487994758, 39.711338656736473 ], [ -105.050041666639373, 39.71134979223212 ], [ -105.048510834463542, 39.711307961918934 ], [ -105.047050914295866, 39.711294113191691 ], [ -105.046097443616972, 39.711290437647541 ], [ -105.045020470938667, 39.71128421775704 ], [ -105.043269058693966, 39.711273998441364 ], [ -105.04208542316843, 39.711272141697869 ], [ -105.040887641959358, 39.711259236700528 ], [ -105.039707562305608, 39.711257370807893 ] ] ] ] } },
{ "type": "Feature", "properties": { "fid": 15, "OBJECTID": 15, "NBHD_ID": 4, "NBHD_NAME": "Barnum", "TYPOLOGY": null, "NOTES": "Barnum", "GLOBALID": "{9B33F28D-D71B-49AE-A34D-8012A1C3B0E3}", "Shape__Area": 21507882.6166992, "Shape__Length": 18715.2199319065, "Shape_Length": 18715.219818738802, "Shape_Area": 21507882.506888155 }, "geometry": { "type": "MultiPolygon", "coordinates": [ [ [ [ -105.025146129898076, 39.725549049704689 ], [ -105.025146282416841, 39.725491367211255 ], [ -105.025147469180339, 39.725040524295778 ], [ -105.025143703909265, 39.724546359342057 ], [ -105.025137454846515, 39.723500039554395 ], [ -105.025126113761445, 39.722943388777573 ], [ -105.025125468916272, 39.722907354462812 ], [ -105.02512313108069, 39.722071064219087 ], [ -105.025118235371238, 39.721350064942456 ], [ -105.025114090000883, 39.721174693772085 ], [ -105.025112170472383, 39.720276635984192 ], [ -105.025118341755885, 39.719758832278202 ], [ -105.025105888783543, 39.719366549708703 ], [ -105.025119174700947, 39.718454140009044 ], [ -105.02512378026087, 39.718167619323566 ], [ -105.025115559120337, 39.717544063897819 ], [ -105.025087854385205, 39.716647959792972 ], [ -105.025104734131716, 39.715729729989967 ], [ -105.025104443713829, 39.714985070503204 ], [ -105.025097481827984, 39.714831650708106 ], [ -105.025092099195589, 39.713395498817626 ], [ -105.025092085868636, 39.71300326466519 ], [ -105.025102641962405, 39.711181121419934 ], [ -105.02633080500668, 39.711168917444937 ], [ -105.026940467656104, 39.711158673148887 ], [ -105.027544802033447, 39.711148405192262 ], [ -105.028169486266179, 39.711150912705023 ], [ -105.02877728835027, 39.711153349267519 ], [ -105.029398359604187, 39.711164757952936 ], [ -105.029950127296132, 39.711174856942449 ], [ -105.030621862811969, 39.711184402659171 ], [ -105.031234956760755, 39.711193024526743 ], [ -105.031845362125409, 39.711204720941403 ], [ -105.032465541160434, 39.711216796197427 ], [ -105.033687296302503, 39.711232284136727 ], [ -105.034297773078336, 39.711233673291943 ], [ -105.034893142525704, 39.71123499954183 ], [ -105.035505413555185, 39.711233644240757 ], [ -105.03609280378241, 39.711232187624795 ], [ -105.036727237633045, 39.711238806061317 ], [ -105.037290583646666, 39.711245141448629 ], [ -105.038495563034289, 39.711244384908007 ], [ -105.039707562305608, 39.711257370807893 ], [ -105.039704078550315, 39.711788226139618 ], [ -105.039696298574171, 39.713380462424695 ], [ -105.039710747928154, 39.714970724926296 ], [ -105.039691345286357, 39.716573551859533 ], [ -105.039712079034544, 39.718154228656054 ], [ -105.039711435209213, 39.719742371304704 ], [ -105.039725852445557, 39.72133777741022 ], [ -105.039727652252083, 39.722959900518852 ], [ -105.039460154888587, 39.722956451532163 ], [ -105.039465679389593, 39.72455182102064 ], [ -105.039465651532112, 39.725503745624408 ], [ -105.039464701523329, 39.725648451236211 ], [ -105.039464266403144, 39.725714728668102 ], [ -105.039134567559387, 39.725713980698394 ], [ -105.039127788478197, 39.725713964950408 ], [ -105.037026616315018, 39.725705715069587 ], [ -105.034725629950742, 39.725683214786237 ], [ -105.033821647084679, 39.725689704017988 ], [ -105.033374123717081, 39.725674506138759 ], [ -105.032942277842622, 39.725653415309012 ], [ -105.032850617244335, 39.725648938883168 ], [ -105.032715599071409, 39.725641449440531 ], [ -105.032242573963018, 39.725615209917407 ], [ -105.032133814928628, 39.725609177027707 ], [ -105.031708089292394, 39.725583991701527 ], [ -105.030923726820134, 39.725574155997201 ], [ -105.028945639597239, 39.725572677008572 ], [ -105.028857282153197, 39.725572610513218 ], [ -105.026843075734746, 39.725557815113682 ], [ -105.025395372468154, 39.725550338258692 ], [ -105.025146129898076, 39.725549049704689 ] ] ] ] } },
{ "type": "Feature", "properties": { "fid": 16, "OBJECTID": 16, "NBHD_ID": 5, "NBHD_NAME": "Barnum West", "TYPOLOGY": null, "NOTES": "Barnum West", "GLOBALID": "{D6A17302-07A2-48AB-BBD9-7A95E5549E65}", "Shape__Area": 20179221.649902299, "Shape__Length": 18309.074064683598, "Shape_Length": 18309.073666974753, "Shape_Area": 20179221.396023646 }, "geometry": { "type": "MultiPolygon", "coordinates": [ [ [ [ -105.039464266403144, 39.725714728668102 ], [ -105.039464701523329, 39.725648451236211 ], [ -105.039465651532112, 39.725503745624408 ], [ -105.039465679389593, 39.72455182102064 ], [ -105.039460154888587, 39.722956451532163 ], [ -105.039727652252083, 39.722959900518852 ], [ -105.039725852445557, 39.72133777741022 ], [ -105.039711435209213, 39.719742371304704 ], [ -105.039712079034544, 39.718154228656054 ], [ -105.039691345286357, 39.716573551859533 ], [ -105.039710747928154, 39.714970724926296 ], [ -105.039696298574171, 39.713380462424695 ], [ -105.039704078550315, 39.711788226139618 ], [ -105.039707562305608, 39.711257370807893 ], [ -105.040887641959358, 39.711259236700528 ], [ -105.04208542316843, 39.711272141697869 ], [ -105.043269058693966, 39.711273998441364 ], [ -105.045020470938667, 39.71128421775704 ], [ -105.046097443616972, 39.711290437647541 ], [ -105.047050914295866, 39.711294113191691 ], [ -105.048510834463542, 39.711307961918934 ], [ -105.050041666639373, 39.71134979223212 ], [ -105.050881487994758, 39.711338656736473 ], [ -105.051055636287046, 39.711342066836629 ], [ -105.052062441538666, 39.711343160028342 ], [ -105.053260261183965, 39.711350460803011 ], [ -105.053274461756914, 39.71135081196207 ], [ -105.053274465700213, 39.711352573712119 ], [ -105.053290473470057, 39.718608415600016 ], [ -105.053264054781792, 39.725807327463819 ], [ -105.051430282819197, 39.725815207503885 ], [ -105.048907868734346, 39.72582138517469 ], [ -105.048755357864778, 39.725821756830321 ], [ -105.048164464431252, 39.725799354284945 ], [ -105.047751832284533, 39.725764211350402 ], [ -105.047421664015104, 39.725746162958771 ], [ -105.047154442407432, 39.725738422828691 ], [ -105.043204150384497, 39.72572315208329 ], [ -105.039805111315928, 39.725715501300172 ], [ -105.039464266403144, 39.725714728668102 ] ] ] ] } },
{ "type": "Feature", "properties": { "fid": 17, "OBJECTID": 17, "NBHD_ID": 68, "NBHD_NAME": "Villa Park", "TYPOLOGY": "NEST", "NOTES": "Villa Park", "GLOBALID": "{BA994F17-E778-4528-8C3C-A9CAF7535AF4}", "Shape__Area": 27500990.970703099, "Shape__Length": 26016.801267966701, "Shape_Length": 26016.801288813938, "Shape_Area": 27500990.789424624 }, "geometry": { "type": "MultiPolygon", "coordinates": [ [ [ [ -105.037479213628885, 39.734171069634954 ], [ -105.037457683784609, 39.734189459664748 ], [ -105.037427344937228, 39.734206841428872 ], [ -105.037397050958916, 39.734217417854566 ], [ -105.037356670051693, 39.734229899170764 ], [ -105.037312478689969, 39.734247227337505 ], [ -105.037275881371201, 39.734258750774309 ], [ -105.037238025355308, 39.734270270149956 ], [ -105.03719514511269, 39.734279824291697 ], [ -105.037156054889167, 39.734287449668031 ], [ -105.037113187457635, 39.734295059271147 ], [ -105.037081665634517, 39.734300768936954 ], [ -105.037047657363487, 39.734301607863571 ], [ -105.037018956609387, 39.734299842194424 ], [ -105.03697613933511, 39.734299673708193 ], [ -105.036934557398396, 39.734303399186508 ], [ -105.036887860204288, 39.734318771872275 ], [ -105.036823519286386, 39.734336020546415 ], [ -105.036762924602641, 39.734358145782714 ], [ -105.036714949384745, 39.734376430657321 ], [ -105.036660618261891, 39.734403441450468 ], [ -105.036616408518526, 39.734423685671857 ], [ -105.036570873489296, 39.734453648353245 ], [ -105.036541755605313, 39.734476869275611 ], [ -105.03651510367115, 39.734507878140803 ], [ -105.036499774012512, 39.734540877060958 ], [ -105.036488272966253, 39.734566111923961 ], [ -105.036469190601395, 39.734595206037625 ], [ -105.03644509684824, 39.734620391286633 ], [ -105.036403304637204, 39.734642836295585 ], [ -105.036375596359747, 39.734656093149411 ], [ -105.036328937372019, 39.734665632086219 ], [ -105.036279721258552, 39.734680995504469 ], [ -105.036229245270206, 39.734696353936286 ], [ -105.036185091917702, 39.734707847251087 ], [ -105.036125814439174, 39.734721226384742 ], [ -105.036067776335699, 39.734737526763446 ], [ -105.036017106557921, 39.734762944888587 ], [ -105.035963456061609, 39.734793141030295 ], [ -105.035884200820107, 39.734866675745259 ], [ -105.035853099251739, 39.734890444387723 ], [ -105.035822039613763, 39.734907697698944 ], [ -105.035776943802887, 39.734920551666264 ], [ -105.03572625053161, 39.73492903957105 ], [ -105.03566404603292, 39.734976578559611 ], [ -105.035579351022719, 39.735021855416036 ], [ -105.035517261413318, 39.73505201804339 ], [ -105.035446775006861, 39.73507563199842 ], [ -105.035390311503662, 39.735105816771068 ], [ -105.035299903606884, 39.735164102743759 ], [ -105.035203854943887, 39.735224538793986 ], [ -105.035110662995564, 39.735278470564388 ], [ -105.035003417984015, 39.735330174295484 ], [ -105.034884921515228, 39.735381833453125 ], [ -105.034805966985232, 39.735409757508187 ], [ -105.034707364373162, 39.73543108742728 ], [ -105.034620070655436, 39.735443774075748 ], [ -105.034549642378522, 39.735458698904978 ], [ -105.034431461362914, 39.735462575310343 ], [ -105.034335858554499, 39.735455681507794 ], [ -105.034243026202091, 39.73545531408152 ], [ -105.034172813036776, 39.735437660297841 ], [ -105.034066102102429, 39.735409001604836 ], [ -105.033976284380401, 39.735378238194109 ], [ -105.033875300882016, 39.735334398605225 ], [ -105.033755458060611, 39.735290482398426 ], [ -105.033729548845542, 39.735285518783421 ], [ -105.033677973610907, 39.735276563428421 ], [ -105.033623262952645, 39.735269842809075 ], [ -105.03353292626791, 39.735264895770577 ], [ -105.033408575323321, 39.73526091080867 ], [ -105.033251145971406, 39.735262230983587 ], [ -105.033206978833476, 39.735275667686075 ], [ -105.03316161769385, 39.735279376840005 ], [ -105.03310492774537, 39.735282069194874 ], [ -105.033070995062019, 39.735283390036003 ], [ -105.033056729439537, 39.735283333424569 ], [ -105.033002974909905, 39.735273886362727 ], [ -105.032952698484706, 39.735259102167362 ], [ -105.032903835583653, 39.73523999581456 ], [ -105.032850945290676, 39.73521552253699 ], [ -105.032580399354245, 39.735073331119189 ], [ -105.03246580550055, 39.734999763476068 ], [ -105.032447384422468, 39.73499256233 ], [ -105.032412342539857, 39.734985296933473 ], [ -105.032377262666742, 39.73498373085247 ], [ -105.032344037748175, 39.734980748165 ], [ -105.032299740445794, 39.734978366341061 ], [ -105.032295670264347, 39.73497889597202 ], [ -105.032020861165179, 39.734976612611234 ], [ -105.031935839315778, 39.734986253014554 ], [ -105.0318729614322, 39.734998831197359 ], [ -105.031839641388103, 39.735010102085838 ], [ -105.031800782723494, 39.735022034539071 ], [ -105.031726614331006, 39.735044809302416 ], [ -105.031647171519069, 39.735069204056138 ], [ -105.031573021020151, 39.735110245401494 ], [ -105.031534103870129, 39.735130045838289 ], [ -105.031498823990233, 39.735158414463449 ], [ -105.031470998432638, 39.735176833272021 ], [ -105.031450624863936, 39.735185304962272 ], [ -105.031435812565363, 39.735190947255525 ], [ -105.031425504982408, 39.735197548692462 ], [ -105.031282104265387, 39.735289386881377 ], [ -105.031269363269914, 39.735297546687541 ], [ -105.031187741193065, 39.735351386350054 ], [ -105.031186702317072, 39.735352003677157 ], [ -105.031154363701219, 39.735371209632802 ], [ -105.031106230997992, 39.735388122567578 ], [ -105.031056308811287, 39.735396476433984 ], [ -105.031008291603698, 39.735396285054627 ], [ -105.030979157919901, 39.735395365525861 ], [ -105.030956588319242, 39.735394654092872 ], [ -105.030929755636819, 39.735399413478596 ], [ -105.030925155049488, 39.735400229163979 ], [ -105.030875261428704, 39.735404307559428 ], [ -105.030790240081956, 39.735413945336816 ], [ -105.030444467882731, 39.735473858785575 ], [ -105.03044051632962, 39.735474261830582 ], [ -105.03035090894879, 39.735483389220406 ], [ -105.030293464955619, 39.735489240385412 ], [ -105.02994780775019, 39.735532049001385 ], [ -105.029824010395799, 39.735540107202134 ], [ -105.029750155759515, 39.735536959622721 ], [ -105.029685592832223, 39.735525298120585 ], [ -105.029607542245628, 39.7355089009504 ], [ -105.029602598264873, 39.735507862521139 ], [ -105.029547213549165, 39.735504790452843 ], [ -105.02951395982501, 39.73550608236043 ], [ -105.029345714118421, 39.735532492826351 ], [ -105.029282045288895, 39.735542842693462 ], [ -105.029071854391916, 39.735577011806924 ], [ -105.029046189697112, 39.735581183694137 ], [ -105.029028363916538, 39.735585426582304 ], [ -105.028833855220924, 39.735631727997628 ], [ -105.028782047633257, 39.735645776429863 ], [ -105.02874317844983, 39.735658449088163 ], [ -105.028621008220199, 39.735699296241073 ], [ -105.028326533650997, 39.735820702657648 ], [ -105.028282169950984, 39.735826225189712 ], [ -105.028228552654653, 39.735834563043888 ], [ -105.028187902569215, 39.735837250691574 ], [ -105.028099928059234, 39.735839726021553 ], [ -105.02809923381092, 39.735839745754134 ], [ -105.028099118177082, 39.735839766906622 ], [ -105.027990044639992, 39.735859265871213 ], [ -105.027919868503048, 39.735871811765875 ], [ -105.027849591752499, 39.735885782984873 ], [ -105.02779233020965, 39.735886978969539 ], [ -105.027746213371415, 39.735892280803895 ], [ -105.027561831167546, 39.735913479295945 ], [ -105.02746385948987, 39.735925914214342 ], [ -105.027401038744785, 39.735929939222892 ], [ -105.02734931594135, 39.73593115723822 ], [ -105.027292083173734, 39.735928076686385 ], [ -105.027240380762407, 39.735926442295401 ], [ -105.027196064946324, 39.735924838463482 ], [ -105.027140660788731, 39.735924615824693 ], [ -105.027099980604291, 39.735931580285481 ], [ -105.027027895249418, 39.735942290504305 ], [ -105.026922498554839, 39.735957949268013 ], [ -105.026648625245244, 39.736036671128907 ], [ -105.026397552832449, 39.736121696089185 ], [ -105.026340155145547, 39.736142846193303 ], [ -105.026264317415226, 39.73615964562034 ], [ -105.026208584442273, 39.736165934006394 ], [ -105.026203322631261, 39.736166527079995 ], [ -105.026146022308041, 39.736173424286868 ], [ -105.026096108611071, 39.736180349414724 ], [ -105.026046204532463, 39.736185849691033 ], [ -105.026003572641145, 39.736208484876144 ], [ -105.0259831595761, 39.73622265763975 ], [ -105.025959015827624, 39.736242515747108 ], [ -105.025670609043033, 39.73638751245177 ], [ -105.025599651390465, 39.736423186769876 ], [ -105.025562427220862, 39.736441900438386 ], [ -105.025443278446517, 39.736512099590755 ], [ -105.025333165728739, 39.736576975152332 ], [ -105.025302314125952, 39.73658195572267 ], [ -105.025185490957512, 39.736600814670879 ], [ -105.025185700817232, 39.736588253793457 ], [ -105.025200695666754, 39.73569204813969 ], [ -105.025174084141156, 39.73476472615868 ], [ -105.025166689605257, 39.733887241088865 ], [ -105.025172724787581, 39.732995739559172 ], [ -105.025166203132557, 39.731201680439121 ], [ -105.02516781944631, 39.730306384561338 ], [ -105.025164983675921, 39.729429813534495 ], [ -105.025164657911461, 39.729329055162452 ], [ -105.025162780723093, 39.729223991588597 ], [ -105.025147897092921, 39.728391133753696 ], [ -105.02514492552433, 39.727517095174804 ], [ -105.025156443823121, 39.72594684481691 ], [ -105.025145775514801, 39.725684627533859 ], [ -105.025146129898076, 39.725549049704689 ], [ -105.025395372468154, 39.725550338258692 ], [ -105.026843075734746, 39.725557815113682 ], [ -105.028857282153197, 39.725572610513218 ], [ -105.028945639597239, 39.725572677008572 ], [ -105.030923726820134, 39.725574155997201 ], [ -105.031708089292394, 39.725583991701527 ], [ -105.032133814928628, 39.725609177027707 ], [ -105.032242573963018, 39.725615209917407 ], [ -105.032715599071409, 39.725641449440531 ], [ -105.032850617244335, 39.725648938883168 ], [ -105.032942277842622, 39.725653415309012 ], [ -105.033374123717081, 39.725674506138759 ], [ -105.033821647084679, 39.725689704017988 ], [ -105.034725629950742, 39.725683214786237 ], [ -105.037026616315018, 39.725705715069587 ], [ -105.039127788478197, 39.725713964950408 ], [ -105.039134567559387, 39.725713980698394 ], [ -105.039464266403144, 39.725714728668102 ], [ -105.039805111315928, 39.725715501300172 ], [ -105.043204150384497, 39.72572315208329 ], [ -105.047154442407432, 39.725738422828691 ], [ -105.047421664015104, 39.725746162958771 ], [ -105.047751832284533, 39.725764211350402 ], [ -105.048164464431252, 39.725799354284945 ], [ -105.048755357864778, 39.725821756830321 ], [ -105.048907868734346, 39.72582138517469 ], [ -105.051430282819197, 39.725815207503885 ], [ -105.053264054781792, 39.725807327463819 ], [ -105.053263873114034, 39.725856184043721 ], [ -105.053252316975644, 39.733113598951419 ], [ -105.054429245209775, 39.73310982689533 ], [ -105.054432059245173, 39.733646536460263 ], [ -105.054684513222654, 39.733645776412644 ], [ -105.054684890131639, 39.733726419793022 ], [ -105.055022681719279, 39.733725295651745 ], [ -105.05501948921949, 39.733107598675929 ], [ -105.05560617550266, 39.733105698116468 ], [ -105.055596465072156, 39.734918907650226 ], [ -105.05324254787962, 39.734926465136226 ], [ -105.053243048996123, 39.734882772599072 ], [ -105.052953691539287, 39.734908883869942 ], [ -105.052900570237426, 39.734920150324221 ], [ -105.0528701264505, 39.734923256353646 ], [ -105.052842383335417, 39.734916285980638 ], [ -105.052821331198274, 39.734905907657527 ], [ -105.052786892821345, 39.734903202641085 ], [ -105.052733498718382, 39.734909864633799 ], [ -105.052676791370644, 39.734913081534351 ], [ -105.052634605046123, 39.734905197859206 ], [ -105.052608954008775, 39.734918831118108 ], [ -105.052574355722868, 39.734941011078675 ], [ -105.052553155805754, 39.734953802907803 ], [ -105.052534201196806, 39.734963170799851 ], [ -105.052524110549854, 39.734976863214008 ], [ -105.052508484422319, 39.73498710120257 ], [ -105.052484004103093, 39.734991298913044 ], [ -105.052458446092587, 39.734990343361133 ], [ -105.052396198879052, 39.734990964926418 ], [ -105.052342875871105, 39.73498647125345 ], [ -105.05229955592155, 39.734982015617497 ], [ -105.052262872197872, 39.73498273437643 ], [ -105.052240659108236, 39.734980075719626 ], [ -105.052204041131802, 39.7349704963937 ], [ -105.052179648465511, 39.734960963585642 ], [ -105.052169689247776, 39.734954060736968 ], [ -105.052148626237738, 39.734945398938351 ], [ -105.052116481359008, 39.734931545795021 ], [ -105.052086488664372, 39.734928857495866 ], [ -105.052034226939497, 39.734932091010059 ], [ -105.051975297290937, 39.734935299112024 ], [ -105.051893005652531, 39.734941851588339 ], [ -105.051837415433496, 39.734944213995824 ], [ -105.051789671807882, 39.734936308850493 ], [ -105.051738517453416, 39.734940404794898 ], [ -105.051698547988238, 39.734933386671955 ], [ -105.051664054787963, 39.734939262748703 ], [ -105.051640647742062, 39.734949471875183 ], [ -105.051622748702385, 39.734967424373188 ], [ -105.051594819165246, 39.734989630359543 ], [ -105.051560309471142, 39.734998080471918 ], [ -105.051506849330181, 39.735015039973788 ], [ -105.051478969130329, 39.735029521932503 ], [ -105.05146444905985, 39.735040622342169 ], [ -105.051391346829789, 39.735174216366076 ], [ -105.051370069782436, 39.735199021789995 ], [ -105.051363274427118, 39.735218733269271 ], [ -105.051353090202838, 39.735247013456508 ], [ -105.051335170218081, 39.735268399201978 ], [ -105.051294898663983, 39.735308578755593 ], [ -105.051264779566566, 39.735325627153998 ], [ -105.051217981569792, 39.735343470274124 ], [ -105.051193524178743, 39.735344235332008 ], [ -105.051173539943491, 39.735340725732073 ], [ -105.051149086879192, 39.73534063245414 ], [ -105.051132315796664, 39.735356015950664 ], [ -105.051118830431989, 39.735379134365438 ], [ -105.051115353656783, 39.735401433518795 ], [ -105.051105212080472, 39.735422848001832 ], [ -105.051089591134243, 39.735432228378798 ], [ -105.051064032982055, 39.735431272524153 ], [ -105.051038546237393, 39.735419161178257 ], [ -105.051015309233591, 39.735402767596611 ], [ -105.050966530585896, 39.735382844068575 ], [ -105.050921103598796, 39.735360358282804 ], [ -105.050895677342226, 39.735338808064014 ], [ -105.050851256545016, 39.735332631007878 ], [ -105.050809037197325, 39.735329895711715 ], [ -105.050745694446221, 39.735327937193297 ], [ -105.050709032512685, 39.735325223079819 ], [ -105.050662338833874, 39.735326760560298 ], [ -105.050621214719826, 39.735326603507858 ], [ -105.050581218814159, 39.73532387662155 ], [ -105.05053900381597, 39.735320282901817 ], [ -105.050501296176975, 39.735307266412661 ], [ -105.050482522695461, 39.735288314746384 ], [ -105.050462637504509, 39.735269359730324 ], [ -105.050445002086065, 39.735246122491198 ], [ -105.050418464309885, 39.735224567020261 ], [ -105.050385251937584, 39.735203844381672 ], [ -105.050373070608885, 39.735196931989258 ], [ -105.05035753763741, 39.735192581817131 ], [ -105.050326443019401, 39.735188173073169 ], [ -105.050269753013453, 39.735188813851259 ], [ -105.050167514131346, 39.735185848904969 ], [ -105.050078536409117, 39.735194948681155 ], [ -105.050011704509231, 39.73521700463094 ], [ -105.049993762101195, 39.735241822560283 ], [ -105.049975835029571, 39.73526406641642 ], [ -105.04995237257252, 39.73528285572516 ], [ -105.049917851520533, 39.735293021999134 ], [ -105.049884463039447, 39.735299759222841 ], [ -105.049838914115341, 39.73529615249803 ], [ -105.049811194357233, 39.735285748127289 ], [ -105.049787957684487, 39.735269354302424 ], [ -105.049761353995663, 39.735258096747629 ], [ -105.049714672522256, 39.735257918112964 ], [ -105.049660221242362, 39.735255993035977 ], [ -105.049632500354335, 39.735245589519216 ], [ -105.049607035965209, 39.73523004547458 ], [ -105.049586991222483, 39.735235975347059 ], [ -105.049570225334477, 39.735250500299387 ], [ -105.049559038890663, 39.735261613235764 ], [ -105.049531207792384, 39.735268371634021 ], [ -105.049493395637597, 39.735271660239647 ], [ -105.049464480376443, 39.735274123655742 ], [ -105.049440056066956, 39.735269739317275 ], [ -105.049415642788489, 39.735263638329535 ], [ -105.049386782654167, 39.735257521207501 ], [ -105.04935345478988, 39.735254818538856 ], [ -105.049326762952148, 39.735257291337362 ], [ -105.049297793714572, 39.735268336136663 ], [ -105.049267717097507, 39.735278519244233 ], [ -105.049237663702954, 39.735285269060213 ], [ -105.049216496166153, 39.73529291125471 ], [ -105.049201986710585, 39.735302295640636 ], [ -105.049188560220827, 39.735315974989334 ], [ -105.04917175562376, 39.735336506337596 ], [ -105.049160563585971, 39.735348477557807 ], [ -105.049129227427571, 39.735381825666046 ], [ -105.049102347972806, 39.735413474157781 ], [ -105.049064403314745, 39.735437356950257 ], [ -105.049028748272235, 39.735450951089767 ], [ -105.048989835323027, 39.735452517727786 ], [ -105.048963204100801, 39.735445550702735 ], [ -105.048941095843318, 39.73542658690765 ], [ -105.04894346276167, 39.7354042835615 ], [ -105.048964718657047, 39.735382910965797 ], [ -105.048982633874502, 39.73536238390421 ], [ -105.048997210750727, 39.735342702387378 ], [ -105.048995108719311, 39.735323814382383 ], [ -105.048985260125917, 39.735299748426414 ], [ -105.048975339804471, 39.735286837954369 ], [ -105.048967674853145, 39.735268787868733 ], [ -105.048955548837753, 39.735253293910212 ], [ -105.048944483702172, 39.735245528205652 ], [ -105.048910088291493, 39.735235957275009 ], [ -105.048884535761061, 39.735234142624783 ], [ -105.048856715644632, 39.735239185120065 ], [ -105.048832197548961, 39.735249388528111 ], [ -105.048787661057716, 39.73526123185372 ], [ -105.048651635954826, 39.735326788171811 ], [ -105.048621593522014, 39.735331822086891 ], [ -105.048601587323134, 39.735331745338307 ], [ -105.04857940187722, 39.735324795281123 ], [ -105.048555388875712, 39.73531070576287 ], [ -105.048537326237664, 39.735299747299869 ], [ -105.048518474789816, 39.735292809122441 ], [ -105.048498479646867, 39.735291016612905 ], [ -105.048477372796611, 39.735289218933232 ], [ -105.04845514318194, 39.735289133627575 ], [ -105.048435563666715, 39.735287290463148 ], [ -105.048419672888485, 39.735276743819306 ], [ -105.048416379511707, 39.735261003593131 ], [ -105.048407984587882, 39.735246553368697 ], [ -105.048394454351694, 39.735238637645814 ], [ -105.048367327544227, 39.735233290698375 ], [ -105.048341881174238, 39.73523057205999 ], [ -105.048318174329438, 39.735221305881716 ], [ -105.048296181685885, 39.735209425315077 ], [ -105.048267398620652, 39.735197518674802 ], [ -105.048238608285445, 39.735186923382315 ], [ -105.048213195712918, 39.735178961115786 ], [ -105.048187749368594, 39.735176242443984 ], [ -105.048160553886859, 39.735181380843628 ], [ -105.04814013311092, 39.735189166218014 ], [ -105.048116324975567, 39.735195628097735 ], [ -105.048087465944676, 39.735195517262319 ], [ -105.048058582742925, 39.73519933867415 ], [ -105.048029706821694, 39.735201848724031 ], [ -105.048000797106866, 39.735209602367028 ], [ -105.047973619661875, 39.735212118927713 ], [ -105.047951508819438, 39.735218587294554 ], [ -105.047932743088722, 39.735232932302907 ], [ -105.047913985796882, 39.735245966858479 ], [ -105.047879898449537, 39.735266807201036 ], [ -105.047866259606465, 39.735275929069154 ], [ -105.047842442962605, 39.735283702243635 ], [ -105.047818617870945, 39.73529278496224 ], [ -105.04779988472157, 39.735301888145862 ], [ -105.047779438523108, 39.735313604806308 ], [ -105.047760714979205, 39.735321397538456 ], [ -105.047747066493685, 39.735331829837698 ], [ -105.047731695323392, 39.735346188761625 ], [ -105.047711256384474, 39.735356594955896 ], [ -105.047697541445885, 39.735363038805041 ], [ -105.047681282676123, 39.735364707402432 ], [ -105.047636799781657, 39.735370369166539 ], [ -105.047607465896689, 39.735370256388123 ], [ -105.047604931222196, 39.735369850345833 ], [ -105.047585578068293, 39.735365286971216 ], [ -105.047555072374607, 39.735357305880719 ], [ -105.047526306288049, 39.735342777259923 ], [ -105.047504348724146, 39.735325654751755 ], [ -105.047486451263779, 39.73530937017005 ], [ -105.047481684084374, 39.735301141282847 ], [ -105.047466794102348, 39.735266768298871 ], [ -105.047460424005976, 39.73525240054957 ], [ -105.047459021503897, 39.735246839791849 ], [ -105.047456763650004, 39.735228481655454 ], [ -105.047419492972836, 39.735216542163101 ], [ -105.047382213851847, 39.735205913108629 ], [ -105.047360214075411, 39.73519534372177 ], [ -105.047331448095619, 39.735180815052459 ], [ -105.04730612867165, 39.735158436742765 ], [ -105.047280800811222, 39.735137367976414 ], [ -105.047250354470137, 39.7351202127577 ], [ -105.04721658121187, 39.735092558168404 ], [ -105.047198076491938, 39.735066273710487 ], [ -105.047176220636587, 39.735033423040477 ], [ -105.047132345874417, 39.734992622925681 ], [ -105.047107051972702, 39.734966312321596 ], [ -105.047080010001906, 39.734947858777787 ], [ -105.047052924559694, 39.73493595837266 ], [ -105.047024083730236, 39.734933226381386 ], [ -105.046945945051803, 39.734940789335546 ], [ -105.046922170756901, 39.734942008274473 ], [ -105.046861058289068, 39.734941772937674 ], [ -105.046837267053178, 39.734945613659725 ], [ -105.046805047383387, 39.734940246736166 ], [ -105.046776231971194, 39.734933582434188 ], [ -105.0467439699636, 39.734934768643349 ], [ -105.046703228711749, 39.734934611695486 ], [ -105.046684520927784, 39.734939782452813 ], [ -105.04665904931943, 39.734940994799473 ], [ -105.046633560763397, 39.734944828940812 ], [ -105.04660805526261, 39.734951283976102 ], [ -105.046591037472083, 39.734957771712978 ], [ -105.046568909638921, 39.734966860720107 ], [ -105.046553572201233, 39.734975976792413 ], [ -105.046536520504546, 39.734987707220895 ], [ -105.046521225432727, 39.734990269239063 ], [ -105.046500854207622, 39.734990190726066 ], [ -105.046480526521776, 39.734983559064794 ], [ -105.046463618886918, 39.734973008234888 ], [ -105.046455232867814, 39.734957248320541 ], [ -105.046451938786191, 39.734941507132397 ], [ -105.046438426944476, 39.734930970288744 ], [ -105.046419803904257, 39.734923033804634 ], [ -105.046397719600932, 39.734925570535481 ], [ -105.046393299792996, 39.734930393725193 ], [ -105.046376426775495, 39.734937942984622 ], [ -105.046344894885962, 39.734956826564002 ], [ -105.046315684541455, 39.734958020818851 ], [ -105.046291893270194, 39.734961861430563 ], [ -105.046268127434146, 39.734961769787667 ], [ -105.046217235061704, 39.734956330696313 ], [ -105.046179930818425, 39.734949633509707 ], [ -105.046152649657117, 39.734944566465359 ], [ -105.046114808202177, 39.734927146448925 ], [ -105.046096954552524, 39.734917857365232 ], [ -105.046074979348049, 39.734903354582002 ], [ -105.046049592562255, 39.734891461398803 ], [ -105.046032685014339, 39.734880910506618 ], [ -105.046014054712032, 39.734874285312998 ], [ -105.045997096273581, 39.734871598014756 ], [ -105.045976716594936, 39.734872830761375 ], [ -105.045958009946233, 39.73487800050718 ], [ -105.045927419801203, 39.734883125291923 ], [ -105.04590024240251, 39.734885642274698 ], [ -105.045876510537155, 39.734880307853153 ], [ -105.045844341888099, 39.734867077067378 ], [ -105.045818887263067, 39.734865668332773 ], [ -105.045791742657229, 39.734862941685762 ], [ -105.045764650146197, 39.734852351438001 ], [ -105.045735842189629, 39.734844376426743 ], [ -105.045701899874416, 39.734842934898005 ], [ -105.045669646378855, 39.734842810362913 ], [ -105.045628879709227, 39.734846585292857 ], [ -105.045516747706728, 39.734860569337499 ], [ -105.045438710872119, 39.734852404093118 ], [ -105.045357304930846, 39.734840293430793 ], [ -105.045331858825932, 39.734837573240419 ], [ -105.045302965959607, 39.734842704421489 ], [ -105.045267292357437, 39.734846498907721 ], [ -105.045241820758477, 39.734847710947662 ], [ -105.045201096555104, 39.734844932580302 ], [ -105.04516201016996, 39.734851334808369 ], [ -105.045138218877611, 39.734855174286317 ], [ -105.045117813692244, 39.734860338233283 ], [ -105.045102467590155, 39.734870764566452 ], [ -105.045093903381499, 39.734882527600284 ], [ -105.045083650367232, 39.734892972720907 ], [ -105.045075086152721, 39.734904735753197 ], [ -105.045049606023355, 39.734907259101831 ], [ -105.045027597030867, 39.734897998822156 ], [ -105.045006920382079, 39.734892676038669 ], [ -105.044986635377825, 39.734879490970116 ], [ -105.044960989776129, 39.734874435377805 ], [ -105.044957095192814, 39.734874706730999 ], [ -105.04493740645745, 39.734879300587934 ], [ -105.044906841751384, 39.734880492857727 ], [ -105.044864386214613, 39.734882950508364 ], [ -105.044835510309412, 39.734885459774617 ], [ -105.04479986218027, 39.734885321869491 ], [ -105.044767625677551, 39.734882576187921 ], [ -105.044732010413412, 39.734877195558497 ], [ -105.044667503394351, 39.734876945947775 ], [ -105.044633586614736, 39.734871571861277 ], [ -105.044601367147578, 39.734866204334175 ], [ -105.044567484414515, 39.734855588430015 ], [ -105.044545458477117, 39.734848949859924 ], [ -105.044511524700084, 39.734846196637491 ], [ -105.044487784437322, 39.734842173286069 ], [ -105.044453833637547, 39.734842041846896 ], [ -105.04442157163281, 39.73484322741934 ], [ -105.044397771784517, 39.734848378097858 ], [ -105.044373954907385, 39.734856149670833 ], [ -105.04434842368552, 39.734866536466015 ], [ -105.044321176954611, 39.73487953757715 ], [ -105.044295671264777, 39.734885992111344 ], [ -105.044248165200443, 39.73488187576487 ], [ -105.044227897372863, 39.734866069666289 ], [ -105.044202543822536, 39.734848932480148 ], [ -105.04418052760461, 39.73484098339663 ], [ -105.044143155475211, 39.734844770061642 ], [ -105.044090479687696, 39.734852429767308 ], [ -105.044072579964691, 39.734863911571196 ], [ -105.04403761046062, 39.734890202779496 ], [ -105.044014571397526, 39.734924028426889 ], [ -105.043993235030072, 39.734959181958949 ], [ -105.043977133967061, 39.734978938918012 ], [ -105.043962843255969, 39.734983288734256 ], [ -105.043948599533834, 39.734980590946684 ], [ -105.043932101545153, 39.73497347921689 ], [ -105.043920191119241, 39.734962862725709 ], [ -105.04391058705491, 39.734948290400538 ], [ -105.043910684432788, 39.734933315249549 ], [ -105.04390560778927, 39.734924486966648 ], [ -105.043896529505929, 39.734916964462549 ], [ -105.043883998804105, 39.734913832877034 ], [ -105.043867438987022, 39.734916411264109 ], [ -105.043854303480202, 39.734918562493654 ], [ -105.04383318876873, 39.734919801927148 ], [ -105.043812646190233, 39.734920603144808 ], [ -105.043671149395308, 39.734923577911601 ], [ -105.043633456490554, 39.734930038176557 ], [ -105.043603764008708, 39.734934327310775 ], [ -105.043573860841391, 39.734936931357339 ], [ -105.043534774256528, 39.734943333044669 ], [ -105.043503908633866, 39.73495418712848 ], [ -105.043476209712622, 39.734964403203158 ], [ -105.043451432356022, 39.734967912470076 ], [ -105.04342154650405, 39.734969107888993 ], [ -105.043346828785047, 39.734972749380631 ], [ -105.0432551100144, 39.734980258080874 ], [ -105.043193971921283, 39.734983952187974 ], [ -105.043064774761888, 39.735000966868412 ], [ -105.042972310035339, 39.735003353012935 ], [ -105.042890494317305, 39.735008868871212 ], [ -105.042809567390933, 39.735014044968771 ], [ -105.042757102107629, 39.735016929515368 ], [ -105.042686916972897, 39.735010823079691 ], [ -105.042616758702806, 39.735000598818765 ], [ -105.042568758066508, 39.735000412220487 ], [ -105.042512683463613, 39.73501151840194 ], [ -105.042454054065061, 39.735005456756475 ], [ -105.042416776207432, 39.734996731958653 ], [ -105.042350126567783, 39.734993728387529 ], [ -105.042283441116211, 39.73499621335516 ], [ -105.042235401238827, 39.735001861043322 ], [ -105.042190827464424, 39.735021590747365 ], [ -105.042156897986317, 39.735044450268958 ], [ -105.042123896636014, 39.735061479718041 ], [ -105.042090101626414, 39.735064093462036 ], [ -105.04206078463541, 39.735061234107484 ], [ -105.042012934083175, 39.735038056326452 ], [ -105.041979267881786, 39.735020767415364 ], [ -105.041909398814795, 39.73496627656295 ], [ -105.041880271313886, 39.734934591784238 ], [ -105.041861884592109, 39.734891625527432 ], [ -105.041836534643039, 39.734825983768538 ], [ -105.04181811211086, 39.734788507881163 ], [ -105.041803242946642, 39.734751388985075 ], [ -105.041774151446063, 39.734714214700126 ], [ -105.041726317995156, 39.73468829160597 ], [ -105.041626024088401, 39.734664909395242 ], [ -105.041470616359305, 39.734641312334524 ], [ -105.041415560892702, 39.734632518837607 ], [ -105.041337382928418, 39.734625350970191 ], [ -105.041292882031655, 39.734633756427272 ], [ -105.04121902959794, 39.734644792685437 ], [ -105.041155861854506, 39.734653125305258 ], [ -105.041100732329525, 39.734655655565888 ], [ -105.041037637494426, 39.734652664212888 ], [ -105.040971027590786, 39.734643825437473 ], [ -105.040941749001064, 39.734635132277035 ], [ -105.040893010213622, 39.73461195056894 ], [ -105.040848621589078, 39.734603198426569 ], [ -105.040797045428008, 39.734606085568338 ], [ -105.040752564699986, 39.734611402483495 ], [ -105.040697432946175, 39.734614275703827 ], [ -105.040619230353599, 39.734610881994087 ], [ -105.040564192999426, 39.73459934290976 ], [ -105.040486120820418, 39.734576046491171 ], [ -105.040445360877342, 39.734555984172985 ], [ -105.040409142200531, 39.73452152696732 ], [ -105.040375531692064, 39.734495658873676 ], [ -105.040353403791755, 39.734481158921398 ], [ -105.040324106267008, 39.734475554849659 ], [ -105.040271699768269, 39.734469515523429 ], [ -105.040213032775881, 39.734469286286917 ], [ -105.040157126953446, 39.734454655200302 ], [ -105.04011630308807, 39.734444544982914 ], [ -105.040061265953099, 39.734433004762003 ], [ -105.039965265471338, 39.734432629460819 ], [ -105.039771830901358, 39.734433109643682 ], [ -105.039744643690497, 39.734436935650038 ], [ -105.039718114106961, 39.734436364421946 ], [ -105.039686094205635, 39.734425915614835 ], [ -105.039649770342265, 39.734407729367888 ], [ -105.039603980540221, 39.73440099689185 ], [ -105.039576853560447, 39.734395647911668 ], [ -105.039507323956869, 39.734384890149535 ], [ -105.039405539933426, 39.734374006990308 ], [ -105.039229288349844, 39.7343287532806 ], [ -105.039198758224018, 39.734324702269923 ], [ -105.039163128103695, 39.734314054542324 ], [ -105.039127633628567, 39.734298210436002 ], [ -105.039097164978841, 39.734284984455563 ], [ -105.039061619360126, 39.734269116711125 ], [ -105.039026040467945, 39.734258491659212 ], [ -105.038997199063303, 39.734255757695195 ], [ -105.038961542652089, 39.734256928470778 ], [ -105.038920819040555, 39.734254147929171 ], [ -105.03888521315929, 39.73424745507927 ], [ -105.038854726179295, 39.734236849930234 ], [ -105.038819155951245, 39.734224914366116 ], [ -105.038780215838315, 39.73420903413178 ], [ -105.038759948276777, 39.734193226182271 ], [ -105.038741396416668, 39.734174803988331 ], [ -105.038721181755605, 39.734151132438491 ], [ -105.038691517975721, 39.734127470674103 ], [ -105.038649125350844, 39.7341115300243 ], [ -105.038623705630698, 39.734104877033843 ], [ -105.038586445675065, 39.734091624289213 ], [ -105.038550935927972, 39.734070513695031 ], [ -105.03852049218527, 39.734053356210808 ], [ -105.038486652723634, 39.734036184498606 ], [ -105.038451125782203, 39.7340176956737 ], [ -105.038432530925675, 39.734005826578596 ], [ -105.03840206999169, 39.733991289962511 ], [ -105.03836310422821, 39.733979340937651 ], [ -105.038327482455031, 39.733975268822107 ], [ -105.038295229371656, 39.73397514226555 ], [ -105.038266336345913, 39.733980271720398 ], [ -105.038237408800981, 39.733990643867159 ], [ -105.038172730027668, 39.734016603290158 ], [ -105.03815058530347, 39.73402831252163 ], [ -105.038126681707567, 39.734049189129308 ], [ -105.038114694793933, 39.734064870578152 ], [ -105.038099278780237, 39.734085780497985 ], [ -105.038071971936589, 39.734107955118311 ], [ -105.038053177417979, 39.734126230801401 ], [ -105.038025905080772, 39.734143161811367 ], [ -105.038000355915059, 39.734156168130845 ], [ -105.037968007775973, 39.734170459131001 ], [ -105.037950457869329, 39.734175461921147 ], [ -105.037928084521937, 39.734180779917367 ], [ -105.037915297281472, 39.734183358772711 ], [ -105.037888093965108, 39.734189805253926 ], [ -105.037855806240344, 39.734194921275481 ], [ -105.037837126778626, 39.734193244703292 ], [ -105.037815745351438, 39.734188239424832 ], [ -105.037796487913553, 39.734180271156234 ], [ -105.037779599056222, 39.734167097275822 ], [ -105.037767793431456, 39.734155254746412 ], [ -105.037754333702992, 39.73413685330037 ], [ -105.03773915078925, 39.734122375632396 ], [ -105.037717161448811, 39.734110493088323 ], [ -105.03769175909234, 39.734101218997488 ], [ -105.037654456118062, 39.734094519105902 ], [ -105.037625588918232, 39.73409571615403 ], [ -105.037591629853452, 39.734096893184322 ], [ -105.037559376715478, 39.734096766426099 ], [ -105.037479213628885, 39.734171069634954 ] ] ] ] } },
{ "type": "Feature", "properties": { "fid": 18, "OBJECTID": 18, "NBHD_ID": 74, "NBHD_NAME": "West Colfax", "TYPOLOGY": "NEST", "NOTES": "West Colfax", "GLOBALID": "{54999F23-A74F-47DE-8E7E-364CE9B4F068}", "Shape__Area": 28049791.387695301, "Shape__Length": 24602.836793087201, "Shape_Length": 24602.836865008703, "Shape_Area": 28049791.29909211 }, "geometry": { "type": "MultiPolygon", "coordinates": [ [ [ [ -105.025223526141758, 39.746370862017734 ], [ -105.025220118331845, 39.745167053299767 ], [ -105.025228270136225, 39.74396294752718 ], [ -105.025229456026082, 39.742737194246175 ], [ -105.025228396110833, 39.742406385114414 ], [ -105.025222890509056, 39.740686458193807 ], [ -105.025229983980964, 39.740426717002762 ], [ -105.02523144466258, 39.74007944712374 ], [ -105.025234900896507, 39.73983170169614 ], [ -105.025161865783829, 39.738013699938953 ], [ -105.025185490957512, 39.736600814670879 ], [ -105.025302314125952, 39.73658195572267 ], [ -105.025333165728739, 39.736576975152332 ], [ -105.025443278446517, 39.736512099590755 ], [ -105.025562427220862, 39.736441900438386 ], [ -105.025599651390465, 39.736423186769876 ], [ -105.025670609043033, 39.73638751245177 ], [ -105.025959015827624, 39.736242515747108 ], [ -105.0259831595761, 39.73622265763975 ], [ -105.026003572641145, 39.736208484876144 ], [ -105.026046204532463, 39.736185849691033 ], [ -105.026096108611071, 39.736180349414724 ], [ -105.026146022308041, 39.736173424286868 ], [ -105.026203322631261, 39.736166527079995 ], [ -105.026208584442273, 39.736165934006394 ], [ -105.026264317415226, 39.73615964562034 ], [ -105.026340155145547, 39.736142846193303 ], [ -105.026397552832449, 39.736121696089185 ], [ -105.026648625245244, 39.736036671128907 ], [ -105.026922498554839, 39.735957949268013 ], [ -105.027027895249418, 39.735942290504305 ], [ -105.027099980604291, 39.735931580285481 ], [ -105.027140660788731, 39.735924615824693 ], [ -105.027196064946324, 39.735924838463482 ], [ -105.027240380762407, 39.735926442295401 ], [ -105.027292083173734, 39.735928076686385 ], [ -105.02734931594135, 39.73593115723822 ], [ -105.027401038744785, 39.735929939222892 ], [ -105.02746385948987, 39.735925914214342 ], [ -105.027561831167546, 39.735913479295945 ], [ -105.027746213371415, 39.735892280803895 ], [ -105.02779233020965, 39.735886978969539 ], [ -105.027849591752499, 39.735885782984873 ], [ -105.027919868503048, 39.735871811765875 ], [ -105.027990044639992, 39.735859265871213 ], [ -105.028099118177082, 39.735839766906622 ], [ -105.02809923381092, 39.735839745754134 ], [ -105.028099928059234, 39.735839726021553 ], [ -105.028187902569215, 39.735837250691574 ], [ -105.028228552654653, 39.735834563043888 ], [ -105.028282169950984, 39.735826225189712 ], [ -105.028326533650997, 39.735820702657648 ], [ -105.028621008220199, 39.735699296241073 ], [ -105.02874317844983, 39.735658449088163 ], [ -105.028782047633257, 39.735645776429863 ], [ -105.028833855220924, 39.735631727997628 ], [ -105.029028363916538, 39.735585426582304 ], [ -105.029046189697112, 39.735581183694137 ], [ -105.029071853225389, 39.735577011802249 ], [ -105.029282045288895, 39.735542842693462 ], [ -105.029345714118421, 39.735532492826351 ], [ -105.02951395982501, 39.73550608236043 ], [ -105.029547213549165, 39.735504790452843 ], [ -105.029602598264873, 39.735507862521139 ], [ -105.029607542245628, 39.7355089009504 ], [ -105.029685592832223, 39.735525298120585 ], [ -105.029750155759515, 39.735536959622721 ], [ -105.029824010395799, 39.735540107202134 ], [ -105.02994780775019, 39.735532049001385 ], [ -105.030293464955619, 39.735489240385412 ], [ -105.03035090894879, 39.735483389220406 ], [ -105.03044051632962, 39.735474261830582 ], [ -105.030444467882731, 39.735473858785575 ], [ -105.030790240081956, 39.735413945336816 ], [ -105.030875261428704, 39.735404307559428 ], [ -105.030925155049488, 39.735400229163979 ], [ -105.030929755636819, 39.735399413478596 ], [ -105.030956588319242, 39.735394654092872 ], [ -105.030979157919901, 39.735395365525861 ], [ -105.031008291603698, 39.735396285054627 ], [ -105.031056308811287, 39.735396476433984 ], [ -105.031106230997992, 39.735388122567578 ], [ -105.031154363701219, 39.735371209632802 ], [ -105.031186702317072, 39.735352003677157 ], [ -105.031187741193065, 39.735351386350054 ], [ -105.031269363269914, 39.735297546687541 ], [ -105.031282104265387, 39.735289386881377 ], [ -105.031425504982408, 39.735197548692462 ], [ -105.031435812565363, 39.735190947255525 ], [ -105.031450624863936, 39.735185304962272 ], [ -105.031470998432638, 39.735176833272021 ], [ -105.031498823990233, 39.735158414463449 ], [ -105.031534103870129, 39.735130045838289 ], [ -105.031573021020151, 39.735110245401494 ], [ -105.031647171519069, 39.735069204056138 ], [ -105.031726614331006, 39.735044809302416 ], [ -105.031800782723494, 39.735022034539071 ], [ -105.031839641388103, 39.735010102085838 ], [ -105.0318729614322, 39.734998831197359 ], [ -105.031935839315778, 39.734986253014554 ], [ -105.032020861165179, 39.734976612611234 ], [ -105.032295670264347, 39.73497889597202 ], [ -105.032299740445794, 39.734978366341061 ], [ -105.032344037748175, 39.734980748165 ], [ -105.032377262666742, 39.73498373085247 ], [ -105.032412342539857, 39.734985296933473 ], [ -105.032447384422468, 39.73499256233 ], [ -105.03246580550055, 39.734999763476068 ], [ -105.032580399354245, 39.735073331119189 ], [ -105.032850945290676, 39.73521552253699 ], [ -105.032903835583653, 39.73523999581456 ], [ -105.032952698484706, 39.735259102167362 ], [ -105.033002974909905, 39.735273886362727 ], [ -105.033056729439537, 39.735283333424569 ], [ -105.033070995062019, 39.735283390036003 ], [ -105.03310492774537, 39.735282069194874 ], [ -105.03316161769385, 39.735279376840005 ], [ -105.033206978833476, 39.735275667686075 ], [ -105.033251145971406, 39.735262230983587 ], [ -105.033408575323321, 39.73526091080867 ], [ -105.03353292626791, 39.735264895770577 ], [ -105.033623262952645, 39.735269842809075 ], [ -105.033677973610907, 39.735276563428421 ], [ -105.033729548845542, 39.735285518783421 ], [ -105.033755458060611, 39.735290482398426 ], [ -105.033875300882016, 39.735334398605225 ], [ -105.033976284380401, 39.735378238194109 ], [ -105.034066102102429, 39.735409001604836 ], [ -105.034172813036776, 39.735437660297841 ], [ -105.034243026202091, 39.73545531408152 ], [ -105.034335858554499, 39.735455681507794 ], [ -105.034431461362914, 39.735462575310343 ], [ -105.034549642378522, 39.735458698904978 ], [ -105.034620070655436, 39.735443774075748 ], [ -105.034707364373162, 39.73543108742728 ], [ -105.034805966985232, 39.735409757508187 ], [ -105.034884921515228, 39.735381833453125 ], [ -105.035003417984015, 39.735330174295484 ], [ -105.035110662995564, 39.735278470564388 ], [ -105.035203854943887, 39.735224538793986 ], [ -105.035299903606884, 39.735164102743759 ], [ -105.035390311503662, 39.735105816771068 ], [ -105.035446775006861, 39.73507563199842 ], [ -105.035517261413318, 39.73505201804339 ], [ -105.035579351022719, 39.735021855416036 ], [ -105.03566404603292, 39.734976578559611 ], [ -105.03572625053161, 39.73492903957105 ], [ -105.035776943802887, 39.734920551666264 ], [ -105.035822039613763, 39.734907697698944 ], [ -105.035853099251739, 39.734890444387723 ], [ -105.035884200820107, 39.734866675745259 ], [ -105.035963456061609, 39.734793141030295 ], [ -105.036017106557921, 39.734762944888587 ], [ -105.036067776335699, 39.734737526763446 ], [ -105.036125814439174, 39.734721226384742 ], [ -105.036185091917702, 39.734707847251087 ], [ -105.036229245270206, 39.734696353936286 ], [ -105.036279721258552, 39.734680995504469 ], [ -105.036328937372019, 39.734665632086219 ], [ -105.036375596359747, 39.734656093149411 ], [ -105.036403304637204, 39.734642836295585 ], [ -105.03644509684824, 39.734620391286633 ], [ -105.036469190601395, 39.734595206037625 ], [ -105.036488272966253, 39.734566111923961 ], [ -105.036499774012512, 39.734540877060958 ], [ -105.03651510367115, 39.734507878140803 ], [ -105.036541755605313, 39.734476869275611 ], [ -105.036570873489296, 39.734453648353245 ], [ -105.036616408518526, 39.734423685671857 ], [ -105.036660618261891, 39.734403441450468 ], [ -105.036714949384745, 39.734376430657321 ], [ -105.036762924602641, 39.734358145782714 ], [ -105.036823519286386, 39.734336020546415 ], [ -105.036887860204288, 39.734318771872275 ], [ -105.036934557398396, 39.734303399186508 ], [ -105.03697613933511, 39.734299673708193 ], [ -105.037018956609387, 39.734299842194424 ], [ -105.037047657363487, 39.734301607863571 ], [ -105.037081665634517, 39.734300768936954 ], [ -105.037113187457635, 39.734295059271147 ], [ -105.037156054889167, 39.734287449668031 ], [ -105.03719514511269, 39.734279824291697 ], [ -105.037238025355308, 39.734270270149956 ], [ -105.037275881371201, 39.734258750774309 ], [ -105.037312478689969, 39.734247227337505 ], [ -105.037356670051693, 39.734229899170764 ], [ -105.037397050958916, 39.734217417854566 ], [ -105.037427344937228, 39.734206841428872 ], [ -105.037457683784609, 39.734189459664748 ], [ -105.037479213628885, 39.734171069634954 ], [ -105.037559376715478, 39.734096766426099 ], [ -105.037591629853452, 39.734096893184322 ], [ -105.037625588918232, 39.73409571615403 ], [ -105.037654456118062, 39.734094519105902 ], [ -105.03769175909234, 39.734101218997488 ], [ -105.037717161448811, 39.734110493088323 ], [ -105.03773915078925, 39.734122375632396 ], [ -105.037754333702992, 39.73413685330037 ], [ -105.037767793431456, 39.734155254746412 ], [ -105.037779599056222, 39.734167097275822 ], [ -105.037796487913553, 39.734180271156234 ], [ -105.037815745351438, 39.734188239424832 ], [ -105.037837126778626, 39.734193244703292 ], [ -105.037855806240344, 39.734194921275481 ], [ -105.037888093965108, 39.734189805253926 ], [ -105.037915297281472, 39.734183358772711 ], [ -105.037928084521937, 39.734180779917367 ], [ -105.037950457869329, 39.734175461921147 ], [ -105.037968007775973, 39.734170459131001 ], [ -105.038000355915059, 39.734156168130845 ], [ -105.038025905080772, 39.734143161811367 ], [ -105.038053177417979, 39.734126230801401 ], [ -105.038071971936589, 39.734107955118311 ], [ -105.038099278780237, 39.734085780497985 ], [ -105.038114694793933, 39.734064870578152 ], [ -105.038126681707567, 39.734049189129308 ], [ -105.03815058530347, 39.73402831252163 ], [ -105.038172730027668, 39.734016603290158 ], [ -105.038237408800981, 39.733990643867159 ], [ -105.038266336345913, 39.733980271720398 ], [ -105.038295229371656, 39.73397514226555 ], [ -105.038327482455031, 39.733975268822107 ], [ -105.03836310422821, 39.733979340937651 ], [ -105.03840206999169, 39.733991289962511 ], [ -105.038432530925675, 39.734005826578596 ], [ -105.038451125782203, 39.7340176956737 ], [ -105.038486652723634, 39.734036184498606 ], [ -105.03852049218527, 39.734053356210808 ], [ -105.038550935927972, 39.734070513695031 ], [ -105.038586445675065, 39.734091624289213 ], [ -105.038623705630698, 39.734104877033843 ], [ -105.038649125350844, 39.7341115300243 ], [ -105.038691517975721, 39.734127470674103 ], [ -105.038721181755605, 39.734151132438491 ], [ -105.038741396416668, 39.734174803988331 ], [ -105.038759948276777, 39.734193226182271 ], [ -105.038780215838315, 39.73420903413178 ], [ -105.038819155951245, 39.734224914366116 ], [ -105.038854726179295, 39.734236849930234 ], [ -105.03888521315929, 39.73424745507927 ], [ -105.038920819040555, 39.734254147929171 ], [ -105.038961542652089, 39.734256928470778 ], [ -105.038997199063303, 39.734255757695195 ], [ -105.039026040467945, 39.734258491659212 ], [ -105.039061619360126, 39.734269116711125 ], [ -105.039097164978841, 39.734284984455563 ], [ -105.039127633628567, 39.734298210436002 ], [ -105.039163128103695, 39.734314054542324 ], [ -105.039198758224018, 39.734324702269923 ], [ -105.039229288349844, 39.7343287532806 ], [ -105.039405539933426, 39.734374006990308 ], [ -105.039507323956869, 39.734384890149535 ], [ -105.039576853560447, 39.734395647911668 ], [ -105.039603980540221, 39.73440099689185 ], [ -105.039649770342265, 39.734407729367888 ], [ -105.039686094205635, 39.734425915614835 ], [ -105.039718114106961, 39.734436364421946 ], [ -105.039744643690497, 39.734436935650038 ], [ -105.039771830901358, 39.734433109643682 ], [ -105.039965265471338, 39.734432629460819 ], [ -105.040061265953099, 39.734433004762003 ], [ -105.04011630308807, 39.734444544982914 ], [ -105.040157126953446, 39.734454655200302 ], [ -105.040213032775881, 39.734469286286917 ], [ -105.040271699768269, 39.734469515523429 ], [ -105.040324106267008, 39.734475554849659 ], [ -105.040353403791755, 39.734481158921398 ], [ -105.040375531692064, 39.734495658873676 ], [ -105.040409142200531, 39.73452152696732 ], [ -105.040445360877342, 39.734555984172985 ], [ -105.040486120820418, 39.734576046491171 ], [ -105.040564192999426, 39.73459934290976 ], [ -105.040619230353599, 39.734610881994087 ], [ -105.040697432946175, 39.734614275703827 ], [ -105.040752564699986, 39.734611402483495 ], [ -105.040797045428008, 39.734606085568338 ], [ -105.040848621589078, 39.734603198426569 ], [ -105.040893010213622, 39.73461195056894 ], [ -105.040941749001064, 39.734635132277035 ], [ -105.040971027590786, 39.734643825437473 ], [ -105.041037637494426, 39.734652664212888 ], [ -105.041100732329525, 39.734655655565888 ], [ -105.041155861854506, 39.734653125305258 ], [ -105.04121902959794, 39.734644792685437 ], [ -105.041292882031655, 39.734633756427272 ], [ -105.041337382928418, 39.734625350970191 ], [ -105.041415560892702, 39.734632518837607 ], [ -105.041470616359305, 39.734641312334524 ], [ -105.041626024088401, 39.734664909395242 ], [ -105.041726317995156, 39.73468829160597 ], [ -105.041774151446063, 39.734714214700126 ], [ -105.041803242946642, 39.734751388985075 ], [ -105.04181811211086, 39.734788507881163 ], [ -105.041836534643039, 39.734825983768538 ], [ -105.041861884592109, 39.734891625527432 ], [ -105.041880271313886, 39.734934591784238 ], [ -105.041909398814795, 39.73496627656295 ], [ -105.041979267881786, 39.735020767415364 ], [ -105.042012934083175, 39.735038056326452 ], [ -105.04206078463541, 39.735061234107484 ], [ -105.042090101626414, 39.735064093462036 ], [ -105.042123896636014, 39.735061479718041 ], [ -105.042156897986317, 39.735044450268958 ], [ -105.042190827464424, 39.735021590747365 ], [ -105.042235401238827, 39.735001861043322 ], [ -105.042283441116211, 39.73499621335516 ], [ -105.042350126567783, 39.734993728387529 ], [ -105.042416776207432, 39.734996731958653 ], [ -105.042454054065061, 39.735005456756475 ], [ -105.042512683463613, 39.73501151840194 ], [ -105.042568758066508, 39.735000412220487 ], [ -105.042616758702806, 39.735000598818765 ], [ -105.042686916972897, 39.735010823079691 ], [ -105.042757102107629, 39.735016929515368 ], [ -105.042809567390933, 39.735014044968771 ], [ -105.042890494317305, 39.735008868871212 ], [ -105.042972310035339, 39.735003353012935 ], [ -105.043064774761888, 39.735000966868412 ], [ -105.043193971921283, 39.734983952187974 ], [ -105.0432551100144, 39.734980258080874 ], [ -105.043346828785047, 39.734972749380631 ], [ -105.04342154650405, 39.734969107888993 ], [ -105.043451432356022, 39.734967912470076 ], [ -105.043476209712622, 39.734964403203158 ], [ -105.043503908633866, 39.73495418712848 ], [ -105.043534774256528, 39.734943333044669 ], [ -105.043573860841391, 39.734936931357339 ], [ -105.043603764008708, 39.734934327310775 ], [ -105.043633456490554, 39.734930038176557 ], [ -105.043671149395308, 39.734923577911601 ], [ -105.043812646190233, 39.734920603144808 ], [ -105.04383318876873, 39.734919801927148 ], [ -105.043854303480202, 39.734918562493654 ], [ -105.043867438987022, 39.734916411264109 ], [ -105.043883998804105, 39.734913832877034 ], [ -105.043896529505929, 39.734916964462549 ], [ -105.04390560778927, 39.734924486966648 ], [ -105.043910684432788, 39.734933315249549 ], [ -105.04391058705491, 39.734948290400538 ], [ -105.043920191119241, 39.734962862725709 ], [ -105.043932101545153, 39.73497347921689 ], [ -105.043948599533834, 39.734980590946684 ], [ -105.043962843255969, 39.734983288734256 ], [ -105.043977133967061, 39.734978938918012 ], [ -105.043993235030072, 39.734959181958949 ], [ -105.044014571397526, 39.734924028426889 ], [ -105.04403761046062, 39.734890202779496 ], [ -105.044072579964691, 39.734863911571196 ], [ -105.044090479687696, 39.734852429767308 ], [ -105.044143155475211, 39.734844770061642 ], [ -105.04418052760461, 39.73484098339663 ], [ -105.044202543822536, 39.734848932480148 ], [ -105.044227897372863, 39.734866069666289 ], [ -105.044248165200443, 39.73488187576487 ], [ -105.044295671264777, 39.734885992111344 ], [ -105.044321176954611, 39.73487953757715 ], [ -105.04434842368552, 39.734866536466015 ], [ -105.044373954907385, 39.734856149670833 ], [ -105.044397771784517, 39.734848378097858 ], [ -105.04442157163281, 39.73484322741934 ], [ -105.044453833637547, 39.734842041846896 ], [ -105.044487784437322, 39.734842173286069 ], [ -105.044511524700084, 39.734846196637491 ], [ -105.044545458477117, 39.734848949859924 ], [ -105.044567484414515, 39.734855588430015 ], [ -105.044601367147578, 39.734866204334175 ], [ -105.044633586614736, 39.734871571861277 ], [ -105.044667503394351, 39.734876945947775 ], [ -105.044732010413412, 39.734877195558497 ], [ -105.044767625677551, 39.734882576187921 ], [ -105.04479986218027, 39.734885321869491 ], [ -105.044835510309412, 39.734885459774617 ], [ -105.044864386214613, 39.734882950508364 ], [ -105.044906841751384, 39.734880492857727 ], [ -105.04493740645745, 39.734879300587934 ], [ -105.044957095192814, 39.734874706730999 ], [ -105.044960989776129, 39.734874435377805 ], [ -105.044986635377825, 39.734879490970116 ], [ -105.045006920382079, 39.734892676038669 ], [ -105.045027597030867, 39.734897998822156 ], [ -105.045049606023355, 39.734907259101831 ], [ -105.045075086152721, 39.734904735753197 ], [ -105.045083650367232, 39.734892972720907 ], [ -105.045093903381499, 39.734882527600284 ], [ -105.045102467590155, 39.734870764566452 ], [ -105.045117813692244, 39.734860338233283 ], [ -105.045138218877611, 39.734855174286317 ], [ -105.04516201016996, 39.734851334808369 ], [ -105.045201096555104, 39.734844932580302 ], [ -105.045241820758477, 39.734847710947662 ], [ -105.045267292357437, 39.734846498907721 ], [ -105.045302965959607, 39.734842704421489 ], [ -105.045331858825932, 39.734837573240419 ], [ -105.045357304930846, 39.734840293430793 ], [ -105.045438710872119, 39.734852404093118 ], [ -105.045516747706728, 39.734860569337499 ], [ -105.045628879709227, 39.734846585292857 ], [ -105.045669646378855, 39.734842810362913 ], [ -105.045701899874416, 39.734842934898005 ], [ -105.045735842189629, 39.734844376426743 ], [ -105.045764650146197, 39.734852351438001 ], [ -105.045791742657229, 39.734862941685762 ], [ -105.045818887263067, 39.734865668332773 ], [ -105.045844341888099, 39.734867077067378 ], [ -105.045876510537155, 39.734880307853153 ], [ -105.04590024240251, 39.734885642274698 ], [ -105.045927419801203, 39.734883125291923 ], [ -105.045958009946233, 39.73487800050718 ], [ -105.045976716594936, 39.734872830761375 ], [ -105.045997096273581, 39.734871598014756 ], [ -105.046014054712032, 39.734874285312998 ], [ -105.046032685014339, 39.734880910506618 ], [ -105.046049592562255, 39.734891461398803 ], [ -105.046074979348049, 39.734903354582002 ], [ -105.046096954552524, 39.734917857365232 ], [ -105.046114808202177, 39.734927146448925 ], [ -105.046152649657117, 39.734944566465359 ], [ -105.046179930818425, 39.734949633509707 ], [ -105.046217235061704, 39.734956330696313 ], [ -105.046268127434146, 39.734961769787667 ], [ -105.046291893270194, 39.734961861430563 ], [ -105.046315684541455, 39.734958020818851 ], [ -105.046344894885962, 39.734956826564002 ], [ -105.046376426775495, 39.734937942984622 ], [ -105.046393299792996, 39.734930393725193 ], [ -105.046397719600932, 39.734925570535481 ], [ -105.046419803904257, 39.734923033804634 ], [ -105.046438426944476, 39.734930970288744 ], [ -105.046451938786191, 39.734941507132397 ], [ -105.046455232867814, 39.734957248320541 ], [ -105.046463618886918, 39.734973008234888 ], [ -105.046480526521776, 39.734983559064794 ], [ -105.046500854207622, 39.734990190726066 ], [ -105.046521225432727, 39.734990269239063 ], [ -105.046536520504546, 39.734987707220895 ], [ -105.046553572201233, 39.734975976792413 ], [ -105.046568909638921, 39.734966860720107 ], [ -105.046591037472083, 39.734957771712978 ], [ -105.04660805526261, 39.734951283976102 ], [ -105.046633560763397, 39.734944828940812 ], [ -105.04665904931943, 39.734940994799473 ], [ -105.046684520927784, 39.734939782452813 ], [ -105.046703228711749, 39.734934611695486 ], [ -105.0467439699636, 39.734934768643349 ], [ -105.046776231971194, 39.734933582434188 ], [ -105.046805047383387, 39.734940246736166 ], [ -105.046837267053178, 39.734945613659725 ], [ -105.046861058289068, 39.734941772937674 ], [ -105.046922170756901, 39.734942008274473 ], [ -105.046945945051803, 39.734940789335546 ], [ -105.047024083730236, 39.734933226381386 ], [ -105.047052924559694, 39.73493595837266 ], [ -105.047080010001906, 39.734947858777787 ], [ -105.047107051972702, 39.734966312321596 ], [ -105.047132345874417, 39.734992622925681 ], [ -105.047176220636587, 39.735033423040477 ], [ -105.047198076491938, 39.735066273710487 ], [ -105.04721658121187, 39.735092558168404 ], [ -105.047250354470137, 39.7351202127577 ], [ -105.047280800811222, 39.735137367976414 ], [ -105.04730612867165, 39.735158436742765 ], [ -105.047331448095619, 39.735180815052459 ], [ -105.047360214075411, 39.73519534372177 ], [ -105.047382213851847, 39.735205913108629 ], [ -105.047419492972836, 39.735216542163101 ], [ -105.047456763650004, 39.735228481655454 ], [ -105.047459021503897, 39.735246839791849 ], [ -105.047460424005976, 39.73525240054957 ], [ -105.047466794102348, 39.735266768298871 ], [ -105.047481684084374, 39.735301141282847 ], [ -105.047486451263779, 39.73530937017005 ], [ -105.047504348724146, 39.735325654751755 ], [ -105.047526306288049, 39.735342777259923 ], [ -105.047555072374607, 39.735357305880719 ], [ -105.047585578068293, 39.735365286971216 ], [ -105.047604931222196, 39.735369850345833 ], [ -105.047607465896689, 39.735370256388123 ], [ -105.047636799781657, 39.735370369166539 ], [ -105.047681282676123, 39.735364707402432 ], [ -105.047697541445885, 39.735363038805041 ], [ -105.047711256384474, 39.735356594955896 ], [ -105.047731695323392, 39.735346188761625 ], [ -105.047747066493685, 39.735331829837698 ], [ -105.047760714979205, 39.735321397538456 ], [ -105.047779438523108, 39.735313604806308 ], [ -105.04779988472157, 39.735301888145862 ], [ -105.047818617870945, 39.73529278496224 ], [ -105.047842442962605, 39.735283702243635 ], [ -105.047866259606465, 39.735275929069154 ], [ -105.047879898449537, 39.735266807201036 ], [ -105.047913985796882, 39.735245966858479 ], [ -105.047932743088722, 39.735232932302907 ], [ -105.047951508819438, 39.735218587294554 ], [ -105.047973619661875, 39.735212118927713 ], [ -105.048000797106866, 39.735209602367028 ], [ -105.048029706821694, 39.735201848724031 ], [ -105.048058582742925, 39.73519933867415 ], [ -105.048087465944676, 39.735195517262319 ], [ -105.048116324975567, 39.735195628097735 ], [ -105.04814013311092, 39.735189166218014 ], [ -105.048160553886859, 39.735181380843628 ], [ -105.048187749368594, 39.735176242443984 ], [ -105.048213195712918, 39.735178961115786 ], [ -105.048238608285445, 39.735186923382315 ], [ -105.048267398620652, 39.735197518674802 ], [ -105.048296181685885, 39.735209425315077 ], [ -105.048318174329438, 39.735221305881716 ], [ -105.048341881174238, 39.73523057205999 ], [ -105.048367327544227, 39.735233290698375 ], [ -105.048394454351694, 39.735238637645814 ], [ -105.048407984587882, 39.735246553368697 ], [ -105.048416379511707, 39.735261003593131 ], [ -105.048419672888485, 39.735276743819306 ], [ -105.048435563666715, 39.735287290463148 ], [ -105.04845514318194, 39.735289133627575 ], [ -105.048477372796611, 39.735289218933232 ], [ -105.048498479646867, 39.735291016612905 ], [ -105.048518474789816, 39.735292809122441 ], [ -105.048537326237664, 39.735299747299869 ], [ -105.048555388875712, 39.73531070576287 ], [ -105.04857940187722, 39.735324795281123 ], [ -105.048601587323134, 39.735331745338307 ], [ -105.048621593522014, 39.735331822086891 ], [ -105.048651635954826, 39.735326788171811 ], [ -105.048787661057716, 39.73526123185372 ], [ -105.048832197548961, 39.735249388528111 ], [ -105.048856715644632, 39.735239185120065 ], [ -105.048884535761061, 39.735234142624783 ], [ -105.048910088291493, 39.735235957275009 ], [ -105.048944483702172, 39.735245528205652 ], [ -105.048955548837753, 39.735253293910212 ], [ -105.048967674853145, 39.735268787868733 ], [ -105.048975339804471, 39.735286837954369 ], [ -105.048985260125917, 39.735299748426414 ], [ -105.048995108719311, 39.735323814382383 ], [ -105.048997210750727, 39.735342702387378 ], [ -105.048982633874502, 39.73536238390421 ], [ -105.048964718657047, 39.735382910965797 ], [ -105.04894346276167, 39.7354042835615 ], [ -105.048941095843318, 39.73542658690765 ], [ -105.048963204100801, 39.735445550702735 ], [ -105.048989835323027, 39.735452517727786 ], [ -105.049028748272235, 39.735450951089767 ], [ -105.049064403314745, 39.735437356950257 ], [ -105.049102347972806, 39.735413474157781 ], [ -105.049129227427571, 39.735381825666046 ], [ -105.049160563585971, 39.735348477557807 ], [ -105.04917175562376, 39.735336506337596 ], [ -105.049188560220827, 39.735315974989334 ], [ -105.049201986710585, 39.735302295640636 ], [ -105.049216496166153, 39.73529291125471 ], [ -105.049237663702954, 39.735285269060213 ], [ -105.049267717097507, 39.735278519244233 ], [ -105.049297793714572, 39.735268336136663 ], [ -105.049326762952148, 39.735257291337362 ], [ -105.04935345478988, 39.735254818538856 ], [ -105.049386782654167, 39.735257521207501 ], [ -105.049415642788489, 39.735263638329535 ], [ -105.049440056066956, 39.735269739317275 ], [ -105.049464480376443, 39.735274123655742 ], [ -105.049493395637597, 39.735271660239647 ], [ -105.049531207792384, 39.735268371634021 ], [ -105.049559038890663, 39.735261613235764 ], [ -105.049570225334477, 39.735250500299387 ], [ -105.049586991222483, 39.735235975347059 ], [ -105.049607035965209, 39.73523004547458 ], [ -105.049632500354335, 39.735245589519216 ], [ -105.049660221242362, 39.735255993035977 ], [ -105.049714672522256, 39.735257918112964 ], [ -105.049761353995663, 39.735258096747629 ], [ -105.049787957684487, 39.735269354302424 ], [ -105.049811194357233, 39.735285748127289 ], [ -105.049838914115341, 39.73529615249803 ], [ -105.049884463039447, 39.735299759222841 ], [ -105.049917851520533, 39.735293021999134 ], [ -105.04995237257252, 39.73528285572516 ], [ -105.049975835029571, 39.73526406641642 ], [ -105.049993762101195, 39.735241822560283 ], [ -105.050011704509231, 39.73521700463094 ], [ -105.050078536409117, 39.735194948681155 ], [ -105.050167514131346, 39.735185848904969 ], [ -105.050269753013453, 39.735188813851259 ], [ -105.050326443019401, 39.735188173073169 ], [ -105.05035753763741, 39.735192581817131 ], [ -105.050373070608885, 39.735196931989258 ], [ -105.050385251937584, 39.735203844381672 ], [ -105.050418464309885, 39.735224567020261 ], [ -105.050445002086065, 39.735246122491198 ], [ -105.050462637504509, 39.735269359730324 ], [ -105.050482522695461, 39.735288314746384 ], [ -105.050501296176975, 39.735307266412661 ], [ -105.05053900381597, 39.735320282901817 ], [ -105.050581218814159, 39.73532387662155 ], [ -105.050621214719826, 39.735326603507858 ], [ -105.050662338833874, 39.735326760560298 ], [ -105.050709032512685, 39.735325223079819 ], [ -105.050745694446221, 39.735327937193297 ], [ -105.050809037197325, 39.735329895711715 ], [ -105.050851256545016, 39.735332631007878 ], [ -105.050895677342226, 39.735338808064014 ], [ -105.050921103598796, 39.735360358282804 ], [ -105.050966530585896, 39.735382844068575 ], [ -105.051015309233591, 39.735402767596611 ], [ -105.051038546237393, 39.735419161178257 ], [ -105.051064032982055, 39.735431272524153 ], [ -105.051089591134243, 39.735432228378798 ], [ -105.051105212080472, 39.735422848001832 ], [ -105.051115353656783, 39.735401433518795 ], [ -105.051118830431989, 39.735379134365438 ], [ -105.051132315796664, 39.735356015950664 ], [ -105.051149086879192, 39.73534063245414 ], [ -105.051173539943491, 39.735340725732073 ], [ -105.051193524178743, 39.735344235332008 ], [ -105.051217981569792, 39.735343470274124 ], [ -105.051264779566566, 39.735325627153998 ], [ -105.051294898663983, 39.735308578755593 ], [ -105.051335170218081, 39.735268399201978 ], [ -105.051353090202838, 39.735247013456508 ], [ -105.051363274427118, 39.735218733269271 ], [ -105.051370069782436, 39.735199021789995 ], [ -105.051391346829789, 39.735174216366076 ], [ -105.05146444905985, 39.735040622342169 ], [ -105.051478969130329, 39.735029521932503 ], [ -105.051506849330181, 39.735015039973788 ], [ -105.051560309471142, 39.734998080471918 ], [ -105.051594819165246, 39.734989630359543 ], [ -105.051622748702385, 39.734967424373188 ], [ -105.051640647742062, 39.734949471875183 ], [ -105.051664054787963, 39.734939262748703 ], [ -105.051698547988238, 39.734933386671955 ], [ -105.051738517453416, 39.734940404794898 ], [ -105.051789671807882, 39.734936308850493 ], [ -105.051837415433496, 39.734944213995824 ], [ -105.051893005652531, 39.734941851588339 ], [ -105.051975297290937, 39.734935299112024 ], [ -105.052034226939497, 39.734932091010059 ], [ -105.052086488664372, 39.734928857495866 ], [ -105.052116481359008, 39.734931545795021 ], [ -105.052148626237738, 39.734945398938351 ], [ -105.052169689247776, 39.734954060736968 ], [ -105.052179648465511, 39.734960963585642 ], [ -105.052204041131802, 39.7349704963937 ], [ -105.052240659108236, 39.734980075719626 ], [ -105.052262872197872, 39.73498273437643 ], [ -105.05229955592155, 39.734982015617497 ], [ -105.052342875871105, 39.73498647125345 ], [ -105.052396198879052, 39.734990964926418 ], [ -105.052458446092587, 39.734990343361133 ], [ -105.052484004103093, 39.734991298913044 ], [ -105.052508484422319, 39.73498710120257 ], [ -105.052524110549854, 39.734976863214008 ], [ -105.052534201196806, 39.734963170799851 ], [ -105.052553155805754, 39.734953802907803 ], [ -105.052574355722868, 39.734941011078675 ], [ -105.052608954008775, 39.734918831118108 ], [ -105.052634605046123, 39.734905197859206 ], [ -105.052676791370644, 39.734913081534351 ], [ -105.052733498718382, 39.734909864633799 ], [ -105.052786892821345, 39.734903202641085 ], [ -105.052821331198274, 39.734905907657527 ], [ -105.052842383335417, 39.734916285980638 ], [ -105.0528701264505, 39.734923256353646 ], [ -105.052900570237426, 39.734920150324221 ], [ -105.052953691539287, 39.734908883869942 ], [ -105.053243048996123, 39.734882772599072 ], [ -105.05324254787962, 39.734926465136226 ], [ -105.053214126524921, 39.740365060737368 ], [ -105.053222162966065, 39.743987800352009 ], [ -105.052652322848303, 39.743982545326176 ], [ -105.05209759605799, 39.743977346866345 ], [ -105.051526813390083, 39.743980663504061 ], [ -105.050933804133763, 39.743983891657805 ], [ -105.050331920063428, 39.74398468262109 ], [ -105.049818941887324, 39.743985122535236 ], [ -105.049279257960606, 39.743990950229332 ], [ -105.048696896813624, 39.743997297199606 ], [ -105.048094161184267, 39.743992238898578 ], [ -105.047526096058888, 39.74398730992192 ], [ -105.046333072593654, 39.74397722712694 ], [ -105.045764973319066, 39.743977780014312 ], [ -105.045168425562863, 39.743978221109593 ], [ -105.044597659215782, 39.743978759854933 ], [ -105.044033114800925, 39.743979319039411 ], [ -105.042847168305997, 39.743974717921311 ], [ -105.042520898849162, 39.743973449996872 ], [ -105.039318663722142, 39.743960957695606 ], [ -105.038741701462783, 39.743957325007194 ], [ -105.038167333992774, 39.743964680673713 ], [ -105.037576122649384, 39.743964761068177 ], [ -105.036995625881488, 39.743957674367032 ], [ -105.036390191540221, 39.743957692842486 ], [ -105.035775863621922, 39.743958016276181 ], [ -105.035782069688565, 39.745169384076242 ], [ -105.035781128367603, 39.746385871380518 ], [ -105.035200536745648, 39.746390442839669 ], [ -105.03494980677948, 39.746392197542626 ], [ -105.034592325395579, 39.746403481109638 ], [ -105.033813536977675, 39.746397996528607 ], [ -105.033058750600887, 39.746392945186663 ], [ -105.032326192733706, 39.746387634185687 ], [ -105.031521621215518, 39.746382031971237 ], [ -105.030709017445545, 39.74638119641088 ], [ -105.029950645396255, 39.746380571863845 ], [ -105.029294518055153, 39.746379665116926 ], [ -105.029051800900731, 39.746379723522935 ], [ -105.0283903393141, 39.746378790388 ], [ -105.027788454088977, 39.746376376823498 ], [ -105.027441729221451, 39.746374985056548 ], [ -105.026830951287977, 39.746372530885616 ], [ -105.025223526141758, 39.746370862017734 ] ] ] ] } },
{ "type": "Feature", "properties": { "fid": 19, "OBJECTID": 19, "NBHD_ID": 75, "NBHD_NAME": "West Highland", "TYPOLOGY": null, "NOTES": "West Highland", "GLOBALID": "{1B89B1BD-BBB5-4A02-A409-C3B828D1C770}", "Shape__Area": 31298250.4848633, "Shape__Length": 23646.8559373397, "Shape_Length": 23646.855814326376, "Shape_Area": 31298250.111657936 }, "geometry": { "type": "MultiPolygon", "coordinates": [ [ [ [ -105.025248811746181, 39.769295461305902 ], [ -105.025260496238531, 39.768358013502926 ], [ -105.025298144446694, 39.768163364065877 ], [ -105.025297571910087, 39.767444190440081 ], [ -105.025296887048057, 39.76651857008342 ], [ -105.02529761732383, 39.766085297844455 ], [ -105.025243482400398, 39.765616827809509 ], [ -105.025292975060438, 39.765093817855089 ], [ -105.02529133129697, 39.764672130088378 ], [ -105.025288044139231, 39.763785618729152 ], [ -105.025254470389996, 39.763206212311523 ], [ -105.025252511232225, 39.762445085885545 ], [ -105.0252517738992, 39.762028835980296 ], [ -105.02523388393567, 39.760862379689456 ], [ -105.025245938086456, 39.760263965227061 ], [ -105.025243767392851, 39.758483324777863 ], [ -105.026104496718332, 39.758489195442657 ], [ -105.026851407710893, 39.758494602339084 ], [ -105.027568133501063, 39.758493020251755 ], [ -105.027607260513889, 39.758492834135723 ], [ -105.028183429511458, 39.758499949282836 ], [ -105.029940582489161, 39.758492910372553 ], [ -105.03109920971697, 39.758497531728047 ], [ -105.032292515823272, 39.75850227948272 ], [ -105.033444028607647, 39.758506849485855 ], [ -105.034623902564718, 39.758525932848613 ], [ -105.035208152672297, 39.758521378304394 ], [ -105.035808410548057, 39.7585165408371 ], [ -105.036981356368642, 39.75850743457908 ], [ -105.03757269033494, 39.758507357172746 ], [ -105.038147129529165, 39.758507210504376 ], [ -105.03867443894363, 39.758507219477579 ], [ -105.038710898339119, 39.758507019215251 ], [ -105.039313791880531, 39.75850697836394 ], [ -105.039906917747473, 39.758504837317936 ], [ -105.04050449181959, 39.758502367493968 ], [ -105.041085168831884, 39.758500171912225 ], [ -105.041664958852408, 39.758497626857732 ], [ -105.042258976006949, 39.758495134276437 ], [ -105.042836985308739, 39.758492919678417 ], [ -105.043432718213879, 39.758500036158793 ], [ -105.044016004689013, 39.758506758252658 ], [ -105.045078670833036, 39.758499888369322 ], [ -105.045466385941509, 39.758497612436123 ], [ -105.046336020202631, 39.758501653765641 ], [ -105.046958551450047, 39.758489982200729 ], [ -105.048433794172453, 39.758486385978657 ], [ -105.04868093294445, 39.75849659901904 ], [ -105.049023316439701, 39.758491391409649 ], [ -105.049311455522258, 39.758486660523175 ], [ -105.049871722404816, 39.758477824415245 ], [ -105.050904973641281, 39.75848177127606 ], [ -105.051487428550828, 39.758479531162259 ], [ -105.051520331099894, 39.758479313378885 ], [ -105.052090337186726, 39.758477022848339 ], [ -105.052656762358794, 39.758478490643675 ], [ -105.053249864687032, 39.758480056970271 ], [ -105.053250355670883, 39.758480104767806 ], [ -105.053254416884883, 39.762091776277401 ], [ -105.05325098684429, 39.769328878764824 ], [ -105.053250912494946, 39.769340545675796 ], [ -105.052665712532828, 39.769340725501905 ], [ -105.052089405933231, 39.769340936256825 ], [ -105.051505031638001, 39.769351064885129 ], [ -105.050926882531201, 39.769361214360401 ], [ -105.050346096059926, 39.769366546784326 ], [ -105.049770647725182, 39.769371553606177 ], [ -105.048819024113641, 39.769372714429664 ], [ -105.048608282227264, 39.76936710241889 ], [ -105.047983041968564, 39.769370193808555 ], [ -105.047452077994578, 39.769372614871905 ], [ -105.04629581139811, 39.769387724009952 ], [ -105.045727508426125, 39.769387934468121 ], [ -105.045159203224387, 39.769388485327191 ], [ -105.044022724477315, 39.769369333303551 ], [ -105.043442795465452, 39.769379439134717 ], [ -105.042866425870898, 39.769389212778478 ], [ -105.042319274295735, 39.769419000067963 ], [ -105.042274789518672, 39.769421572336064 ], [ -105.041684933538548, 39.769453592700408 ], [ -105.041096141564609, 39.769458848328668 ], [ -105.040509130426571, 39.769463764810389 ], [ -105.039928454915355, 39.769451888630066 ], [ -105.03934778185571, 39.769439666441372 ], [ -105.038750920314811, 39.769454830200658 ], [ -105.038165622163902, 39.769469693146235 ], [ -105.037589153766021, 39.76949419615034 ], [ -105.036996672341374, 39.769519320561741 ], [ -105.036421190043754, 39.769529065246665 ], [ -105.035814578468887, 39.769539028433321 ], [ -105.035248005141042, 39.769546402242469 ], [ -105.03465296832178, 39.769554345320401 ], [ -105.034054579272023, 39.769531389247227 ], [ -105.033654467283725, 39.769516078809673 ], [ -105.033082752157654, 39.769494252915599 ], [ -105.032310893011427, 39.769478149192174 ], [ -105.031547063476395, 39.769458297674397 ], [ -105.029979444214163, 39.769409498244656 ], [ -105.027620254861873, 39.769366769439912 ], [ -105.025963709205655, 39.769317216498699 ], [ -105.025248811746181, 39.769295461305902 ] ] ] ] } },
{ "type": "Feature", "properties": { "fid": 20, "OBJECTID": 20, "NBHD_ID": 56, "NBHD_NAME": "Sloan Lake", "TYPOLOGY": null, "NOTES": "Sloan Lake", "GLOBALID": "{D7D29E15-13D7-4273-9C3F-2FC094B45FA0}", "Shape__Area": 39011057.360839799, "Shape__Length": 26370.1944756136, "Shape_Length": 26370.194573006316, "Shape_Area": 39011057.247840434 }, "geometry": { "type": "MultiPolygon", "coordinates": [ [ [ [ -105.025243767392851, 39.758483324777863 ], [ -105.025245039016966, 39.757902577942325 ], [ -105.025244699505436, 39.75783880022712 ], [ -105.025287022771991, 39.757796852962606 ], [ -105.025285359197767, 39.757258675962753 ], [ -105.025279829420271, 39.756026618569628 ], [ -105.025283795772566, 39.755474898939298 ], [ -105.025233552327833, 39.75544662061327 ], [ -105.025232841716672, 39.754844114853405 ], [ -105.025225205693133, 39.754053064511325 ], [ -105.025292062524898, 39.754029936582604 ], [ -105.025287185085332, 39.75363090389493 ], [ -105.025306513403848, 39.752422759728034 ], [ -105.025309205684792, 39.751721516585434 ], [ -105.025234943815917, 39.751693130525268 ], [ -105.025238747416935, 39.75121389264072 ], [ -105.025239879652887, 39.75073351355276 ], [ -105.025280193518014, 39.750688883098277 ], [ -105.025278014867254, 39.750005688222998 ], [ -105.025282823470761, 39.748792606731563 ], [ -105.025283896456443, 39.748126508437075 ], [ -105.025242393028904, 39.748094753551385 ], [ -105.025239320506131, 39.747583985383201 ], [ -105.025233673044397, 39.74710422768365 ], [ -105.025231963034543, 39.746963183615605 ], [ -105.025223526141758, 39.746370862017734 ], [ -105.026830951287977, 39.746372530885616 ], [ -105.027441729221451, 39.746374985056548 ], [ -105.027788454088977, 39.746376376823498 ], [ -105.0283903393141, 39.746378790388 ], [ -105.029051800900731, 39.746379723522935 ], [ -105.029294518055153, 39.746379665116926 ], [ -105.029950645396255, 39.746380571863845 ], [ -105.030709017445545, 39.74638119641088 ], [ -105.031521621215518, 39.746382031971237 ], [ -105.032326192733706, 39.746387634185687 ], [ -105.033058750600887, 39.746392945186663 ], [ -105.033813536977675, 39.746397996528607 ], [ -105.034592325395579, 39.746403481109638 ], [ -105.03494980677948, 39.746392197542626 ], [ -105.035200536745648, 39.746390442839669 ], [ -105.035781128367603, 39.746385871380518 ], [ -105.035782069688565, 39.745169384076242 ], [ -105.035775863621922, 39.743958016276181 ], [ -105.036390191540221, 39.743957692842486 ], [ -105.036995625881488, 39.743957674367032 ], [ -105.037576122649384, 39.743964761068177 ], [ -105.038167333992774, 39.743964680673713 ], [ -105.038741701462783, 39.743957325007194 ], [ -105.039318663722142, 39.743960957695606 ], [ -105.042520898849162, 39.743973449996872 ], [ -105.042847168305997, 39.743974717921311 ], [ -105.044033114800925, 39.743979319039411 ], [ -105.044597659215782, 39.743978759854933 ], [ -105.045168425562863, 39.743978221109593 ], [ -105.045764973319066, 39.743977780014312 ], [ -105.046333072593654, 39.74397722712694 ], [ -105.047526096058888, 39.74398730992192 ], [ -105.048094161184267, 39.743992238898578 ], [ -105.048696896813624, 39.743997297199606 ], [ -105.049279257960606, 39.743990950229332 ], [ -105.049818941887324, 39.743985122535236 ], [ -105.050331920063428, 39.74398468262109 ], [ -105.050933804133763, 39.743983891657805 ], [ -105.051526813390083, 39.743980663504061 ], [ -105.05209759605799, 39.743977346866345 ], [ -105.052652322848303, 39.743982545326176 ], [ -105.053222161805081, 39.743987799446948 ], [ -105.053222164127007, 39.74398780125707 ], [ -105.053230202605477, 39.747610529731084 ], [ -105.053250355670883, 39.758480104767806 ], [ -105.053249864687032, 39.758480056970271 ], [ -105.052656762358794, 39.758478490643675 ], [ -105.052090337186726, 39.758477022848339 ], [ -105.051520331099894, 39.758479313378885 ], [ -105.051487428550828, 39.758479531162259 ], [ -105.050904973641281, 39.75848177127606 ], [ -105.049871722404816, 39.758477824415245 ], [ -105.049311455522258, 39.758486660523175 ], [ -105.049023316439701, 39.758491391409649 ], [ -105.04868093294445, 39.75849659901904 ], [ -105.048433794172453, 39.758486385978657 ], [ -105.046958551450047, 39.758489982200729 ], [ -105.046336020202631, 39.758501653765641 ], [ -105.045466385941509, 39.758497612436123 ], [ -105.045078670833036, 39.758499888369322 ], [ -105.044016004689013, 39.758506758252658 ], [ -105.043432718213879, 39.758500036158793 ], [ -105.042836985308739, 39.758492919678417 ], [ -105.042258976006949, 39.758495134276437 ], [ -105.041664958852408, 39.758497626857732 ], [ -105.041085168831884, 39.758500171912225 ], [ -105.04050449181959, 39.758502367493968 ], [ -105.039906917747473, 39.758504837317936 ], [ -105.039313791880531, 39.75850697836394 ], [ -105.038710898339119, 39.758507019215251 ], [ -105.03867443894363, 39.758507219477579 ], [ -105.038147129529165, 39.758507210504376 ], [ -105.03757269033494, 39.758507357172746 ], [ -105.036981356368642, 39.75850743457908 ], [ -105.035808410548057, 39.7585165408371 ], [ -105.035208152672297, 39.758521378304394 ], [ -105.034623902564718, 39.758525932848613 ], [ -105.033444028607647, 39.758506849485855 ], [ -105.032292515823272, 39.75850227948272 ], [ -105.03109920971697, 39.758497531728047 ], [ -105.029940582489161, 39.758492910372553 ], [ -105.028183429511458, 39.758499949282836 ], [ -105.027607260513889, 39.758492834135723 ], [ -105.027568133501063, 39.758493020251755 ], [ -105.026851407710893, 39.758494602339084 ], [ -105.026104496718332, 39.758489195442657 ], [ -105.025243767392851, 39.758483324777863 ] ] ] ] } },
{ "type": "Feature", "properties": { "fid": 21, "OBJECTID": 21, "NBHD_ID": 8, "NBHD_NAME": "Berkeley", "TYPOLOGY": null, "NOTES": "Berkeley", "GLOBALID": "{5DD0370A-7AFD-4049-AC47-BD461D3AE185}", "Shape__Area": 41763196.96875, "Shape__Length": 26780.906640650701, "Shape_Length": 26780.90658455333, "Shape_Area": 41763196.900354818 }, "geometry": { "type": "MultiPolygon", "coordinates": [ [ [ [ -105.025202489151084, 39.784391192675983 ], [ -105.025201446050971, 39.784316150012117 ], [ -105.025201446063178, 39.784316148210827 ], [ -105.025195985506485, 39.783923176462423 ], [ -105.025203205471016, 39.782995063793223 ], [ -105.025250980262712, 39.782578283192535 ], [ -105.025252481464349, 39.782151904041413 ], [ -105.025255051999181, 39.78095374850173 ], [ -105.025198496898113, 39.78026930096204 ], [ -105.025260413703805, 39.779838804950913 ], [ -105.025267370633912, 39.779050337342632 ], [ -105.025278310933302, 39.777860000361763 ], [ -105.025232797356495, 39.776650206068254 ], [ -105.02529706534844, 39.775773773020866 ], [ -105.025295996179324, 39.774719950061865 ], [ -105.02529730950576, 39.773447371472315 ], [ -105.025240114864047, 39.772943495244341 ], [ -105.025301535388323, 39.772440507026339 ], [ -105.025303774824167, 39.772051884142648 ], [ -105.025308880389275, 39.771142261118705 ], [ -105.025309167385757, 39.770847360500575 ], [ -105.025247824643785, 39.770229179935654 ], [ -105.02524829145473, 39.769765925013793 ], [ -105.025248811746181, 39.769295461305902 ], [ -105.025963709205655, 39.769317216498699 ], [ -105.027620254861873, 39.769366769439912 ], [ -105.029979444214163, 39.769409498244656 ], [ -105.031547063476395, 39.769458297674397 ], [ -105.032310893011427, 39.769478149192174 ], [ -105.033082752157654, 39.769494252915599 ], [ -105.033654467283725, 39.769516078809673 ], [ -105.034054579272023, 39.769531389247227 ], [ -105.03465296832178, 39.769554345320401 ], [ -105.035248005141042, 39.769546402242469 ], [ -105.035814578468887, 39.769539028433321 ], [ -105.036421190043754, 39.769529065246665 ], [ -105.036996672341374, 39.769519320561741 ], [ -105.037589153766021, 39.76949419615034 ], [ -105.038165622163902, 39.769469693146235 ], [ -105.038750920314811, 39.769454830200658 ], [ -105.03934778185571, 39.769439666441372 ], [ -105.039928454915355, 39.769451888630066 ], [ -105.040509130426571, 39.769463764810389 ], [ -105.041096141564609, 39.769458848328668 ], [ -105.041684933538548, 39.769453592700408 ], [ -105.042274789518672, 39.769421572336064 ], [ -105.042319274295735, 39.769419000067963 ], [ -105.042866425870898, 39.769389212778478 ], [ -105.043442795465452, 39.769379439134717 ], [ -105.044022724477315, 39.769369333303551 ], [ -105.045159203224387, 39.769388485327191 ], [ -105.045727508426125, 39.769387934468121 ], [ -105.04629581139811, 39.769387724009952 ], [ -105.047452077994578, 39.769372614871905 ], [ -105.047983041968564, 39.769370193808555 ], [ -105.048608282227264, 39.76936710241889 ], [ -105.048819024113641, 39.769372714429664 ], [ -105.049770647725182, 39.769371553606177 ], [ -105.050346096059926, 39.769366546784326 ], [ -105.050926882531201, 39.769361214360401 ], [ -105.051505031638001, 39.769351064885129 ], [ -105.052089405933231, 39.769340936256825 ], [ -105.052665712532828, 39.769340725501905 ], [ -105.053250912494946, 39.769340545675796 ], [ -105.053252837991351, 39.776574560366292 ], [ -105.053253778889342, 39.783678111837084 ], [ -105.053244503266612, 39.783680988472859 ], [ -105.052980551471492, 39.783755489795709 ], [ -105.052623800868275, 39.783891421346532 ], [ -105.052396082691914, 39.783999437420697 ], [ -105.051752790420608, 39.784326002575739 ], [ -105.050927863694369, 39.784748918445231 ], [ -105.050718759572291, 39.784823864332914 ], [ -105.050325215394452, 39.784954913747853 ], [ -105.049852116154284, 39.78505251982623 ], [ -105.049707526522255, 39.785076191986143 ], [ -105.049428284993596, 39.785121908484186 ], [ -105.048872760303382, 39.785155286298938 ], [ -105.048547620783566, 39.78514457244826 ], [ -105.048259387115323, 39.785119796812815 ], [ -105.047995818560267, 39.785076179716093 ], [ -105.047719980113968, 39.785032514899115 ], [ -105.04741379865365, 39.784936658548787 ], [ -105.047101543537863, 39.784831309413313 ], [ -105.046826072744722, 39.784730835778269 ], [ -105.046495778844942, 39.784568609263658 ], [ -105.046107273396998, 39.784394320974968 ], [ -105.045263204271578, 39.783979207466381 ], [ -105.044755043536966, 39.783806820320244 ], [ -105.044246483975144, 39.783695970538922 ], [ -105.044044219723801, 39.783662050438863 ], [ -105.043795922338944, 39.783630316777455 ], [ -105.043550647875676, 39.783605696906243 ], [ -105.043317551021502, 39.783595324444789 ], [ -105.041019704468354, 39.783588756773085 ], [ -105.038292200163653, 39.783604130504308 ], [ -105.037224582719546, 39.783599939352371 ], [ -105.03663561481477, 39.783588154463025 ], [ -105.036279742822515, 39.783586753482766 ], [ -105.035571363480415, 39.78353898984242 ], [ -105.034559503963209, 39.783454516008263 ], [ -105.033762017680047, 39.783427690705693 ], [ -105.033387834459688, 39.78341200687445 ], [ -105.033142435959746, 39.783406300278251 ], [ -105.032856922157052, 39.783435938926843 ], [ -105.032666619630319, 39.7834493853777 ], [ -105.032451711666639, 39.783472202455037 ], [ -105.032120034946516, 39.783522958406586 ], [ -105.031712568810775, 39.783591277513807 ], [ -105.030065271118715, 39.783867458669917 ], [ -105.028100030607519, 39.784136102342593 ], [ -105.027323056123819, 39.784242302553714 ], [ -105.02660472263905, 39.784305692697565 ], [ -105.02602770169959, 39.784341244170378 ], [ -105.025665466212899, 39.784372923479651 ], [ -105.025383124159703, 39.784385987365482 ], [ -105.025345758089941, 39.784387063444278 ], [ -105.025202489151084, 39.784391192675983 ] ] ] ] } },
{ "type": "Feature", "properties": { "fid": 22, "OBJECTID": 22, "NBHD_ID": 52, "NBHD_NAME": "Regis", "TYPOLOGY": null, "NOTES": "Regis", "GLOBALID": "{6FC336AC-B216-4290-9BBD-A71AE81A13CB}", "Shape__Area": 28420025.270996101, "Shape__Length": 28812.1123889503, "Shape_Length": 28812.111678324582, "Shape_Area": 28420025.227387249 }, "geometry": { "type": "MultiPolygon", "coordinates": [ [ [ [ -105.02996267901608, 39.79203828560064 ], [ -105.029953668458162, 39.791131861851717 ], [ -105.025249577102343, 39.791113791060688 ], [ -105.025201482292587, 39.791121831866533 ], [ -105.025194594949269, 39.789249571051101 ], [ -105.025233330722699, 39.787471173048012 ], [ -105.025195218274689, 39.785612166613312 ], [ -105.025206151508797, 39.784654816992933 ], [ -105.025202490330685, 39.784391190879461 ], [ -105.025345758089941, 39.784387063444278 ], [ -105.025383124159703, 39.784385987365482 ], [ -105.025665466212899, 39.784372923479651 ], [ -105.02602770169959, 39.784341244170378 ], [ -105.02660472263905, 39.784305692697565 ], [ -105.027323056117751, 39.78424230345437 ], [ -105.028100029440182, 39.784136102337918 ], [ -105.030065271118715, 39.783867458669917 ], [ -105.031712568810775, 39.783591277513807 ], [ -105.032120034940505, 39.783522959307213 ], [ -105.032451711666639, 39.783472202455037 ], [ -105.032666619630319, 39.7834493853777 ], [ -105.032856922157052, 39.783435938926843 ], [ -105.03314243713308, 39.78340629938225 ], [ -105.033387834459688, 39.78341200687445 ], [ -105.033762017680047, 39.783427690705693 ], [ -105.034559503963209, 39.783454516008263 ], [ -105.034583794032656, 39.78345654393609 ], [ -105.035571364653691, 39.783538988946383 ], [ -105.036279742822515, 39.783586753482766 ], [ -105.036635615982107, 39.783588154467623 ], [ -105.037224583886868, 39.783599939356932 ], [ -105.038292200163653, 39.783604130504308 ], [ -105.041019703300989, 39.783588756768552 ], [ -105.043317551015633, 39.783595325345409 ], [ -105.043550646708368, 39.783605696901731 ], [ -105.043795922333103, 39.783630317678117 ], [ -105.043951167366743, 39.783650158937583 ], [ -105.044044219723801, 39.783662050438863 ], [ -105.044246483975144, 39.783695970538922 ], [ -105.044755043536966, 39.783806820320244 ], [ -105.045263204271578, 39.783979207466381 ], [ -105.046107274564349, 39.784394320979459 ], [ -105.046495778844942, 39.784568609263658 ], [ -105.046826072744722, 39.784730835778269 ], [ -105.047101543532037, 39.78483131031394 ], [ -105.04741379865365, 39.784936658548787 ], [ -105.047719978946631, 39.785032514894624 ], [ -105.047995819727618, 39.785076179720576 ], [ -105.048259385947972, 39.785119796808331 ], [ -105.048547620783566, 39.78514457244826 ], [ -105.048872760297598, 39.785155287199565 ], [ -105.049428284993596, 39.785121908484186 ], [ -105.049707526528053, 39.785076191085516 ], [ -105.049852116154284, 39.78505251982623 ], [ -105.050325215394452, 39.784954913747853 ], [ -105.050718759572291, 39.784823864332914 ], [ -105.050927863700124, 39.784748917544619 ], [ -105.051752790420608, 39.784326002575739 ], [ -105.052396082691914, 39.783999437420697 ], [ -105.052623800868275, 39.783891421346532 ], [ -105.052980551471492, 39.783755489795709 ], [ -105.053194110390834, 39.783695211400413 ], [ -105.053244502099261, 39.783680988468433 ], [ -105.053253777722006, 39.783678111832664 ], [ -105.053253779682379, 39.783683848133826 ], [ -105.053253795484935, 39.783820560938878 ], [ -105.062669402563955, 39.783854536459771 ], [ -105.062662668449505, 39.788346614757543 ], [ -105.06500522420626, 39.788349734516409 ], [ -105.065001430099656, 39.790327138554787 ], [ -105.064414430755974, 39.79032628278997 ], [ -105.064412966043975, 39.791086764760706 ], [ -105.062656506864982, 39.79108418600827 ], [ -105.062657617853759, 39.790507852537601 ], [ -105.061796317699745, 39.790506646488687 ], [ -105.061465252439532, 39.79108250375139 ], [ -105.053256510811039, 39.791070667773752 ], [ -105.044047632569303, 39.791110178989072 ], [ -105.034656362090615, 39.791149966166643 ], [ -105.034667081108168, 39.792054063358492 ], [ -105.02996267901608, 39.79203828560064 ] ] ] ] } },
{ "type": "Feature", "properties": { "fid": 23, "OBJECTID": 23, "NBHD_ID": 11, "NBHD_NAME": "Chaffee Park", "TYPOLOGY": null, "NOTES": "Chaffee Park", "GLOBALID": "{E418D72D-35F2-490E-9A96-37E22DF8130D}", "Shape__Area": 21894089.9912109, "Shape__Length": 23463.1535625016, "Shape_Length": 23463.153562501579, "Shape_Area": 21894089.989833452 }, "geometry": { "type": "MultiPolygon", "coordinates": [ [ [ [ -105.020566114167309, 39.79290183671133 ], [ -105.020554197121868, 39.791095111185314 ], [ -105.015857927675825, 39.791076583579944 ], [ -105.006420816813048, 39.79105250570737 ], [ -104.998137102474175, 39.791028651385318 ], [ -104.998131833649026, 39.791028636136083 ], [ -104.998185539805007, 39.782571285304385 ], [ -104.998366842796884, 39.782617089134654 ], [ -104.99935281972671, 39.782881656029026 ], [ -105.000302023612733, 39.783141324679278 ], [ -105.001425546307217, 39.783479834611882 ], [ -105.002056650153051, 39.783605589545488 ], [ -105.002430593298627, 39.783654509973772 ], [ -105.002847654946876, 39.783679941901411 ], [ -105.002961459059819, 39.783673212557709 ], [ -105.003182202096653, 39.783660050613427 ], [ -105.003519868299321, 39.783633070715446 ], [ -105.00426913019794, 39.783536814423925 ], [ -105.005049168030794, 39.783426479316525 ], [ -105.00570337149334, 39.783322712578745 ], [ -105.005979812128203, 39.783276533097975 ], [ -105.006214637052395, 39.783273894740105 ], [ -105.00628662873514, 39.783273085208393 ], [ -105.00664506609769, 39.783270521110538 ], [ -105.006703889411156, 39.783270101074514 ], [ -105.007053658127461, 39.783266831125239 ], [ -105.007691271448039, 39.783340508674129 ], [ -105.008390275857636, 39.783409705221416 ], [ -105.008883818019797, 39.783466206136836 ], [ -105.009742287579911, 39.783545527401472 ], [ -105.00990398867539, 39.783556927425813 ], [ -105.010527296522525, 39.783600867683454 ], [ -105.011091683714341, 39.783617414091857 ], [ -105.014827914092834, 39.783694410446955 ], [ -105.016238969249869, 39.783723886422223 ], [ -105.018291486838578, 39.783715731773043 ], [ -105.019276321083353, 39.783712655834975 ], [ -105.019491070632668, 39.783713532389619 ], [ -105.019773250066066, 39.783724152220955 ], [ -105.020110521245101, 39.783753930496914 ], [ -105.020343452040137, 39.783788017580811 ], [ -105.020772631457305, 39.783837105596675 ], [ -105.021857301900198, 39.78404034304485 ], [ -105.022225524846235, 39.784100132032179 ], [ -105.023337494904055, 39.784280677164823 ], [ -105.023613445058558, 39.784305464165072 ], [ -105.023944551716028, 39.784339941262118 ], [ -105.024398440171936, 39.784365444786225 ], [ -105.025022437337412, 39.784391299626499 ], [ -105.025094676105255, 39.784394292981695 ], [ -105.025202489151084, 39.784391192675983 ], [ -105.025206151508797, 39.784654816992933 ], [ -105.025195218274689, 39.785612166613312 ], [ -105.025233330722699, 39.787471173048012 ], [ -105.025194594949269, 39.789249571051101 ], [ -105.025199472400701, 39.791112101167194 ], [ -105.025252489634653, 39.791113502883682 ], [ -105.025274474641094, 39.793964590940867 ], [ -105.025238559804109, 39.793974740660232 ], [ -105.025043736061562, 39.794029801178155 ], [ -105.024987296732775, 39.794044266847756 ], [ -105.024929822363717, 39.794056060570952 ], [ -105.024734061141601, 39.794075577797713 ], [ -105.024648525489184, 39.794074506641415 ], [ -105.024563439898984, 39.794067674840782 ], [ -105.024479452022035, 39.794055135448538 ], [ -105.024397205706421, 39.794036985636033 ], [ -105.024317329351433, 39.794013362142778 ], [ -105.02424043353561, 39.79398444667067 ], [ -105.024167105214872, 39.793950460456429 ], [ -105.024097906566894, 39.793911662465398 ], [ -105.024033365644556, 39.793868350254066 ], [ -105.023984083222956, 39.79382954262168 ], [ -105.023938546720785, 39.793788101280057 ], [ -105.023810649149809, 39.793662834258967 ], [ -105.02375484125487, 39.793613253506464 ], [ -105.023693145204206, 39.793568014393642 ], [ -105.023626126764697, 39.793527532601416 ], [ -105.02355439754929, 39.79349217716257 ], [ -105.023478616160475, 39.793462274069491 ], [ -105.023399476589049, 39.793438095419454 ], [ -105.023317703513911, 39.793419863899487 ], [ -105.023234045346882, 39.793407745553125 ], [ -105.023149268383918, 39.793401851558208 ], [ -105.023064148645574, 39.793402236392694 ], [ -105.022979467220324, 39.793408896014483 ], [ -105.02297939828226, 39.79340890384119 ], [ -105.022979363257051, 39.793408903699316 ], [ -105.022979261634873, 39.793408910492936 ], [ -105.02289422748072, 39.79342210378929 ], [ -105.022811263462927, 39.793441623518937 ], [ -105.022731158916784, 39.793467283747312 ], [ -105.022659010177392, 39.793496850793915 ], [ -105.022590681499949, 39.793531398602489 ], [ -105.022526750446119, 39.79357063770842 ], [ -105.022467756336027, 39.793614237062805 ], [ -105.022217116120714, 39.793817208361638 ], [ -105.022170822836372, 39.793857801363529 ], [ -105.022128840368353, 39.79390109219316 ], [ -105.022091429757083, 39.793946810816877 ], [ -105.022049574104543, 39.79400299142673 ], [ -105.022017533549544, 39.794059406400208 ], [ -105.02199167646468, 39.794117679298573 ], [ -105.021972181911039, 39.79417740735849 ], [ -105.021926285432016, 39.794330239868792 ], [ -105.021871498092295, 39.794481318705024 ], [ -105.021116424738196, 39.794286708103286 ], [ -105.021578640440083, 39.793220608887232 ], [ -105.020682320919931, 39.793026784137844 ], [ -105.020566114167309, 39.79290183671133 ] ] ] ] } },
{ "type": "Feature", "properties": { "fid": 24, "OBJECTID": 24, "NBHD_ID": 62, "NBHD_NAME": "Sunnyside", "TYPOLOGY": null, "NOTES": "Sunnyside", "GLOBALID": "{2CACB1DA-0591-40AD-AFDA-FFC0F48291A1}", "Shape__Area": 39694347.9990234, "Shape__Length": 25642.476938109801, "Shape_Length": 25642.477163742584, "Shape_Area": 39694348.089374177 }, "geometry": { "type": "MultiPolygon", "coordinates": [ [ [ [ -104.998185539805007, 39.782571285304385 ], [ -104.998212383494348, 39.778343476884395 ], [ -104.998204731942238, 39.776554584374644 ], [ -104.998202530156092, 39.775495260012832 ], [ -104.998201818173101, 39.774227989850452 ], [ -104.998220503083303, 39.772984480236971 ], [ -104.998219650797992, 39.771736768025889 ], [ -104.998208012088114, 39.770505137474096 ], [ -104.998214346536557, 39.769393195933588 ], [ -104.998213306035652, 39.769303757146432 ], [ -104.998391229327694, 39.769302473590827 ], [ -105.000445727175062, 39.769326455326841 ], [ -105.000598393856734, 39.769293672143029 ], [ -105.001184503497939, 39.769291009765944 ], [ -105.001769722594204, 39.769288340702055 ], [ -105.002369170978952, 39.769285728879346 ], [ -105.002976623318929, 39.769283147797282 ], [ -105.003568006866146, 39.769289074663554 ], [ -105.003624032442687, 39.769289654061794 ], [ -105.004147829177455, 39.76929494986274 ], [ -105.004715259098504, 39.769292534380305 ], [ -105.005297810071937, 39.769289836553 ], [ -105.005871432636965, 39.769291902518852 ], [ -105.006058193859332, 39.769292686281787 ], [ -105.006468177829063, 39.769294405783093 ], [ -105.007047154525537, 39.769294086390431 ], [ -105.00744825607805, 39.769294049515558 ], [ -105.008043238366142, 39.769294135344126 ], [ -105.009628085129876, 39.769293541443268 ], [ -105.01022751408523, 39.769293634754874 ], [ -105.010624170130995, 39.769293568564116 ], [ -105.011212040139824, 39.769293265657751 ], [ -105.011811464315699, 39.769294037191415 ], [ -105.012209894254823, 39.769294659321112 ], [ -105.012378872481861, 39.769294673063158 ], [ -105.012804887309429, 39.769293005361028 ], [ -105.012975635832134, 39.769294398186972 ], [ -105.013384717569735, 39.769297805635169 ], [ -105.013545683440753, 39.769299157196521 ], [ -105.013795591081802, 39.769299503294299 ], [ -105.014118427668748, 39.769299806733287 ], [ -105.014409247062261, 39.769299977224534 ], [ -105.014721409268773, 39.769300578132501 ], [ -105.014961554405062, 39.769298136283659 ], [ -105.015298645267904, 39.769294720527157 ], [ -105.015878546803009, 39.769289214207099 ], [ -105.017432328100426, 39.769279465496737 ], [ -105.01800507928067, 39.769279066693137 ], [ -105.018404404427585, 39.769278642063071 ], [ -105.018985161956905, 39.769277928091043 ], [ -105.020533576056934, 39.769272577514997 ], [ -105.021132078005564, 39.769278101981634 ], [ -105.022071184567139, 39.769286722446545 ], [ -105.022916917073331, 39.769293927588322 ], [ -105.023634664844337, 39.769288941619834 ], [ -105.024226962793847, 39.769291336866331 ], [ -105.024615603162999, 39.769292906904475 ], [ -105.025248811746181, 39.769295461305902 ], [ -105.02524829145473, 39.769765925013793 ], [ -105.025247824643785, 39.770229179935654 ], [ -105.025309167385757, 39.770847360500575 ], [ -105.025308880389275, 39.771142261118705 ], [ -105.025303774824167, 39.772051884142648 ], [ -105.025301535388323, 39.772440507026339 ], [ -105.025240114864047, 39.772943495244341 ], [ -105.02529730950576, 39.773447371472315 ], [ -105.025295996179324, 39.774719950061865 ], [ -105.02529706534844, 39.775773773020866 ], [ -105.025232797356495, 39.776650206068254 ], [ -105.025278310933302, 39.777860000361763 ], [ -105.025267370633912, 39.779050337342632 ], [ -105.025260413703805, 39.779838804950913 ], [ -105.025198496898113, 39.78026930096204 ], [ -105.025255051999181, 39.78095374850173 ], [ -105.025252481464349, 39.782151904041413 ], [ -105.025250980262712, 39.782578283192535 ], [ -105.025203205471016, 39.782995063793223 ], [ -105.025195985506485, 39.783923176462423 ], [ -105.025201446063178, 39.784316148210827 ], [ -105.025201446050971, 39.784316150012117 ], [ -105.025202489151084, 39.784391192675983 ], [ -105.025094676105255, 39.784394292981695 ], [ -105.025022437337412, 39.784391299626499 ], [ -105.024398440171936, 39.784365444786225 ], [ -105.023944551716028, 39.784339941262118 ], [ -105.023613445058558, 39.784305464165072 ], [ -105.023337494904055, 39.784280677164823 ], [ -105.022225524846235, 39.784100132032179 ], [ -105.021857301900198, 39.78404034304485 ], [ -105.020772631457305, 39.783837105596675 ], [ -105.020343452040137, 39.783788017580811 ], [ -105.020110521245101, 39.783753930496914 ], [ -105.019773250066066, 39.783724152220955 ], [ -105.019491070632668, 39.783713532389619 ], [ -105.019276321083353, 39.783712655834975 ], [ -105.018291486838578, 39.783715731773043 ], [ -105.016238969249869, 39.783723886422223 ], [ -105.014827914092834, 39.783694410446955 ], [ -105.011091683714341, 39.783617414091857 ], [ -105.010527296522525, 39.783600867683454 ], [ -105.00990398867539, 39.783556927425813 ], [ -105.009742287579911, 39.783545527401472 ], [ -105.008883818019797, 39.783466206136836 ], [ -105.008390275857636, 39.783409705221416 ], [ -105.007691271448039, 39.783340508674129 ], [ -105.007053658127461, 39.783266831125239 ], [ -105.006703889411156, 39.783270101074514 ], [ -105.00664506609769, 39.783270521110538 ], [ -105.00628662873514, 39.783273085208393 ], [ -105.006214637052395, 39.783273894740105 ], [ -105.005979812128203, 39.783276533097975 ], [ -105.00570337149334, 39.783322712578745 ], [ -105.005049168030794, 39.783426479316525 ], [ -105.00426913019794, 39.783536814423925 ], [ -105.003519868299321, 39.783633070715446 ], [ -105.003182202096653, 39.783660050613427 ], [ -105.002961459059819, 39.783673212557709 ], [ -105.002847654946876, 39.783679941901411 ], [ -105.002430593298627, 39.783654509973772 ], [ -105.002056650153051, 39.783605589545488 ], [ -105.001425546307217, 39.783479834611882 ], [ -105.000302023612733, 39.783141324679278 ], [ -104.99935281972671, 39.782881656029026 ], [ -104.998366842796884, 39.782617089134654 ], [ -104.998185539805007, 39.782571285304385 ] ] ] ] } },
{ "type": "Feature", "properties": { "fid": 25, "OBJECTID": 25, "NBHD_ID": 36, "NBHD_NAME": "Highland", "TYPOLOGY": null, "NOTES": "Highland", "GLOBALID": "{774D2FBC-CA92-4B20-B163-239303E2CB41}", "Shape__Area": 32140439.729980499, "Shape__Length": 23553.956986720801, "Shape_Length": 23553.957026551325, "Shape_Area": 32140439.697964139 }, "geometry": { "type": "MultiPolygon", "coordinates": [ [ [ [ -104.998213306035652, 39.769303757146432 ], [ -104.998215127861727, 39.769159460167351 ], [ -104.998216670389994, 39.768052991705034 ], [ -104.998256617667465, 39.762126038482442 ], [ -104.998324145368059, 39.762106572837411 ], [ -104.998450562567456, 39.762086865423989 ], [ -104.998568974067638, 39.762067466926645 ], [ -104.998676756317991, 39.762042189410394 ], [ -104.998717533228145, 39.762030095963894 ], [ -104.998762307467501, 39.76201681713232 ], [ -104.998836319216807, 39.761988650424236 ], [ -104.99898171545469, 39.7619261289001 ], [ -104.999052231356714, 39.76188936830728 ], [ -104.999208502659087, 39.76179841093785 ], [ -104.99934247892763, 39.761716279657179 ], [ -104.999461176177647, 39.761656732369097 ], [ -104.999606634730171, 39.761585631465756 ], [ -104.999821652855942, 39.761486687286684 ], [ -105.000033925540322, 39.761398712006475 ], [ -105.000472589552245, 39.761237574969229 ], [ -105.000858502371031, 39.761116362632713 ], [ -105.001040190930965, 39.761076983826136 ], [ -105.001218179511824, 39.761057835195885 ], [ -105.00136312382287, 39.761058449298901 ], [ -105.001492103492538, 39.761053161980541 ], [ -105.001630055921794, 39.761036588402348 ], [ -105.001736925475001, 39.761014392614797 ], [ -105.001867038060325, 39.760974794199512 ], [ -105.001986540704578, 39.760926571880482 ], [ -105.002146177784041, 39.76086170371056 ], [ -105.002280009966583, 39.760799129196911 ], [ -105.002472589192635, 39.760728567140987 ], [ -105.002528733257236, 39.760711646695206 ], [ -105.002658723129542, 39.760689204628214 ], [ -105.002795885112576, 39.7606585569972 ], [ -105.002847581757578, 39.760641617613196 ], [ -105.002892205949621, 39.76061881470558 ], [ -105.002977997088195, 39.760559124892197 ], [ -105.003029867473202, 39.76051782216679 ], [ -105.003178887320971, 39.760412492049703 ], [ -105.003440086166137, 39.760227870888507 ], [ -105.003596367508692, 39.760134162480263 ], [ -105.003726779752526, 39.760052012063596 ], [ -105.003826930500452, 39.759973507745997 ], [ -105.003927958092873, 39.759896723712536 ], [ -105.004035249961333, 39.759814475507461 ], [ -105.004124921193664, 39.759708818435989 ], [ -105.004196824929195, 39.759600684369296 ], [ -105.004259778122076, 39.75950074827778 ], [ -105.004304733494678, 39.759430933093441 ], [ -105.004432255001817, 39.759254058932811 ], [ -105.004548031931066, 39.759103214970288 ], [ -105.004738727952585, 39.758920771827086 ], [ -105.004876551937045, 39.758795756920605 ], [ -105.005084946710014, 39.758625054923222 ], [ -105.005167259091266, 39.758553681588346 ], [ -105.005506736949414, 39.758204746939334 ], [ -105.00562232837936, 39.758079636832001 ], [ -105.005663594074619, 39.758028336881118 ], [ -105.005708559194389, 39.757956806298061 ], [ -105.005765402956982, 39.757840029096542 ], [ -105.005806081540982, 39.757745832232644 ], [ -105.00582171286888, 39.757672804912374 ], [ -105.0058374118736, 39.757590170428095 ], [ -105.005848606880079, 39.757515752754664 ], [ -105.005879263497206, 39.75745582929892 ], [ -105.005953791077701, 39.757353195587378 ], [ -105.006043453860258, 39.757247879201771 ], [ -105.006125964259297, 39.757148024118074 ], [ -105.00618520353548, 39.757069690122371 ], [ -105.006338543189756, 39.756887088456352 ], [ -105.006450817160882, 39.756758622089436 ], [ -105.006517828657394, 39.756681946217881 ], [ -105.006607530776535, 39.756570796809022 ], [ -105.006655956523559, 39.756512663396371 ], [ -105.006757420190667, 39.756372737219586 ], [ -105.006847140841899, 39.756258842453612 ], [ -105.007033536534834, 39.756053730086329 ], [ -105.007164459370642, 39.755897113210025 ], [ -105.007593802749639, 39.755409911960434 ], [ -105.008196512774802, 39.754798525933296 ], [ -105.008227859533918, 39.75478915303681 ], [ -105.008280272102695, 39.754773482388785 ], [ -105.008354150915935, 39.754762466887215 ], [ -105.00844668259694, 39.754754274486686 ], [ -105.00855077319649, 39.754746130278647 ], [ -105.008588177586248, 39.754737707568609 ], [ -105.008639950223142, 39.754709098658097 ], [ -105.008729345934427, 39.754640840733011 ], [ -105.009016183624595, 39.754439231847094 ], [ -105.009079644483464, 39.754392141101675 ], [ -105.009164632075439, 39.754318373966349 ], [ -105.009281162152092, 39.754184342009225 ], [ -105.0093404458176, 39.75409880118346 ], [ -105.009366511835211, 39.754058759745803 ], [ -105.009407732777859, 39.754013291884711 ], [ -105.009499412109989, 39.753933452150335 ], [ -105.010130325567488, 39.754269063159697 ], [ -105.010416707434516, 39.754403852141621 ], [ -105.011717736792832, 39.755016182590843 ], [ -105.011775428904713, 39.755037222898736 ], [ -105.013162408120138, 39.755543048046547 ], [ -105.014649478187508, 39.756085348482969 ], [ -105.014890949833728, 39.756151461497645 ], [ -105.015631559448764, 39.756354229740552 ], [ -105.015845449561667, 39.756310269923262 ], [ -105.016736858303872, 39.756634441076699 ], [ -105.016926668637396, 39.756703851271837 ], [ -105.017821762083912, 39.757010871492824 ], [ -105.018489646261941, 39.757256559389148 ], [ -105.019306479403255, 39.757567022721076 ], [ -105.020548101220001, 39.758045984669018 ], [ -105.021378422045643, 39.758467327382029 ], [ -105.02208178516625, 39.758469155912231 ], [ -105.022633076909997, 39.758473108826166 ], [ -105.023094559787097, 39.758476695310449 ], [ -105.023623621712503, 39.758480553513174 ], [ -105.024384787513469, 39.7584819158984 ], [ -105.025243767392851, 39.758483324777863 ], [ -105.025245938086456, 39.760263965227061 ], [ -105.02523388393567, 39.760862379689456 ], [ -105.0252517738992, 39.762028835980296 ], [ -105.025252511232225, 39.762445085885545 ], [ -105.025254470389996, 39.763206212311523 ], [ -105.025288044139231, 39.763785618729152 ], [ -105.02529133129697, 39.764672130088378 ], [ -105.025292975060438, 39.765093817855089 ], [ -105.025243482400398, 39.765616827809509 ], [ -105.02529761732383, 39.766085297844455 ], [ -105.025296887048057, 39.76651857008342 ], [ -105.025297571910087, 39.767444190440081 ], [ -105.025298144446694, 39.768163364065877 ], [ -105.025260496238531, 39.768358013502926 ], [ -105.025248811746181, 39.769295461305902 ], [ -105.024615603162999, 39.769292906904475 ], [ -105.024226962793847, 39.769291336866331 ], [ -105.023634664844337, 39.769288941619834 ], [ -105.022916917073331, 39.769293927588322 ], [ -105.022071184567139, 39.769286722446545 ], [ -105.021132078005564, 39.769278101981634 ], [ -105.020533576056934, 39.769272577514997 ], [ -105.018985161956905, 39.769277928091043 ], [ -105.018404404427585, 39.769278642063071 ], [ -105.01800507928067, 39.769279066693137 ], [ -105.017432328100426, 39.769279465496737 ], [ -105.015878546803009, 39.769289214207099 ], [ -105.015298645267904, 39.769294720527157 ], [ -105.014961554405062, 39.769298136283659 ], [ -105.014721409268773, 39.769300578132501 ], [ -105.014409247062261, 39.769299977224534 ], [ -105.014118427668748, 39.769299806733287 ], [ -105.013795591081802, 39.769299503294299 ], [ -105.013545683440753, 39.769299157196521 ], [ -105.013384717569735, 39.769297805635169 ], [ -105.012975635832134, 39.769294398186972 ], [ -105.012804887309429, 39.769293005361028 ], [ -105.012378872481861, 39.769294673063158 ], [ -105.012209894254823, 39.769294659321112 ], [ -105.011811464315699, 39.769294037191415 ], [ -105.011212040139824, 39.769293265657751 ], [ -105.010624170130995, 39.769293568564116 ], [ -105.01022751408523, 39.769293634754874 ], [ -105.009628085129876, 39.769293541443268 ], [ -105.008043238366142, 39.769294135344126 ], [ -105.00744825607805, 39.769294049515558 ], [ -105.007047154525537, 39.769294086390431 ], [ -105.006468177829063, 39.769294405783093 ], [ -105.006058193859332, 39.769292686281787 ], [ -105.005871432636965, 39.769291902518852 ], [ -105.005297810071937, 39.769289836553 ], [ -105.004715259098504, 39.769292534380305 ], [ -105.004147829177455, 39.76929494986274 ], [ -105.003624032442687, 39.769289654061794 ], [ -105.003568006866146, 39.769289074663554 ], [ -105.002976623318929, 39.769283147797282 ], [ -105.002369170978952, 39.769285728879346 ], [ -105.001769722594204, 39.769288340702055 ], [ -105.001184503497939, 39.769291009765944 ], [ -105.000598393856734, 39.769293672143029 ], [ -105.000445727175062, 39.769326455326841 ], [ -104.998391229327694, 39.769302473590827 ], [ -104.998213306035652, 39.769303757146432 ] ] ] ] } },
{ "type": "Feature", "properties": { "fid": 26, "OBJECTID": 26, "NBHD_ID": 29, "NBHD_NAME": "Globeville", "TYPOLOGY": "NEST", "NOTES": "Globeville", "GLOBALID": "{0B7C4DB7-B812-446A-A313-E35859C59CF9}", "Shape__Area": 57424926.935058601, "Shape__Length": 42162.215296206698, "Shape_Length": 42162.214116695097, "Shape_Area": 57424927.556221247 }, "geometry": { "type": "MultiPolygon", "coordinates": [ [ [ [ -104.968833916563696, 39.791008038970787 ], [ -104.969191643695524, 39.790760866148752 ], [ -104.969355350593077, 39.790641500874145 ], [ -104.969530557980335, 39.790530765967759 ], [ -104.969761092779194, 39.790397287873297 ], [ -104.970025593457294, 39.790242687688668 ], [ -104.970197283335452, 39.790126102372852 ], [ -104.970357534989574, 39.789992650023493 ], [ -104.970577565000212, 39.789836132804005 ], [ -104.970778815333247, 39.789692570538051 ], [ -104.971699259570912, 39.789026183177171 ], [ -104.972269402442436, 39.788566856394283 ], [ -104.972761541155649, 39.788187475120864 ], [ -104.973700523112441, 39.78753522503893 ], [ -104.973820206347199, 39.787471590480443 ], [ -104.974102294268462, 39.787341422533657 ], [ -104.974165691105924, 39.787310136569388 ], [ -104.97428458179003, 39.787233457321115 ], [ -104.974374008689168, 39.787171059720364 ], [ -104.974504656116451, 39.787068697226147 ], [ -104.974616581326558, 39.786971741484983 ], [ -104.97474739775636, 39.786846731436121 ], [ -104.97487103676454, 39.786729923978505 ], [ -104.974971502143745, 39.786618847550436 ], [ -104.975064915053551, 39.786499160791799 ], [ -104.975166462061509, 39.786362352605011 ], [ -104.975218762443475, 39.786268217972697 ], [ -104.975275659412532, 39.786154201875377 ], [ -104.975335355841864, 39.786022696560245 ], [ -104.975380634420702, 39.785915835730385 ], [ -104.975419280553282, 39.785744430922591 ], [ -104.97543605154776, 39.785524201931104 ], [ -104.975436565198166, 39.785455572877154 ], [ -104.975422385629628, 39.78532957284304 ], [ -104.975408301140888, 39.785190876591422 ], [ -104.975395160176234, 39.785044978336614 ], [ -104.975385200384878, 39.784830462886411 ], [ -104.975386633572924, 39.784638990284144 ], [ -104.975391272985803, 39.7844945429229 ], [ -104.975404142692085, 39.784320278867128 ], [ -104.975431438682719, 39.784119998586746 ], [ -104.975455217529614, 39.783914213079349 ], [ -104.97549231615514, 39.783751625019669 ], [ -104.975512238369291, 39.783664308062058 ], [ -104.975566710702054, 39.783398607531069 ], [ -104.975623377616145, 39.783196055884083 ], [ -104.975717631879476, 39.782963131890554 ], [ -104.975826801768278, 39.7827577255091 ], [ -104.975924933843444, 39.782600998452068 ], [ -104.975965613022453, 39.782514018749417 ], [ -104.976000227227033, 39.782405393425989 ], [ -104.97605678691788, 39.782216910283331 ], [ -104.976110313616687, 39.782077142182374 ], [ -104.976166177756809, 39.781981651141948 ], [ -104.976219193778419, 39.781910167188066 ], [ -104.976278305361149, 39.781856212008456 ], [ -104.97637121749959, 39.781802407120345 ], [ -104.976415927857261, 39.781771035901123 ], [ -104.976479433964244, 39.781724306366591 ], [ -104.976535879285507, 39.781669996047803 ], [ -104.976599713433529, 39.781579001208719 ], [ -104.976655739096316, 39.781461891119505 ], [ -104.97670818240168, 39.781347854353243 ], [ -104.976761430487869, 39.781245145176023 ], [ -104.976806568061534, 39.781156469194976 ], [ -104.976900034580368, 39.781028202197042 ], [ -104.977005063994568, 39.780899985580689 ], [ -104.977076100865261, 39.780797355261093 ], [ -104.977124675350325, 39.780724822591608 ], [ -104.977218205868382, 39.780587975888515 ], [ -104.977387655675173, 39.780289842023777 ], [ -104.977462589476289, 39.780141589419173 ], [ -104.977533816746444, 39.780013222278846 ], [ -104.977571665457532, 39.77994750487025 ], [ -104.977665257986402, 39.779802080133386 ], [ -104.977694908340638, 39.779762062778268 ], [ -104.977807465413221, 39.779578288018634 ], [ -104.977833602367127, 39.779532421443641 ], [ -104.977856263238081, 39.779475558552768 ], [ -104.977917349767054, 39.779275427213605 ], [ -104.97800825307614, 39.779012975079922 ], [ -104.978024237513424, 39.778897060229561 ], [ -104.978039659521258, 39.778737218390255 ], [ -104.978023809959112, 39.778476694959807 ], [ -104.978003382970428, 39.778233651114263 ], [ -104.977942670461132, 39.7779060138487 ], [ -104.977878605255214, 39.777550908484827 ], [ -104.97784935362597, 39.77741797757141 ], [ -104.977839467700946, 39.777312242537377 ], [ -104.977836848079193, 39.777186293683634 ], [ -104.977802228597852, 39.776818622094076 ], [ -104.977807022165948, 39.776652900312115 ], [ -104.977807725151294, 39.776558535367734 ], [ -104.977812784636072, 39.776516309419321 ], [ -104.977820054533055, 39.776455644053527 ], [ -104.977842972586913, 39.776364123756231 ], [ -104.977891852465618, 39.776250070463647 ], [ -104.977940637627441, 39.776148713401327 ], [ -104.978113684948198, 39.775843386880886 ], [ -104.978207375599084, 39.775683892660538 ], [ -104.978222797297491, 39.775657074351692 ], [ -104.978346145533223, 39.77544258352934 ], [ -104.978424651089995, 39.775312342991285 ], [ -104.978533460687459, 39.775131829087563 ], [ -104.978619683373452, 39.775019313457278 ], [ -104.978735521467513, 39.774871240921641 ], [ -104.97886296466001, 39.774717385125385 ], [ -104.978949091934211, 39.774617565499788 ], [ -104.979076428257414, 39.774478122339183 ], [ -104.97917678528691, 39.774378364601212 ], [ -104.979251188955516, 39.774300112458263 ], [ -104.979438475345901, 39.7741122053393 ], [ -104.979614261160037, 39.773915669139917 ], [ -104.979688781016733, 39.773821631256673 ], [ -104.979782168825878, 39.773701939273515 ], [ -104.97985667804555, 39.773609273846127 ], [ -104.979961774935305, 39.773469731432435 ], [ -104.980118880641413, 39.773273111028878 ], [ -104.980186338688171, 39.773171835401584 ], [ -104.980388443631767, 39.772903695070589 ], [ -104.980493558755825, 39.772761406104102 ], [ -104.981106665559466, 39.771999219292276 ], [ -104.981263787611596, 39.771799508967717 ], [ -104.98159318735722, 39.771395007987088 ], [ -104.981724195674914, 39.771238420315356 ], [ -104.982232051254044, 39.770634300161888 ], [ -104.982426729876522, 39.770406272500054 ], [ -104.982845820039685, 39.769897843313771 ], [ -104.983170694332557, 39.76950155352732 ], [ -104.983272178137042, 39.769367825756312 ], [ -104.983329743408802, 39.769282061113017 ], [ -104.983421451028747, 39.769145429779329 ], [ -104.983549252713715, 39.768940097114793 ], [ -104.983762720754186, 39.768574887879041 ], [ -104.983897824428183, 39.768343850252897 ], [ -104.984033010546725, 39.768101489626247 ], [ -104.984115671128194, 39.767987237464475 ], [ -104.984217024708343, 39.767870665965049 ], [ -104.984365810518483, 39.767713809935934 ], [ -104.984448131951069, 39.767645539624418 ], [ -104.984615190008, 39.767543323933282 ], [ -104.985340613722073, 39.76721775579265 ], [ -104.985452019938378, 39.767185299981136 ], [ -104.98656271345061, 39.766832924971425 ], [ -104.987550172516222, 39.766548290811329 ], [ -104.987643672959152, 39.766522124500021 ], [ -104.98872737722543, 39.766218833995865 ], [ -104.988861041472802, 39.766182353776216 ], [ -104.989113235250656, 39.766111728379244 ], [ -104.989424987383202, 39.766044450071028 ], [ -104.989628823659785, 39.766019597413695 ], [ -104.990630107701634, 39.765909663882319 ], [ -104.99073778522795, 39.765900178284312 ], [ -104.990860654241885, 39.765880463661276 ], [ -104.990986270779061, 39.76584977984902 ], [ -104.991387169014473, 39.765752684200827 ], [ -104.991662581008484, 39.765668084332688 ], [ -104.991796304863911, 39.7656230221803 ], [ -104.99198181715316, 39.765549358413551 ], [ -104.992153139105213, 39.765470142664249 ], [ -104.992402119003685, 39.765351112484993 ], [ -104.992539576429508, 39.765281700719356 ], [ -104.99282629947902, 39.765108270779457 ], [ -104.99296744712791, 39.765020344969201 ], [ -104.993097944253719, 39.764929284735224 ], [ -104.993209786086268, 39.764835397904342 ], [ -104.993392355118644, 39.764676273761538 ], [ -104.993638309646926, 39.764482762497195 ], [ -104.993809937977787, 39.764360651322932 ], [ -104.993940494703324, 39.764261011534551 ], [ -104.99406313053089, 39.764150013454206 ], [ -104.994197449045828, 39.764021907713456 ], [ -104.994682564885338, 39.763589213414818 ], [ -104.995185110162012, 39.763205319785492 ], [ -104.99533435805445, 39.763103013344939 ], [ -104.995430817370931, 39.76304508965729 ], [ -104.995516536349626, 39.762996729092258 ], [ -104.995680694559852, 39.762922967950139 ], [ -104.996000033570851, 39.762787073799814 ], [ -104.996219458570991, 39.762695018170838 ], [ -104.996397779232609, 39.762630237760419 ], [ -104.996609066950214, 39.7625566769456 ], [ -104.99678718247452, 39.762520377811185 ], [ -104.99696517717598, 39.762500892473049 ], [ -104.99705659923579, 39.762498517174542 ], [ -104.997146624104317, 39.762496177267089 ], [ -104.997280114482649, 39.762482334955415 ], [ -104.997351377228753, 39.762465481546805 ], [ -104.997495722920419, 39.762425948740251 ], [ -104.997618786734492, 39.762378089215623 ], [ -104.997715216118181, 39.762323939127668 ], [ -104.997823306295857, 39.762255769363755 ], [ -104.997919610029669, 39.762219119463303 ], [ -104.9981387949382, 39.762160001186679 ], [ -104.998256617667465, 39.762126038482442 ], [ -104.998216670389994, 39.768052991705034 ], [ -104.998215127861727, 39.769159460167351 ], [ -104.998213306035652, 39.769303757146432 ], [ -104.998214346536557, 39.769393195933588 ], [ -104.998208012088114, 39.770505137474096 ], [ -104.998219650797992, 39.771736768025889 ], [ -104.998220503083303, 39.772984480236971 ], [ -104.998201818173101, 39.774227989850452 ], [ -104.998202530156092, 39.775495260012832 ], [ -104.998204731942238, 39.776554584374644 ], [ -104.998212383494348, 39.778343476884395 ], [ -104.998185539805007, 39.782571285304385 ], [ -104.998131833649026, 39.791028636136083 ], [ -104.996994409753441, 39.791025315206376 ], [ -104.993252326482491, 39.791032243853977 ], [ -104.993250430449081, 39.792048803963745 ], [ -104.990639462051874, 39.792053493836349 ], [ -104.99027303238222, 39.791524626552402 ], [ -104.990272825931996, 39.791037587929509 ], [ -104.98755789223064, 39.791042278937041 ], [ -104.986380691713066, 39.791044604229434 ], [ -104.98637617632906, 39.791874805960582 ], [ -104.985790804001041, 39.791876953710251 ], [ -104.985791925509389, 39.791671118348759 ], [ -104.985204884114466, 39.79167326849997 ], [ -104.985208302179331, 39.791046788375695 ], [ -104.978179918799199, 39.791059661023908 ], [ -104.978176432561256, 39.791883011602387 ], [ -104.977731726309713, 39.791882400180143 ], [ -104.977735128950926, 39.791059061829955 ], [ -104.97596709390487, 39.791056608592648 ], [ -104.975961261249751, 39.792428845888423 ], [ -104.973075400748286, 39.792424792305923 ], [ -104.973067119695671, 39.794120383502126 ], [ -104.974685842832869, 39.794131353879692 ], [ -104.974675408266862, 39.795716768457524 ], [ -104.97117101835714, 39.795692997369713 ], [ -104.971167983523813, 39.796151312695571 ], [ -104.971666068883366, 39.796154700199715 ], [ -104.971651701183262, 39.798322813459848 ], [ -104.968734254338699, 39.798302963931526 ], [ -104.96862798748522, 39.798302213421167 ], [ -104.968648219251591, 39.795669950441614 ], [ -104.968661887011919, 39.793223826051232 ], [ -104.968383747669122, 39.793215017853754 ], [ -104.968359555102992, 39.793279190523535 ], [ -104.96754340259838, 39.793278158349793 ], [ -104.967548662433927, 39.793247109370498 ], [ -104.967705036493342, 39.79281309211666 ], [ -104.967808970275826, 39.792612003174938 ], [ -104.967941706029293, 39.791843966141386 ], [ -104.968324740267249, 39.791844449594144 ], [ -104.96845223713629, 39.791710930361162 ], [ -104.968627816970852, 39.79155546631354 ], [ -104.968780822723119, 39.791439828241245 ], [ -104.968781056275674, 39.791396078819886 ], [ -104.968782916479327, 39.791046241901803 ], [ -104.968833916563696, 39.791008038970787 ] ] ] ] } },
{ "type": "Feature", "properties": { "fid": 27, "OBJECTID": 27, "NBHD_ID": 39, "NBHD_NAME": "Jefferson Park", "TYPOLOGY": null, "NOTES": "Jefferson Park", "GLOBALID": "{9B7E6500-CEF4-4495-BC35-5421C1DA372C}", "Shape__Area": 13715106.545410199, "Shape__Length": 17949.026682231401, "Shape_Length": 17949.026992467632, "Shape_Area": 13715106.525362765 }, "geometry": { "type": "MultiPolygon", "coordinates": [ [ [ [ -105.009499412109989, 39.753933452150335 ], [ -105.009773629339847, 39.75369465232987 ], [ -105.00993016825872, 39.753560786346647 ], [ -105.010030151725246, 39.753503895636598 ], [ -105.010179177530986, 39.75342730592844 ], [ -105.01027921812198, 39.753362179508436 ], [ -105.010533021387118, 39.75317861756141 ], [ -105.010662622854284, 39.753082042525342 ], [ -105.010834214008625, 39.752956817695882 ], [ -105.011195483135026, 39.752662517566471 ], [ -105.011329610811686, 39.752554294190006 ], [ -105.011404775225998, 39.752485975110467 ], [ -105.011497860542491, 39.752397827334342 ], [ -105.011546291304896, 39.75233797609048 ], [ -105.01161716025932, 39.752248019332278 ], [ -105.011687997960792, 39.752162524324895 ], [ -105.012064604722141, 39.751835342153335 ], [ -105.012243701816089, 39.751652839333879 ], [ -105.012537928218023, 39.751408357877182 ], [ -105.012783605715143, 39.751240542510409 ], [ -105.012973859747959, 39.751115391769027 ], [ -105.013121966723332, 39.751041882001019 ], [ -105.013311881418304, 39.75096545833938 ], [ -105.01338585544157, 39.750940027530916 ], [ -105.013449182801651, 39.750911463358129 ], [ -105.013508919206004, 39.750887689390495 ], [ -105.013598148212509, 39.750842075309258 ], [ -105.014408500948576, 39.750405151700669 ], [ -105.01461282682962, 39.750301675175869 ], [ -105.014695018833535, 39.750244707090594 ], [ -105.014791557223205, 39.750170640298116 ], [ -105.014966787559018, 39.750031354077073 ], [ -105.015093849829825, 39.749914518331906 ], [ -105.015149426469861, 39.74984920451687 ], [ -105.015168325066412, 39.749816339399331 ], [ -105.015202544510515, 39.749753682820227 ], [ -105.015277496192141, 39.749586530519984 ], [ -105.015319225341116, 39.749466597777847 ], [ -105.015384287660524, 39.749186507227563 ], [ -105.015453941922118, 39.748756475405614 ], [ -105.015485275288015, 39.748468009207258 ], [ -105.015553458043669, 39.747735992789629 ], [ -105.015566369652234, 39.747552224073459 ], [ -105.015585997060043, 39.747272864875114 ], [ -105.015603094913317, 39.746985713420678 ], [ -105.015619296474682, 39.746699586813179 ], [ -105.01562834313772, 39.746548291187089 ], [ -105.015629677515847, 39.746355099628637 ], [ -105.015631651819362, 39.746069257551397 ], [ -105.015640237112123, 39.745856191826618 ], [ -105.015688470007291, 39.745308712554056 ], [ -105.015709528288639, 39.74496289650277 ], [ -105.015740851799762, 39.744675459272536 ], [ -105.015760529429642, 39.74452969867869 ], [ -105.015809660704804, 39.744366901431299 ], [ -105.015850222912604, 39.744257065440578 ], [ -105.015854959695034, 39.744244236818275 ], [ -105.01596033763488, 39.744047355214896 ], [ -105.016080056397854, 39.743833373742063 ], [ -105.016271358504525, 39.743396379624066 ], [ -105.016323317666021, 39.743433110120208 ], [ -105.016843316132778, 39.743978373270153 ], [ -105.017425570249401, 39.744566133578758 ], [ -105.017574025101169, 39.744764151864437 ], [ -105.01787485778587, 39.745165415187856 ], [ -105.018091085607438, 39.7455525248225 ], [ -105.018229433665496, 39.745897071830029 ], [ -105.018327992117122, 39.746344046016809 ], [ -105.018330332284009, 39.746386733977523 ], [ -105.018991888964948, 39.746391881550466 ], [ -105.019639114091646, 39.746394525182403 ], [ -105.020492954244759, 39.746398897165513 ], [ -105.020500258064473, 39.74683796430778 ], [ -105.020519009234974, 39.747606369239655 ], [ -105.022078516508515, 39.747598986506013 ], [ -105.02362643537883, 39.747595997229652 ], [ -105.023629684813869, 39.747117649849926 ], [ -105.023634771002477, 39.746368901811607 ], [ -105.025223526141758, 39.746370862017734 ], [ -105.025231963034543, 39.746963183615605 ], [ -105.025233673044397, 39.74710422768365 ], [ -105.025239320506131, 39.747583985383201 ], [ -105.025242393028904, 39.748094753551385 ], [ -105.025283896456443, 39.748126508437075 ], [ -105.025282823470761, 39.748792606731563 ], [ -105.025278014867254, 39.750005688222998 ], [ -105.025280193518014, 39.750688883098277 ], [ -105.025239879652887, 39.75073351355276 ], [ -105.025238747416935, 39.75121389264072 ], [ -105.025234943815917, 39.751693130525268 ], [ -105.025309205684792, 39.751721516585434 ], [ -105.025306513403848, 39.752422759728034 ], [ -105.025287185085332, 39.75363090389493 ], [ -105.025292062524898, 39.754029936582604 ], [ -105.025225205693133, 39.754053064511325 ], [ -105.025232841716672, 39.754844114853405 ], [ -105.025233552327833, 39.75544662061327 ], [ -105.025283795772566, 39.755474898939298 ], [ -105.025279829420271, 39.756026618569628 ], [ -105.025285359197767, 39.757258675962753 ], [ -105.025287022771991, 39.757796852962606 ], [ -105.025244699505436, 39.75783880022712 ], [ -105.025245039016966, 39.757902577942325 ], [ -105.025243767392851, 39.758483324777863 ], [ -105.024384787513469, 39.7584819158984 ], [ -105.023623621712503, 39.758480553513174 ], [ -105.023094559787097, 39.758476695310449 ], [ -105.022633076909997, 39.758473108826166 ], [ -105.02208178516625, 39.758469155912231 ], [ -105.021378422045643, 39.758467327382029 ], [ -105.020548101220001, 39.758045984669018 ], [ -105.019306479403255, 39.757567022721076 ], [ -105.018489646261941, 39.757256559389148 ], [ -105.017821762083912, 39.757010871492824 ], [ -105.016926668637396, 39.756703851271837 ], [ -105.016736858303872, 39.756634441076699 ], [ -105.015845449561667, 39.756310269923262 ], [ -105.015631559448764, 39.756354229740552 ], [ -105.014890949833728, 39.756151461497645 ], [ -105.014649478187508, 39.756085348482969 ], [ -105.013162408120138, 39.755543048046547 ], [ -105.011775428904713, 39.755037222898736 ], [ -105.011717736792832, 39.755016182590843 ], [ -105.010416707434516, 39.754403852141621 ], [ -105.010130325567488, 39.754269063159697 ], [ -105.009499412109989, 39.753933452150335 ] ] ] ] } },
{ "type": "Feature", "properties": { "fid": 28, "OBJECTID": 28, "NBHD_ID": 61, "NBHD_NAME": "Sun Valley", "TYPOLOGY": "NEST", "NOTES": "Sun Valley", "GLOBALID": "{94A9276A-482E-4F96-BDE5-B786990BFC94}", "Shape__Area": 17906709.2573242, "Shape__Length": 21013.6955489352, "Shape_Length": 21013.695720441672, "Shape_Area": 17906709.182037584 }, "geometry": { "type": "MultiPolygon", "coordinates": [ [ [ [ -105.016271358504525, 39.743396379624066 ], [ -105.016347423248163, 39.743222623519181 ], [ -105.016422197220052, 39.743079834430084 ], [ -105.0164492813214, 39.743019893283304 ], [ -105.016501848822244, 39.742874266728009 ], [ -105.016603546602568, 39.742565843364673 ], [ -105.017071742867358, 39.741321073854209 ], [ -105.017230011819919, 39.74092983703612 ], [ -105.017339330027951, 39.740675662024863 ], [ -105.017395206638312, 39.740521983890133 ], [ -105.017471164314898, 39.740313077622581 ], [ -105.017475251461065, 39.740301835045408 ], [ -105.017562295314406, 39.740054774736549 ], [ -105.017848475528581, 39.739289676735943 ], [ -105.017879200043694, 39.73921705238439 ], [ -105.017924367073945, 39.739112574466532 ], [ -105.017973214765746, 39.738989924269021 ], [ -105.017992394467882, 39.738915537702212 ], [ -105.01802314468425, 39.738709768370512 ], [ -105.018054012619643, 39.738486841630504 ], [ -105.018070499320743, 39.738286848410738 ], [ -105.018071758436037, 39.738103607521516 ], [ -105.018053953740846, 39.737977938986887 ], [ -105.018003673544953, 39.737791740811339 ], [ -105.017963530159079, 39.737682795456593 ], [ -105.017865856727539, 39.737407868408503 ], [ -105.017690803314636, 39.737009773700244 ], [ -105.017438401685723, 39.736484050004819 ], [ -105.017222661405924, 39.736056962332057 ], [ -105.017165075075553, 39.735899559822549 ], [ -105.017095892454151, 39.735618915159222 ], [ -105.017035834542639, 39.735303992100519 ], [ -105.017005629096658, 39.734785012609933 ], [ -105.017015654433266, 39.733845485634411 ], [ -105.017008482620241, 39.733337924627499 ], [ -105.017013380691495, 39.732947471408025 ], [ -105.017024246429671, 39.732081341672071 ], [ -105.017004577545009, 39.731194195093828 ], [ -105.016993187503033, 39.730654016232805 ], [ -105.016976578514772, 39.729838945924747 ], [ -105.016966461929883, 39.729758947568229 ], [ -105.016944772808216, 39.729681647863963 ], [ -105.016908191030581, 39.729572716423256 ], [ -105.016842592369215, 39.729418024826579 ], [ -105.016744499842375, 39.729206236304236 ], [ -105.016685606997541, 39.729110253154708 ], [ -105.016550009844508, 39.728923703203854 ], [ -105.016409829730165, 39.728757381502255 ], [ -105.016101287414912, 39.728387216457044 ], [ -105.015995556531507, 39.72825226334411 ], [ -105.015929626017467, 39.728146299220946 ], [ -105.015834146450729, 39.72794275548241 ], [ -105.015732821246203, 39.727684969405736 ], [ -105.015692092273042, 39.72754189729347 ], [ -105.015685093064917, 39.727517310562057 ], [ -105.015660421841673, 39.727357297004474 ], [ -105.015647407026037, 39.727182574690815 ], [ -105.015652184814996, 39.72700552440412 ], [ -105.015649667403991, 39.726855210463867 ], [ -105.015669338741347, 39.726580763445106 ], [ -105.015686371981076, 39.7263021885299 ], [ -105.015686820123676, 39.726296579140843 ], [ -105.015710695422541, 39.725997562612434 ], [ -105.015726633904762, 39.725877522580475 ], [ -105.015753621472484, 39.725701935362366 ], [ -105.015753997244389, 39.725699035819432 ], [ -105.015778577571041, 39.725509539384859 ], [ -105.01686803291193, 39.725430024606091 ], [ -105.017644138374024, 39.725376160157779 ], [ -105.018022354710922, 39.725357576450648 ], [ -105.018287536951362, 39.725345238822158 ], [ -105.018687563567624, 39.725326146029076 ], [ -105.019437050217817, 39.725339872157498 ], [ -105.020223350730191, 39.725383350788547 ], [ -105.021932663497694, 39.725497694442872 ], [ -105.022308432185554, 39.725519355493894 ], [ -105.02293412801184, 39.72553531721281 ], [ -105.023890167524797, 39.725542546048281 ], [ -105.024614398611774, 39.725546297947979 ], [ -105.024895203099575, 39.725547752019722 ], [ -105.025146129898076, 39.725549049704689 ], [ -105.025145775514801, 39.725684627533859 ], [ -105.025156443823121, 39.72594684481691 ], [ -105.02514492552433, 39.727517095174804 ], [ -105.025147897092921, 39.728391133753696 ], [ -105.025162780723093, 39.729223991588597 ], [ -105.025164657911461, 39.729329055162452 ], [ -105.025164983675921, 39.729429813534495 ], [ -105.02516781944631, 39.730306384561338 ], [ -105.025166203132557, 39.731201680439121 ], [ -105.025172724787581, 39.732995739559172 ], [ -105.025166689605257, 39.733887241088865 ], [ -105.025174084141156, 39.73476472615868 ], [ -105.025200695666754, 39.73569204813969 ], [ -105.025185700817232, 39.736588253793457 ], [ -105.025161865783829, 39.738013699938953 ], [ -105.025234900896507, 39.73983170169614 ], [ -105.02523144466258, 39.74007944712374 ], [ -105.025229983980964, 39.740426717002762 ], [ -105.025222890509056, 39.740686458193807 ], [ -105.025228396110833, 39.742406385114414 ], [ -105.025229456026082, 39.742737194246175 ], [ -105.025228270136225, 39.74396294752718 ], [ -105.025220118331845, 39.745167053299767 ], [ -105.025223526141758, 39.746370862017734 ], [ -105.023634771002477, 39.746368901811607 ], [ -105.023629684813869, 39.747117649849926 ], [ -105.02362643537883, 39.747595997229652 ], [ -105.022078516508515, 39.747598986506013 ], [ -105.020519009234974, 39.747606369239655 ], [ -105.020500258064473, 39.74683796430778 ], [ -105.020492954244759, 39.746398897165513 ], [ -105.019639114091646, 39.746394525182403 ], [ -105.018991888964948, 39.746391881550466 ], [ -105.018330332284009, 39.746386733977523 ], [ -105.018327992117122, 39.746344046016809 ], [ -105.018229433665496, 39.745897071830029 ], [ -105.018091085607438, 39.7455525248225 ], [ -105.01787485778587, 39.745165415187856 ], [ -105.017574025101169, 39.744764151864437 ], [ -105.017425570249401, 39.744566133578758 ], [ -105.016843316132778, 39.743978373270153 ], [ -105.016323317666021, 39.743433110120208 ], [ -105.016271358504525, 39.743396379624066 ] ] ] ] } },
{ "type": "Feature", "properties": { "fid": 29, "OBJECTID": 29, "NBHD_ID": 67, "NBHD_NAME": "Valverde", "TYPOLOGY": "NEST", "NOTES": "Valverde", "GLOBALID": "{73C1772A-8707-4BA8-92C4-A3C28BF54CEB}", "Shape__Area": 26766089.256347701, "Shape__Length": 22063.817180861901, "Shape_Length": 22063.817426829846, "Shape_Area": 26766089.278122779 }, "geometry": { "type": "MultiPolygon", "coordinates": [ [ [ [ -105.015778577571041, 39.725509539384859 ], [ -105.015827783418359, 39.725130193582281 ], [ -105.015835604135518, 39.725027277144115 ], [ -105.01584812445428, 39.724887320660869 ], [ -105.015856281409938, 39.724735677001668 ], [ -105.015846099317343, 39.724665630637872 ], [ -105.015802371460623, 39.724562502933424 ], [ -105.01573990148033, 39.724470622314428 ], [ -105.015687166875225, 39.724402995623869 ], [ -105.015677351119237, 39.724390407838577 ], [ -105.015523061463966, 39.724209613987426 ], [ -105.015402170959376, 39.724083176655824 ], [ -105.015280151493258, 39.723991392722013 ], [ -105.015154452773075, 39.723917781834373 ], [ -105.014531099760632, 39.723577885610979 ], [ -105.014335497503623, 39.723459716895093 ], [ -105.014059512767091, 39.723269839603518 ], [ -105.013897544331641, 39.72317205636611 ], [ -105.013229156631283, 39.722791816454894 ], [ -105.013030012149017, 39.72267225822209 ], [ -105.012953089367784, 39.72261463305643 ], [ -105.012893920111026, 39.72256016798358 ], [ -105.01282053108649, 39.722505644894149 ], [ -105.012709855611206, 39.722445133606463 ], [ -105.012561815127711, 39.722389957951634 ], [ -105.012469623545101, 39.722355259980063 ], [ -105.012277144144406, 39.722300242951221 ], [ -105.012066911782512, 39.722242062637541 ], [ -105.01089112676047, 39.721979810388547 ], [ -105.01042887344245, 39.721866360737074 ], [ -105.010214218247924, 39.721805414309564 ], [ -105.010067048240003, 39.72175332754945 ], [ -105.009963426251119, 39.721701421111604 ], [ -105.009643033455916, 39.721509975629672 ], [ -105.009391875381922, 39.721331514920713 ], [ -105.009226663102709, 39.721190816648566 ], [ -105.008785243326145, 39.72076860182105 ], [ -105.008494898432474, 39.720475703282688 ], [ -105.00807130264883, 39.720047727282399 ], [ -105.007130483837443, 39.719111765085209 ], [ -105.00703881400996, 39.719003970991402 ], [ -105.006851148747799, 39.718771551398973 ], [ -105.006778030096513, 39.718679964276809 ], [ -105.006686268511174, 39.718585210485493 ], [ -105.006597844650031, 39.718521698185334 ], [ -105.006501541663539, 39.718447381498756 ], [ -105.006406033483799, 39.718373676927044 ], [ -105.006290335619767, 39.718299176001871 ], [ -105.00615123867621, 39.718209606481309 ], [ -105.005790265943304, 39.71797920178718 ], [ -105.005506366466577, 39.717783780052279 ], [ -105.005063901143387, 39.717515969173647 ], [ -105.00458508712579, 39.717236336063145 ], [ -105.004124046728748, 39.716957119945917 ], [ -105.003773607897898, 39.716747000671184 ], [ -105.003378943140589, 39.716507867248055 ], [ -105.003283471558561, 39.71643608678108 ], [ -105.003032571457098, 39.716226041452423 ], [ -105.002727836833316, 39.715963265347291 ], [ -105.00255828884444, 39.715810870641569 ], [ -105.002473625210257, 39.715719231886894 ], [ -105.00237056537901, 39.715590110747044 ], [ -105.002051756735085, 39.715182458603174 ], [ -105.001970769733148, 39.715073676993654 ], [ -105.001835501979343, 39.714850048904815 ], [ -105.001781149314965, 39.714745154710812 ], [ -105.001682763019517, 39.714458884217201 ], [ -105.001541587741585, 39.714066396529596 ], [ -105.001476014349009, 39.713914783848089 ], [ -105.001267569158998, 39.713484948355195 ], [ -105.001070169862302, 39.713126536729078 ], [ -105.000916798114687, 39.712825620305452 ], [ -105.000610646145191, 39.712140742495315 ], [ -105.000526732100695, 39.711944784424098 ], [ -105.00042889778355, 39.711706900607474 ], [ -105.000377326588264, 39.71158657519274 ], [ -105.000293998243393, 39.711433171373621 ], [ -105.000153083435848, 39.711209701654546 ], [ -105.000659944534391, 39.711207208775249 ], [ -105.001574522948957, 39.71118157600057 ], [ -105.003895467568483, 39.711202026092586 ], [ -105.00628328533314, 39.711190453965763 ], [ -105.008663784470855, 39.71120865779919 ], [ -105.011019612159828, 39.711196855891416 ], [ -105.014533300590543, 39.711187389243044 ], [ -105.015710659245499, 39.711197390102917 ], [ -105.016329176509018, 39.711192385568879 ], [ -105.016924590144455, 39.711187282898571 ], [ -105.017510210241269, 39.711184882327899 ], [ -105.018086946678082, 39.711182099284017 ], [ -105.018662785055028, 39.711180682380295 ], [ -105.019170199034164, 39.711179326126079 ], [ -105.019839354216771, 39.711176225931226 ], [ -105.020344995637245, 39.711174171051937 ], [ -105.020992824374105, 39.711170977326113 ], [ -105.021516240016851, 39.711168646634 ], [ -105.022145398749856, 39.711166743253123 ], [ -105.02271679626385, 39.711164945301306 ], [ -105.023875588297585, 39.711161061764898 ], [ -105.025102641962405, 39.711181121419934 ], [ -105.025092085868636, 39.71300326466519 ], [ -105.025092099195589, 39.713395498817626 ], [ -105.025097481827984, 39.714831650708106 ], [ -105.025104443713829, 39.714985070503204 ], [ -105.025104734131716, 39.715729729989967 ], [ -105.025087854385205, 39.716647959792972 ], [ -105.025115559120337, 39.717544063897819 ], [ -105.02512378026087, 39.718167619323566 ], [ -105.025119174700947, 39.718454140009044 ], [ -105.025105888783543, 39.719366549708703 ], [ -105.025118341755885, 39.719758832278202 ], [ -105.025112170472383, 39.720276635984192 ], [ -105.025114090000883, 39.721174693772085 ], [ -105.025118235371238, 39.721350064942456 ], [ -105.02512313108069, 39.722071064219087 ], [ -105.025125468916272, 39.722907354462812 ], [ -105.025126113761445, 39.722943388777573 ], [ -105.025137454846515, 39.723500039554395 ], [ -105.025143703909265, 39.724546359342057 ], [ -105.025147469180339, 39.725040524295778 ], [ -105.025146282416841, 39.725491367211255 ], [ -105.025146129898076, 39.725549049704689 ], [ -105.024895203099575, 39.725547752019722 ], [ -105.024614398611774, 39.725546297947979 ], [ -105.023890167524797, 39.725542546048281 ], [ -105.02293412801184, 39.72553531721281 ], [ -105.022308432185554, 39.725519355493894 ], [ -105.021932663497694, 39.725497694442872 ], [ -105.020223350730191, 39.725383350788547 ], [ -105.019437050217817, 39.725339872157498 ], [ -105.018687563567624, 39.725326146029076 ], [ -105.018287536951362, 39.725345238822158 ], [ -105.018022354710922, 39.725357576450648 ], [ -105.017644138374024, 39.725376160157779 ], [ -105.01686803291193, 39.725430024606091 ], [ -105.015778577571041, 39.725509539384859 ] ] ] ] } },
{ "type": "Feature", "properties": { "fid": 30, "OBJECTID": 30, "NBHD_ID": 1, "NBHD_NAME": "Athmar Park", "TYPOLOGY": null, "NOTES": "Athmar Park", "GLOBALID": "{37549AFD-15A2-47FF-A78D-554775811FE4}", "Shape__Area": 43089152.533691399, "Shape__Length": 27352.286405558702, "Shape_Length": 27352.286659705747, "Shape_Area": 43089152.717415236 }, "geometry": { "type": "MultiPolygon", "coordinates": [ [ [ [ -104.992394188532259, 39.696667415846434 ], [ -104.992955766504309, 39.696668413644318 ], [ -104.994450061615311, 39.696677249226042 ], [ -104.995628099358811, 39.69668230768692 ], [ -104.996802566396411, 39.696689741207983 ], [ -104.997974385626335, 39.696694749554517 ], [ -104.999159531222929, 39.696699802980611 ], [ -105.000324226371703, 39.696707160610423 ], [ -105.00152536379106, 39.696712258140991 ], [ -105.006176691215018, 39.696729970990674 ], [ -105.006605353418607, 39.696731593737283 ], [ -105.008719805770411, 39.696735326630431 ], [ -105.009372791447277, 39.696738052751016 ], [ -105.010718724857227, 39.69674606252709 ], [ -105.011716433452932, 39.696747807255079 ], [ -105.012717661233353, 39.696754362377412 ], [ -105.013883226109257, 39.696764789462826 ], [ -105.015700218261244, 39.696770029237975 ], [ -105.017024758159323, 39.696764580955808 ], [ -105.018071381848387, 39.696758923076018 ], [ -105.019233482868415, 39.69675613017364 ], [ -105.020369851425642, 39.696748416564631 ], [ -105.021563936287933, 39.696745731077826 ], [ -105.022735807181775, 39.69674328647725 ], [ -105.023727612072435, 39.696740930602502 ], [ -105.025069120457985, 39.696753721904201 ], [ -105.025090678887068, 39.697588078919601 ], [ -105.025091838150644, 39.69859835496537 ], [ -105.025090181762678, 39.699236974774344 ], [ -105.025090182220481, 39.700418483358817 ], [ -105.025088389112682, 39.701339867556939 ], [ -105.025093115910764, 39.702085578981603 ], [ -105.025094135941487, 39.703116442546239 ], [ -105.025093795668454, 39.703954443482807 ], [ -105.025109477942308, 39.704919478579932 ], [ -105.025112191267752, 39.705700183372336 ], [ -105.025099827767022, 39.706739227435882 ], [ -105.025091878435518, 39.707519888668294 ], [ -105.025088251246331, 39.707661942699247 ], [ -105.025099204413621, 39.708538078740069 ], [ -105.025101258162664, 39.709416237537283 ], [ -105.025102641962405, 39.711181121419934 ], [ -105.023875588297585, 39.711161061764898 ], [ -105.02271679626385, 39.711164945301306 ], [ -105.022145398749856, 39.711166743253123 ], [ -105.021516240016851, 39.711168646634 ], [ -105.020992824374105, 39.711170977326113 ], [ -105.020344995637245, 39.711174171051937 ], [ -105.019839354216771, 39.711176225931226 ], [ -105.019170199034164, 39.711179326126079 ], [ -105.018662785055028, 39.711180682380295 ], [ -105.018086946678082, 39.711182099284017 ], [ -105.017510210241269, 39.711184882327899 ], [ -105.016924590144455, 39.711187282898571 ], [ -105.016329176509018, 39.711192385568879 ], [ -105.015710659245499, 39.711197390102917 ], [ -105.014533300590543, 39.711187389243044 ], [ -105.011019612159828, 39.711196855891416 ], [ -105.008663784470855, 39.71120865779919 ], [ -105.00628328533314, 39.711190453965763 ], [ -105.003895467568483, 39.711202026092586 ], [ -105.001574522948957, 39.71118157600057 ], [ -105.000659944534391, 39.711207208775249 ], [ -105.000153083435848, 39.711209701654546 ], [ -105.000145404642595, 39.711197524181479 ], [ -105.000011936591775, 39.710985862378301 ], [ -104.999960140484816, 39.710897106614858 ], [ -104.999934821295142, 39.710833856419541 ], [ -104.999894863249494, 39.71070500109203 ], [ -104.999844526030287, 39.710536294910561 ], [ -104.999725287475414, 39.710185419302867 ], [ -104.999659724081397, 39.71003346224682 ], [ -104.999619470887694, 39.709946128044564 ], [ -104.999400263535065, 39.709533401714495 ], [ -104.999187902817994, 39.709157763685262 ], [ -104.999081690292471, 39.708974406366345 ], [ -104.998968660095557, 39.708750526845463 ], [ -104.998753772032259, 39.708231778794783 ], [ -104.998673863389001, 39.707974067077629 ], [ -104.998648882311869, 39.707863805738626 ], [ -104.998620272380876, 39.707763822866987 ], [ -104.998576664916342, 39.707649021000378 ], [ -104.998510858668851, 39.707531722332632 ], [ -104.998382930918893, 39.707279296179095 ], [ -104.998073068703178, 39.706623219955823 ], [ -104.998003926146751, 39.706475708482671 ], [ -104.997938432494735, 39.706315171488342 ], [ -104.997883763596903, 39.706132032883438 ], [ -104.997851973305558, 39.705980219646214 ], [ -104.99781556614802, 39.705852750267411 ], [ -104.997764868993073, 39.705735515606143 ], [ -104.997724620623202, 39.70564818062126 ], [ -104.997614640731157, 39.705496033349945 ], [ -104.997567232899456, 39.705415874119758 ], [ -104.997493560235654, 39.705281039010565 ], [ -104.99741724078433, 39.70514344814255 ], [ -104.997365432607523, 39.70505743626245 ], [ -104.997303944283601, 39.704958341927401 ], [ -104.997219507139874, 39.704837874313206 ], [ -104.997123662228816, 39.704697454461211 ], [ -104.99699626172108, 39.7044968453175 ], [ -104.996930218677065, 39.704413518537272 ], [ -104.996837151432686, 39.704326907485346 ], [ -104.996757218674887, 39.704252520849685 ], [ -104.996480962182218, 39.703993966007516 ], [ -104.996424348529175, 39.703944490215655 ], [ -104.996139243217641, 39.703695323243664 ], [ -104.995399314285592, 39.703047348298533 ], [ -104.995024370379113, 39.702675122873217 ], [ -104.994840923388807, 39.702485595803232 ], [ -104.994756419327729, 39.7023754208656 ], [ -104.99467986246232, 39.702272143255094 ], [ -104.99435703441992, 39.701820181744075 ], [ -104.994129877656817, 39.701531977938387 ], [ -104.993696379276273, 39.701026692248909 ], [ -104.993461118994446, 39.700753893573889 ], [ -104.993277619301765, 39.700572942733217 ], [ -104.993185838837917, 39.700486755699181 ], [ -104.993097714060738, 39.700386515581428 ], [ -104.992932667286823, 39.700111273985478 ], [ -104.992823172721117, 39.699894608465158 ], [ -104.992710751456912, 39.699591110038412 ], [ -104.992685492481911, 39.699520996788927 ], [ -104.992659955715382, 39.699489314755823 ], [ -104.992590160330764, 39.699434793927367 ], [ -104.992501854085745, 39.699359946575278 ], [ -104.992446316279597, 39.699299653417384 ], [ -104.992402409098403, 39.699228086062071 ], [ -104.992358752576294, 39.699122202593742 ], [ -104.992329972622713, 39.699047612939225 ], [ -104.992300624555625, 39.698928751022699 ], [ -104.992280503954831, 39.698639720178093 ], [ -104.992274729666875, 39.698455416808407 ], [ -104.992265184513826, 39.69830095231486 ], [ -104.992274279307111, 39.698026460378181 ], [ -104.99227957088695, 39.69778626918778 ], [ -104.992300069905767, 39.697531729886791 ], [ -104.992327023260174, 39.697367471187533 ], [ -104.992373119806103, 39.697136034260389 ], [ -104.992388977475912, 39.69703178115676 ], [ -104.992389516088494, 39.696957317106921 ], [ -104.992390260712327, 39.696854371412648 ], [ -104.992391263475454, 39.696715736971079 ], [ -104.992394188532259, 39.696667415846434 ] ] ] ] } },
{ "type": "Feature", "properties": { "fid": 31, "OBJECTID": 31, "NBHD_ID": 78, "NBHD_NAME": "Windsor", "TYPOLOGY": null, "NOTES": "Windsor", "GLOBALID": "{A0D7EF5F-1A1F-4B68-B696-B2C4E8ED879F}", "Shape__Area": 47683726.229980499, "Shape__Length": 38090.5293062934, "Shape_Length": 38090.529306293371, "Shape_Area": 47683726.227699138 }, "geometry": { "type": "MultiPolygon", "coordinates": [ [ [ [ -104.896786787305146, 39.696609809563917 ], [ -104.896826320361058, 39.696608773884428 ], [ -104.896837840379149, 39.696608032252854 ], [ -104.896887046585377, 39.696602594025116 ], [ -104.896935354538286, 39.696593547484696 ], [ -104.896996208005106, 39.696576491413765 ], [ -104.897053843587585, 39.696553720107488 ], [ -104.897107363953225, 39.696525588347832 ], [ -104.897155939872221, 39.696492531429129 ], [ -104.897198816055564, 39.696455064286859 ], [ -104.897235325261661, 39.696413768058825 ], [ -104.897257632197579, 39.696381564511668 ], [ -104.89733392377677, 39.696257630606858 ], [ -104.89789221968779, 39.695997176403345 ], [ -104.899060945113476, 39.695328358287952 ], [ -104.899465717201295, 39.695750254187757 ], [ -104.899542266271581, 39.695691757553988 ], [ -104.900417113449251, 39.696603601608203 ], [ -104.899796178486568, 39.697161238891226 ], [ -104.903518918409958, 39.698525682347132 ], [ -104.903554614516182, 39.698542426279921 ], [ -104.903540907657046, 39.699716668497629 ], [ -104.903536198036321, 39.700140716018254 ], [ -104.903534075758202, 39.700331827255333 ], [ -104.903512007680391, 39.703888954248825 ], [ -104.903520700491981, 39.707514555661959 ], [ -104.903521183602678, 39.708084897144182 ], [ -104.903520887253407, 39.70853787259238 ], [ -104.903520712219631, 39.708558462424158 ], [ -104.903521209960488, 39.709649726925157 ], [ -104.90352172230412, 39.710843940985072 ], [ -104.903521049032705, 39.711132194781072 ], [ -104.90350466750975, 39.711288869791524 ], [ -104.903369517652706, 39.711217676429321 ], [ -104.901719263620578, 39.71121489365003 ], [ -104.892919868232326, 39.711199665531808 ], [ -104.892568998828835, 39.711161724622563 ], [ -104.892380787269474, 39.711126766691685 ], [ -104.892136414650921, 39.711042988053229 ], [ -104.891870341628518, 39.710925120804994 ], [ -104.891595273967383, 39.710757453092356 ], [ -104.891004611820364, 39.710385502584224 ], [ -104.889857133229114, 39.709677371475557 ], [ -104.889301227109954, 39.709334302043928 ], [ -104.888685802849096, 39.708950811835429 ], [ -104.887569663669382, 39.708255288080302 ], [ -104.88731984381684, 39.708099609998087 ], [ -104.886825784373926, 39.707796865798549 ], [ -104.886519794524872, 39.707602771278317 ], [ -104.886250983530246, 39.707441191340422 ], [ -104.886019601220923, 39.707311355658447 ], [ -104.885831825931803, 39.70722543266821 ], [ -104.885565607977369, 39.707126964560864 ], [ -104.885381788137892, 39.707070582640135 ], [ -104.885160705935405, 39.707013614742948 ], [ -104.884948939114679, 39.706972862593339 ], [ -104.884740892102187, 39.706943053133216 ], [ -104.884435845212778, 39.706921687667617 ], [ -104.884119505498646, 39.706918434674215 ], [ -104.883819525182147, 39.706936029331182 ], [ -104.883623252366363, 39.706962838643143 ], [ -104.883140177283721, 39.707063431868981 ], [ -104.878989559063697, 39.708049873342837 ], [ -104.875383440693128, 39.708904489714321 ], [ -104.87067521040305, 39.710039699375947 ], [ -104.870675464945322, 39.709941500804263 ], [ -104.865984128477237, 39.711059045404539 ], [ -104.86597943933242, 39.703947364250844 ], [ -104.866062373025869, 39.703904150070592 ], [ -104.866149180003717, 39.703865742104512 ], [ -104.866239394312359, 39.703832347695538 ], [ -104.86658873198202, 39.703715087385255 ], [ -104.866846788315968, 39.703631688104068 ], [ -104.867107683202633, 39.703553738332566 ], [ -104.867371226099678, 39.7034812964731 ], [ -104.868305254800902, 39.703235610962466 ], [ -104.868439956194123, 39.703189064059949 ], [ -104.868503171887554, 39.703158418668238 ], [ -104.868562396408038, 39.703123337502518 ], [ -104.868617112735606, 39.703084130334631 ], [ -104.868666838542083, 39.703041139548105 ], [ -104.868712309186265, 39.702993374727775 ], [ -104.868751608345889, 39.702942447746437 ], [ -104.868784371460904, 39.7028888322209 ], [ -104.868810292055244, 39.702833026398032 ], [ -104.869332150895076, 39.701514697256577 ], [ -104.869364304569672, 39.701442490605309 ], [ -104.869402756609006, 39.701372146129735 ], [ -104.8694473314888, 39.701303990736385 ], [ -104.869497818781454, 39.70123834303763 ], [ -104.86955829605013, 39.701171048354453 ], [ -104.869624991840595, 39.701107357332887 ], [ -104.869697549778451, 39.701047611218044 ], [ -104.869775577527335, 39.700992131246956 ], [ -104.869858656148693, 39.7009412150963 ], [ -104.869946340101876, 39.700895136882494 ], [ -104.870110950001404, 39.700815326133139 ], [ -104.870187970101995, 39.700781241043941 ], [ -104.870268275377768, 39.70075202644923 ], [ -104.870351348784823, 39.700727869621211 ], [ -104.8704366584155, 39.700708925328527 ], [ -104.870632874032495, 39.700671915715759 ], [ -104.870663504413528, 39.700666138637288 ], [ -104.870667279338363, 39.700665426571689 ], [ -104.870665358367674, 39.698376952174037 ], [ -104.868213393657726, 39.698376314743932 ], [ -104.868214470087466, 39.700188410956109 ], [ -104.867148861213778, 39.700190059990007 ], [ -104.867148336171056, 39.699284011571891 ], [ -104.865975375548842, 39.699285815231605 ], [ -104.865972914478903, 39.696565717685203 ], [ -104.867142118942127, 39.696565152354594 ], [ -104.870657715120458, 39.696564458835603 ], [ -104.875320667000068, 39.696562886490554 ], [ -104.875327390163349, 39.698441711240754 ], [ -104.877737576091164, 39.698443878845644 ], [ -104.877730623773601, 39.696564948883299 ], [ -104.884658708793751, 39.696570607532465 ], [ -104.894105351102638, 39.69660005520263 ], [ -104.894102337777653, 39.695873980983812 ], [ -104.894775562575248, 39.695876402054573 ], [ -104.894778582865499, 39.696602476255464 ], [ -104.896786787305146, 39.696609809563917 ] ] ] ] } },
{ "type": "Feature", "properties": { "fid": 32, "OBJECTID": 32, "NBHD_ID": 24, "NBHD_NAME": "East Colfax", "TYPOLOGY": "NEST", "NOTES": "East Colfax", "GLOBALID": "{2E0C4A59-DC9D-487E-B68F-1C7D2703E424}", "Shape__Area": 29808302.716796901, "Shape__Length": 23790.852130198, "Shape_Length": 23790.852261631771, "Shape_Area": 29808302.497035634 }, "geometry": { "type": "MultiPolygon", "coordinates": [ [ [ [ -104.884667368745184, 39.747461745288852 ], [ -104.884659391066663, 39.740163711316562 ], [ -104.884710187303753, 39.732853611324181 ], [ -104.884718723651773, 39.732853657765361 ], [ -104.885878178980207, 39.732857791381726 ], [ -104.887057206305855, 39.732859821464224 ], [ -104.888236430157292, 39.73285964488359 ], [ -104.889432386076152, 39.73285700248077 ], [ -104.890605354849939, 39.732861504599697 ], [ -104.893379177717009, 39.732861470675125 ], [ -104.895209990391862, 39.73286736313451 ], [ -104.895991132790996, 39.732869868905659 ], [ -104.896523175348051, 39.732871572182418 ], [ -104.896880248523459, 39.732872714050508 ], [ -104.897598544184049, 39.732875007673513 ], [ -104.897769365486752, 39.732875553383316 ], [ -104.898773538862685, 39.732878751509631 ], [ -104.899902796255219, 39.732880398539997 ], [ -104.900986532567273, 39.732881803890038 ], [ -104.902049865368326, 39.732879045191737 ], [ -104.903468710839007, 39.732901506656532 ], [ -104.903463795837908, 39.734178119124323 ], [ -104.903464612869058, 39.734702028369171 ], [ -104.90346824120941, 39.735633056979601 ], [ -104.903467626729366, 39.737276508304447 ], [ -104.903474629554367, 39.738707863201995 ], [ -104.903465087348735, 39.740152763487622 ], [ -104.903465104909571, 39.741486110763823 ], [ -104.903462693447452, 39.741984821896679 ], [ -104.903468730887568, 39.74260879923051 ], [ -104.903465061657272, 39.743791679654869 ], [ -104.903473749413706, 39.74562209400014 ], [ -104.903457769452984, 39.747448396561715 ], [ -104.903446544385432, 39.748638036698857 ], [ -104.903432842586369, 39.749829226435423 ], [ -104.903437574054564, 39.751023027380612 ], [ -104.902247228294868, 39.751025122540462 ], [ -104.901072965366254, 39.751024027953626 ], [ -104.899900077625134, 39.751027077186706 ], [ -104.898744938355222, 39.751023207135205 ], [ -104.898759597031514, 39.749832205791222 ], [ -104.898777370382646, 39.747449056334425 ], [ -104.897570554504554, 39.747451063877719 ], [ -104.896385648483786, 39.74745711910483 ], [ -104.894025032847381, 39.747464553988216 ], [ -104.892856746231999, 39.74746717453192 ], [ -104.891691136505301, 39.747468530058391 ], [ -104.890515363182189, 39.747470509523581 ], [ -104.889340356781631, 39.747470822168978 ], [ -104.888184532766132, 39.747471338997173 ], [ -104.887011436933989, 39.747472097669828 ], [ -104.88583672983566, 39.747472834439186 ], [ -104.884674071657997, 39.747474940178371 ], [ -104.884667368745184, 39.747461745288852 ] ] ] ] } },
{ "type": "Feature", "properties": { "fid": 33, "OBJECTID": 33, "NBHD_ID": 49, "NBHD_NAME": "Northeast Park Hill", "TYPOLOGY": "NEST", "NOTES": "Northeast Park Hill", "GLOBALID": "{F3C60FD2-6A7E-4641-B2E2-B095F9321832}", "Shape__Area": 92847237.654296905, "Shape__Length": 41936.384478140499, "Shape_Length": 41936.384639327225, "Shape_Area": 92847237.1457019 }, "geometry": { "type": "MultiPolygon", "coordinates": [ [ [ [ -104.903520612933249, 39.783829835643658 ], [ -104.903544609260791, 39.782842349606774 ], [ -104.903552102775265, 39.781473685492763 ], [ -104.903541352021918, 39.779342154032236 ], [ -104.903549268956269, 39.779290961413579 ], [ -104.903559702072656, 39.779160402921654 ], [ -104.903581491929231, 39.778666569522791 ], [ -104.903579518176286, 39.778496302512636 ], [ -104.903578838604233, 39.778437610592796 ], [ -104.903577438069817, 39.778316174430472 ], [ -104.903578051327059, 39.778244101514055 ], [ -104.903578497967573, 39.778191610094034 ], [ -104.903570569433853, 39.777447414697129 ], [ -104.903506842442539, 39.777399722058973 ], [ -104.90357541205347, 39.777317551030826 ], [ -104.903596773456627, 39.776533897725869 ], [ -104.903593954231539, 39.77523899249821 ], [ -104.903670104994717, 39.7748267254997 ], [ -104.903667399759016, 39.774740097964504 ], [ -104.903664963438374, 39.774619939841941 ], [ -104.903652234696054, 39.774489052135479 ], [ -104.903629244499797, 39.774344762708331 ], [ -104.903566823055542, 39.773954642718955 ], [ -104.903550746368779, 39.773810388270036 ], [ -104.9035411198589, 39.773722233221733 ], [ -104.903521608841729, 39.77357529176885 ], [ -104.903515823397029, 39.773441769584487 ], [ -104.903509949463825, 39.773318923493122 ], [ -104.903507516417676, 39.772739857412759 ], [ -104.903502025771957, 39.771775709145409 ], [ -104.90350316159487, 39.771108087897417 ], [ -104.903505184270557, 39.769283732006876 ], [ -104.90352329643494, 39.768482041034588 ], [ -104.903526907906368, 39.768198320565837 ], [ -104.903468280706761, 39.768053614203247 ], [ -104.903462076424958, 39.767467098212094 ], [ -104.903457091628312, 39.766732890550898 ], [ -104.903459258749194, 39.765650037761432 ], [ -104.903438997674328, 39.763842387976261 ], [ -104.903449416682918, 39.761990267635731 ], [ -104.905801677628745, 39.761981151728421 ], [ -104.906958390742304, 39.761981425274961 ], [ -104.908190355736124, 39.761983925715477 ], [ -104.909418869622087, 39.761982708587475 ], [ -104.910583367713045, 39.761982980167431 ], [ -104.911739985015203, 39.76198322606168 ], [ -104.912441038401113, 39.761980627262005 ], [ -104.912861304348255, 39.762002292348178 ], [ -104.914062640574627, 39.762005662056097 ], [ -104.91522282797888, 39.762004919671035 ], [ -104.916386204832122, 39.762004166353137 ], [ -104.917596828992416, 39.761999706579267 ], [ -104.91882264247424, 39.76199797084152 ], [ -104.919984246558087, 39.762002389910919 ], [ -104.921144989825791, 39.762000258899157 ], [ -104.921983529612632, 39.762001770307243 ], [ -104.922145840907277, 39.762002567229175 ], [ -104.922301589482231, 39.762013769619948 ], [ -104.92245510872614, 39.762021049242634 ], [ -104.924044461169785, 39.762024921473106 ], [ -104.92582562808569, 39.762017386842295 ], [ -104.927603971229814, 39.762012299188456 ], [ -104.92936575272492, 39.76200433661554 ], [ -104.931862994710343, 39.76200678808636 ], [ -104.933177052106757, 39.762008981879362 ], [ -104.934401976844569, 39.762008001012589 ], [ -104.935025081984818, 39.762006115356044 ], [ -104.935631031429295, 39.762004279248949 ], [ -104.936862578076983, 39.762001922895237 ], [ -104.938092858327821, 39.761996798760187 ], [ -104.939324521316479, 39.762001293836498 ], [ -104.939536606933899, 39.762005055405439 ], [ -104.939689928329429, 39.762001659351398 ], [ -104.94058819370504, 39.761964657559147 ], [ -104.940581941130802, 39.763773139743584 ], [ -104.940579842981847, 39.764481747329988 ], [ -104.940580079316732, 39.765677502664104 ], [ -104.940635759468321, 39.765802891141689 ], [ -104.940640539652122, 39.766915057340498 ], [ -104.940628401576035, 39.768102528760323 ], [ -104.940617077195114, 39.769188997027314 ], [ -104.940627250239501, 39.772884113625572 ], [ -104.940627170445197, 39.772894113366888 ], [ -104.940619544135103, 39.773854063301506 ], [ -104.940660615322088, 39.775086602545564 ], [ -104.940667256514899, 39.777576244735577 ], [ -104.940676166331514, 39.778096440962003 ], [ -104.940690951224042, 39.779030351834351 ], [ -104.940686230256532, 39.779738140387494 ], [ -104.940678496344674, 39.78003632494849 ], [ -104.940652049079858, 39.780587407676791 ], [ -104.940647251581424, 39.781074628772949 ], [ -104.940621314485924, 39.781363802008642 ], [ -104.940606163986999, 39.781505183136034 ], [ -104.940566800261792, 39.782276344756795 ], [ -104.940528994411139, 39.783780895120252 ], [ -104.940572457570909, 39.787251415017572 ], [ -104.940578530222723, 39.787939466867243 ], [ -104.940561344047111, 39.788436450374256 ], [ -104.940559551938321, 39.78866095732478 ], [ -104.940557857570482, 39.788873218407467 ], [ -104.940539685656191, 39.789160920862557 ], [ -104.940505429333044, 39.789475079485072 ], [ -104.9404451898898, 39.789729924856665 ], [ -104.940401124806343, 39.78993588342216 ], [ -104.940390223409096, 39.78998683523352 ], [ -104.940335420669513, 39.790223337329415 ], [ -104.940259386461619, 39.79046790116567 ], [ -104.940172313385546, 39.79076956307599 ], [ -104.940098436408533, 39.790981725789706 ], [ -104.93167084836054, 39.791022939044822 ], [ -104.926968343270872, 39.791045742497758 ], [ -104.926990926562993, 39.783782363073492 ], [ -104.922284117297679, 39.783806375673379 ], [ -104.912908975689078, 39.783826233772452 ], [ -104.903520612933249, 39.783829835643658 ] ] ] ] } },
{ "type": "Feature", "properties": { "fid": 34, "OBJECTID": 34, "NBHD_ID": 25, "NBHD_NAME": "Elyria Swansea", "TYPOLOGY": "NEST", "NOTES": "Elyria Swansea", "GLOBALID": "{3EF949FE-3774-458E-9632-050148A19FC0}", "Shape__Area": 72319221.3984375, "Shape__Length": 35023.1776327841, "Shape_Length": 35023.177459574239, "Shape_Area": 72319220.703090116 }, "geometry": { "type": "MultiPolygon", "coordinates": [ [ [ [ -104.940098436408533, 39.790981725789706 ], [ -104.940172313385546, 39.79076956307599 ], [ -104.940259386461619, 39.79046790116567 ], [ -104.940335420669513, 39.790223337329415 ], [ -104.940390223409096, 39.78998683523352 ], [ -104.940401124806343, 39.78993588342216 ], [ -104.9404451898898, 39.789729924856665 ], [ -104.940505429333044, 39.789475079485072 ], [ -104.940539685656191, 39.789160920862557 ], [ -104.940557857570482, 39.788873218407467 ], [ -104.940559551938321, 39.78866095732478 ], [ -104.940561344047111, 39.788436450374256 ], [ -104.940578530222723, 39.787939466867243 ], [ -104.940572457570909, 39.787251415017572 ], [ -104.940528994411139, 39.783780895120252 ], [ -104.940566800261792, 39.782276344756795 ], [ -104.940606163986999, 39.781505183136034 ], [ -104.940621314485924, 39.781363802008642 ], [ -104.940647251581424, 39.781074628772949 ], [ -104.940652049079858, 39.780587407676791 ], [ -104.940678496344674, 39.78003632494849 ], [ -104.940686230256532, 39.779738140387494 ], [ -104.940690951224042, 39.779030351834351 ], [ -104.940676166331514, 39.778096440962003 ], [ -104.940667256514899, 39.777576244735577 ], [ -104.940660615322088, 39.775086602545564 ], [ -104.940619544135103, 39.773854063301506 ], [ -104.940627170445197, 39.772894113366888 ], [ -104.940627250239501, 39.772884113625572 ], [ -104.941002857147382, 39.772883869371761 ], [ -104.94169838666356, 39.772882708811814 ], [ -104.942943514805549, 39.772888606972899 ], [ -104.946411225382846, 39.772901532529687 ], [ -104.946988458681545, 39.772900813862698 ], [ -104.947550569870785, 39.77290036455949 ], [ -104.948650703503759, 39.77290895341563 ], [ -104.94919768456603, 39.772909798006943 ], [ -104.949286624891727, 39.772909870933049 ], [ -104.949834491484935, 39.772911059862395 ], [ -104.950300550089892, 39.772910148519991 ], [ -104.950854662328084, 39.772908958882411 ], [ -104.951954769665718, 39.772920949182861 ], [ -104.952514255740255, 39.772914972588929 ], [ -104.953063069187124, 39.772908945556161 ], [ -104.953620696074978, 39.772913250598293 ], [ -104.954163203627701, 39.772917482900652 ], [ -104.957180055492728, 39.772921136941264 ], [ -104.958271376407197, 39.772919300629461 ], [ -104.959410855931921, 39.772900517637282 ], [ -104.964715255482687, 39.772905881525375 ], [ -104.965947186445263, 39.772892945161864 ], [ -104.968486262725236, 39.772917819705327 ], [ -104.969734009632731, 39.771989722420116 ], [ -104.971925708247909, 39.770307475337006 ], [ -104.972376847729976, 39.770631721766641 ], [ -104.97282003599922, 39.770949753127965 ], [ -104.97369014443079, 39.771621769125225 ], [ -104.974560162693379, 39.772308189609291 ], [ -104.974995290001473, 39.77263647112818 ], [ -104.975435724275201, 39.772969235626256 ], [ -104.975869941021401, 39.773301283527729 ], [ -104.976310357988922, 39.773637476093391 ], [ -104.977190319152584, 39.774309165914637 ], [ -104.978056093435995, 39.774977353583544 ], [ -104.97831241551215, 39.775194333212447 ], [ -104.978424651089995, 39.775312342991285 ], [ -104.978346145533223, 39.77544258352934 ], [ -104.978222797297491, 39.775657074351692 ], [ -104.978207375599084, 39.775683892660538 ], [ -104.978113684948198, 39.775843386880886 ], [ -104.977940637627441, 39.776148713401327 ], [ -104.977891852465618, 39.776250070463647 ], [ -104.977842972586913, 39.776364123756231 ], [ -104.977820054533055, 39.776455644053527 ], [ -104.977812784636072, 39.776516309419321 ], [ -104.977807725151294, 39.776558535367734 ], [ -104.977807022165948, 39.776652900312115 ], [ -104.977802228597852, 39.776818622094076 ], [ -104.977836848079193, 39.777186293683634 ], [ -104.977839467700946, 39.777312242537377 ], [ -104.97784935362597, 39.77741797757141 ], [ -104.977878605255214, 39.777550908484827 ], [ -104.977942670461132, 39.7779060138487 ], [ -104.978003382970428, 39.778233651114263 ], [ -104.978023809959112, 39.778476694959807 ], [ -104.978039659521258, 39.778737218390255 ], [ -104.978024237513424, 39.778897060229561 ], [ -104.97800825307614, 39.779012975079922 ], [ -104.977917349767054, 39.779275427213605 ], [ -104.977856263238081, 39.779475558552768 ], [ -104.977833602367127, 39.779532421443641 ], [ -104.977807465413221, 39.779578288018634 ], [ -104.977694908340638, 39.779762062778268 ], [ -104.977665257986402, 39.779802080133386 ], [ -104.977571665457532, 39.77994750487025 ], [ -104.977533816746444, 39.780013222278846 ], [ -104.977462589476289, 39.780141589419173 ], [ -104.977387655675173, 39.780289842023777 ], [ -104.977218205868382, 39.780587975888515 ], [ -104.977124675350325, 39.780724822591608 ], [ -104.977076100865261, 39.780797355261093 ], [ -104.977005063994568, 39.780899985580689 ], [ -104.976900034580368, 39.781028202197042 ], [ -104.976806568061534, 39.781156469194976 ], [ -104.976761430487869, 39.781245145176023 ], [ -104.97670818240168, 39.781347854353243 ], [ -104.976655739096316, 39.781461891119505 ], [ -104.976599713433529, 39.781579001208719 ], [ -104.976535879285507, 39.781669996047803 ], [ -104.976479433964244, 39.781724306366591 ], [ -104.976415927857261, 39.781771035901123 ], [ -104.97637121749959, 39.781802407120345 ], [ -104.976278305361149, 39.781856212008456 ], [ -104.976219193778419, 39.781910167188066 ], [ -104.976166177756809, 39.781981651141948 ], [ -104.976110313616687, 39.782077142182374 ], [ -104.97605678691788, 39.782216910283331 ], [ -104.976000227227033, 39.782405393425989 ], [ -104.975965613022453, 39.782514018749417 ], [ -104.975924933843444, 39.782600998452068 ], [ -104.975826801768278, 39.7827577255091 ], [ -104.975717631879476, 39.782963131890554 ], [ -104.975623377616145, 39.783196055884083 ], [ -104.975566710702054, 39.783398607531069 ], [ -104.975512238369291, 39.783664308062058 ], [ -104.97549231615514, 39.783751625019669 ], [ -104.975455217529614, 39.783914213079349 ], [ -104.975431438682719, 39.784119998586746 ], [ -104.975404142692085, 39.784320278867128 ], [ -104.975391272985803, 39.7844945429229 ], [ -104.975386633572924, 39.784638990284144 ], [ -104.975385200384878, 39.784830462886411 ], [ -104.975395160176234, 39.785044978336614 ], [ -104.975408301140888, 39.785190876591422 ], [ -104.975422385629628, 39.78532957284304 ], [ -104.975436565198166, 39.785455572877154 ], [ -104.97543605154776, 39.785524201931104 ], [ -104.975419280553282, 39.785744430922591 ], [ -104.975380634420702, 39.785915835730385 ], [ -104.975335355841864, 39.786022696560245 ], [ -104.975275659412532, 39.786154201875377 ], [ -104.975218762443475, 39.786268217972697 ], [ -104.975166462061509, 39.786362352605011 ], [ -104.975064915053551, 39.786499160791799 ], [ -104.974971502143745, 39.786618847550436 ], [ -104.97487103676454, 39.786729923978505 ], [ -104.97474739775636, 39.786846731436121 ], [ -104.974616581326558, 39.786971741484983 ], [ -104.974504656116451, 39.787068697226147 ], [ -104.974374008689168, 39.787171059720364 ], [ -104.97428458179003, 39.787233457321115 ], [ -104.974165691105924, 39.787310136569388 ], [ -104.974102294268462, 39.787341422533657 ], [ -104.973820206347199, 39.787471590480443 ], [ -104.973700523112441, 39.78753522503893 ], [ -104.972761541155649, 39.788187475120864 ], [ -104.972269402442436, 39.788566856394283 ], [ -104.971699259570912, 39.789026183177171 ], [ -104.970778815333247, 39.789692570538051 ], [ -104.970577565000212, 39.789836132804005 ], [ -104.970357534989574, 39.789992650023493 ], [ -104.970197283335452, 39.790126102372852 ], [ -104.970025593457294, 39.790242687688668 ], [ -104.969761092779194, 39.790397287873297 ], [ -104.969530557980335, 39.790530765967759 ], [ -104.969355350593077, 39.790641500874145 ], [ -104.969191643695524, 39.790760866148752 ], [ -104.968833916563696, 39.791008038970787 ], [ -104.968782659869433, 39.791046364134687 ], [ -104.96020067014274, 39.791031921435192 ], [ -104.959357747676137, 39.791664602029066 ], [ -104.955463997680326, 39.794631062979413 ], [ -104.949906745715651, 39.794645379131602 ], [ -104.940486306455369, 39.794602603809231 ], [ -104.940497324370568, 39.790979760531989 ], [ -104.940098436408533, 39.790981725789706 ] ] ] ] } },
{ "type": "Feature", "properties": { "fid": 35, "OBJECTID": 35, "NBHD_ID": 73, "NBHD_NAME": "Wellshire", "TYPOLOGY": null, "NOTES": "Wellshire", "GLOBALID": "{79FDE497-0CB7-4485-A05C-A568B6D07382}", "Shape__Area": 25890596.315917999, "Shape__Length": 21769.190385362901, "Shape_Length": 21769.190422869433, "Shape_Area": 25890596.270913739 }, "geometry": { "type": "MultiPolygon", "coordinates": [ [ [ [ -104.940640005688735, 39.653613051720988 ], [ -104.940689860004085, 39.653060598958241 ], [ -104.94070744270222, 39.653060643004885 ], [ -104.950087873561131, 39.653081232525494 ], [ -104.953538867531847, 39.653088120927826 ], [ -104.953645411661142, 39.653088331668989 ], [ -104.954974759982974, 39.653090957214921 ], [ -104.954408572204017, 39.655796623770748 ], [ -104.953572035027022, 39.655876391298406 ], [ -104.953583782659265, 39.656050311787872 ], [ -104.953810929832713, 39.656713592279701 ], [ -104.959463497494539, 39.656724871853498 ], [ -104.959463246886088, 39.656807230250159 ], [ -104.959452459731466, 39.660350448573062 ], [ -104.959449313106347, 39.66157265637851 ], [ -104.959455109335764, 39.661917666808783 ], [ -104.959452072859477, 39.663055023748335 ], [ -104.959444102632375, 39.663931638384007 ], [ -104.959409344880555, 39.666032065803542 ], [ -104.959389282616229, 39.667601697590769 ], [ -104.957971318721832, 39.667595119971679 ], [ -104.956551961278009, 39.667588667419963 ], [ -104.955133211903984, 39.667586474377266 ], [ -104.953847155926582, 39.667587011870097 ], [ -104.953305430480867, 39.667581775322724 ], [ -104.952380957226907, 39.667582445787154 ], [ -104.951461980169825, 39.667578790543772 ], [ -104.950792752033905, 39.667551064797053 ], [ -104.950634670519221, 39.667502613211106 ], [ -104.950414715464589, 39.667367512825919 ], [ -104.950267985096971, 39.667287781087175 ], [ -104.950119187657506, 39.667224405249968 ], [ -104.950005353935666, 39.667187945476229 ], [ -104.949826771053978, 39.66712985392504 ], [ -104.949654274327202, 39.667082924175354 ], [ -104.949555641480984, 39.66705782183044 ], [ -104.949326035898579, 39.667011360928697 ], [ -104.949222286946508, 39.666991313394874 ], [ -104.949153109098859, 39.666979664703874 ], [ -104.949083023239766, 39.666970412087977 ], [ -104.949012915819623, 39.666963909173205 ], [ -104.948924151302535, 39.666958685116064 ], [ -104.948693580432916, 39.666950054251174 ], [ -104.94851891968365, 39.66694716783028 ], [ -104.948306947204003, 39.666958535288188 ], [ -104.948079383063529, 39.66698595262978 ], [ -104.947941124502705, 39.667002377091428 ], [ -104.947799433834575, 39.667024408352475 ], [ -104.94741747649374, 39.667121797847216 ], [ -104.947185410086405, 39.667197669897256 ], [ -104.946954827979226, 39.667283007648848 ], [ -104.94647115562671, 39.667444868717865 ], [ -104.946193189179638, 39.667535531061191 ], [ -104.946074970431766, 39.667565367330276 ], [ -104.945996277011005, 39.667570062022541 ], [ -104.945832358625367, 39.667572551701177 ], [ -104.945372547677053, 39.667571413465396 ], [ -104.944853859985031, 39.667569590970736 ], [ -104.944377592711135, 39.66757126868238 ], [ -104.943833220954559, 39.667569128428383 ], [ -104.9428086390038, 39.667565746178468 ], [ -104.941783132324574, 39.66756521844318 ], [ -104.940689570453401, 39.667567285246413 ], [ -104.940698460075865, 39.665505285263087 ], [ -104.940689356358476, 39.66480724637556 ], [ -104.940689555718961, 39.664113360597042 ], [ -104.940695969044029, 39.663467881027742 ], [ -104.940696352941799, 39.662488949065519 ], [ -104.940696702911737, 39.66076347930543 ], [ -104.94069694421249, 39.66028727332283 ], [ -104.940631368725647, 39.659712969903666 ], [ -104.94056688983747, 39.659335519771126 ], [ -104.940576718968231, 39.658227304471801 ], [ -104.940586485742116, 39.654874053025537 ], [ -104.940571832112113, 39.654368505814794 ], [ -104.940640005688735, 39.653613051720988 ] ] ] ] } },
{ "type": "Feature", "properties": { "fid": 36, "OBJECTID": 36, "NBHD_ID": 64, "NBHD_NAME": "University", "TYPOLOGY": null, "NOTES": "University", "GLOBALID": "{0F1A11DE-E0C7-49E4-AA39-89D508A27886}", "Shape__Area": 34746627.689941399, "Shape__Length": 27978.249501807401, "Shape_Length": 27978.249567279501, "Shape_Area": 34746627.984410167 }, "geometry": { "type": "MultiPolygon", "coordinates": [ [ [ [ -104.959457130759844, 39.684735177865967 ], [ -104.959456847065809, 39.684610955253646 ], [ -104.959456412142714, 39.684419936310569 ], [ -104.9594446199673, 39.683303539180457 ], [ -104.959435126918024, 39.682794122761251 ], [ -104.959396118704177, 39.682492503615968 ], [ -104.959388369018626, 39.682042089813351 ], [ -104.95939850352805, 39.680259411578582 ], [ -104.959403322986745, 39.678432287167418 ], [ -104.959401523358352, 39.676637775178264 ], [ -104.959391220828309, 39.67484918379418 ], [ -104.959395134101655, 39.673036029736082 ], [ -104.959400233833392, 39.67122103626064 ], [ -104.959404434479922, 39.669414396915485 ], [ -104.959389282616229, 39.667601697590769 ], [ -104.959409344880555, 39.666032065803542 ], [ -104.959444102632375, 39.663931638384007 ], [ -104.959452072859477, 39.663055023748335 ], [ -104.959455109335764, 39.661917666808783 ], [ -104.959449313106347, 39.66157265637851 ], [ -104.963088943909952, 39.661594467192728 ], [ -104.963095296513856, 39.660384376086739 ], [ -104.968837793094792, 39.660437506815036 ], [ -104.968814740847748, 39.665845368858527 ], [ -104.969974322012206, 39.665860920831861 ], [ -104.971144754816351, 39.665863790483456 ], [ -104.973510708836599, 39.665882072001658 ], [ -104.973495968585354, 39.667682186461015 ], [ -104.973495934586211, 39.667691382462209 ], [ -104.973484915125212, 39.669498622590325 ], [ -104.973475033323524, 39.671285878362276 ], [ -104.973461457363584, 39.67311742906989 ], [ -104.973455522567505, 39.674855689678409 ], [ -104.973466616025945, 39.67670875099035 ], [ -104.973440649947477, 39.678519388014031 ], [ -104.973426392051365, 39.680338977019055 ], [ -104.973412188119923, 39.682085079115929 ], [ -104.973432602254618, 39.682151513119962 ], [ -104.973435233202053, 39.683987464535299 ], [ -104.973431635997343, 39.685753755950685 ], [ -104.973434090778468, 39.687567516552065 ], [ -104.973429614078057, 39.688888339316442 ], [ -104.973434016410025, 39.689046182229006 ], [ -104.97344302872709, 39.689369160974188 ], [ -104.973439281201138, 39.689691214273616 ], [ -104.973434221755838, 39.689830417246952 ], [ -104.973292407629302, 39.689760860114902 ], [ -104.96992335428142, 39.68810825866629 ], [ -104.968852025329397, 39.687580671788432 ], [ -104.968617841654023, 39.687465344352489 ], [ -104.968201390820298, 39.687260253117223 ], [ -104.96530964523609, 39.685830359595222 ], [ -104.964655966607779, 39.685520786620103 ], [ -104.964247658648858, 39.685348319791018 ], [ -104.963711521559745, 39.68515301595891 ], [ -104.963178228021476, 39.685004700229513 ], [ -104.962628227172615, 39.684883012239368 ], [ -104.962166824716533, 39.68481587230805 ], [ -104.961754322268362, 39.684774424306298 ], [ -104.961180171383859, 39.684738413854973 ], [ -104.960058385548734, 39.684736913715462 ], [ -104.959457130759844, 39.684735177865967 ] ] ] ] } },
{ "type": "Feature", "properties": { "fid": 37, "OBJECTID": 37, "NBHD_ID": 53, "NBHD_NAME": "Rosedale", "TYPOLOGY": null, "NOTES": "Rosedale", "GLOBALID": "{98D60F4D-5B16-4660-BFFB-E32AB5DD0AAC}", "Shape__Area": 15714799.243652301, "Shape__Length": 15839.834045747, "Shape_Length": 15839.834052425507, "Shape_Area": 15714799.300148649 }, "geometry": { "type": "MultiPolygon", "coordinates": [ [ [ [ -104.973440649947477, 39.678519388014031 ], [ -104.973466616025945, 39.67670875099035 ], [ -104.973455522567505, 39.674855689678409 ], [ -104.973461457363584, 39.67311742906989 ], [ -104.973475033323524, 39.671285878362276 ], [ -104.973484915125212, 39.669498622590325 ], [ -104.973495934586211, 39.667691382462209 ], [ -104.973495968585354, 39.667682186461015 ], [ -104.978195511172473, 39.66770825443956 ], [ -104.987581898053818, 39.667689330312506 ], [ -104.987594284195794, 39.66949158323667 ], [ -104.98759407108156, 39.671294412405572 ], [ -104.987591417148607, 39.673095666197447 ], [ -104.987584517193028, 39.674898156829911 ], [ -104.98758406107649, 39.676712519487339 ], [ -104.987577222830851, 39.678525960591934 ], [ -104.986379694827306, 39.678560915942661 ], [ -104.985234016667576, 39.678567378235179 ], [ -104.984084734662147, 39.678568051793214 ], [ -104.982895585825787, 39.678571226452078 ], [ -104.981690108786083, 39.678575798745626 ], [ -104.980533186886021, 39.678576145404556 ], [ -104.979370535557493, 39.678552479656176 ], [ -104.978137744994882, 39.678538741019977 ], [ -104.976920974934743, 39.678535683555658 ], [ -104.975761653489471, 39.678533349751703 ], [ -104.974603883202079, 39.678526071123443 ], [ -104.973440649947477, 39.678519388014031 ] ] ] ] } },
{ "type": "Feature", "properties": { "fid": 38, "OBJECTID": 38, "NBHD_ID": 12, "NBHD_NAME": "Cheesman Park", "TYPOLOGY": null, "NOTES": "Cheesman Park", "GLOBALID": "{04B86EC3-8967-4713-9C14-8E74B98F95DD}", "Shape__Area": 14682846.385742201, "Shape__Length": 15276.343653363199, "Shape_Length": 15276.344088205686, "Shape_Area": 14682846.880559234 }, "geometry": { "type": "MultiPolygon", "coordinates": [ [ [ [ -104.960202500701513, 39.729115857504418 ], [ -104.960780257081964, 39.729115761575784 ], [ -104.961360679919096, 39.729115675918294 ], [ -104.961941999480004, 39.729114561118593 ], [ -104.96251620844815, 39.729113410963073 ], [ -104.963098416800506, 39.729112293609468 ], [ -104.963674400744125, 39.729111489961952 ], [ -104.964251299718839, 39.729107254263418 ], [ -104.964832640107801, 39.729103379999508 ], [ -104.965891286742959, 39.729100641173012 ], [ -104.966573957890887, 39.729096531952706 ], [ -104.967151740168703, 39.729092973258432 ], [ -104.967740162211129, 39.729092891457434 ], [ -104.968317029568141, 39.729092754497813 ], [ -104.968897452210342, 39.729092630758835 ], [ -104.969471650501774, 39.729092819249033 ], [ -104.970631586241652, 39.729095298699512 ], [ -104.971788938284917, 39.729086774010327 ], [ -104.972945347079602, 39.729085440061219 ], [ -104.972958125271987, 39.730460540593853 ], [ -104.972989689882866, 39.732056374996148 ], [ -104.972988776691125, 39.733715890543991 ], [ -104.973009004916577, 39.735164458073086 ], [ -104.973018315713929, 39.736883041685147 ], [ -104.97302908370196, 39.738407745399897 ], [ -104.973009820133981, 39.739551750488687 ], [ -104.973001664960435, 39.740045520320308 ], [ -104.972765215669568, 39.740042402188251 ], [ -104.972146541666916, 39.740033794878777 ], [ -104.971886957387483, 39.740033659623563 ], [ -104.971300229240796, 39.740032740711719 ], [ -104.970797957547262, 39.740031512411043 ], [ -104.970321452770179, 39.740032113745023 ], [ -104.970150764559477, 39.740032374775055 ], [ -104.969698261706569, 39.740033081658041 ], [ -104.9684715692986, 39.740017594554793 ], [ -104.967858154291335, 39.740018940939521 ], [ -104.967242077606713, 39.740019583958258 ], [ -104.966615367307398, 39.74001571539538 ], [ -104.966000210945722, 39.740012239085502 ], [ -104.9653912721338, 39.740009474123838 ], [ -104.964776110650263, 39.740006677707548 ], [ -104.964134280419145, 39.740003756631552 ], [ -104.963476447798286, 39.740000759093022 ], [ -104.962861266602772, 39.740000698743259 ], [ -104.962247858370418, 39.740000985537456 ], [ -104.961642476810084, 39.739998217431705 ], [ -104.961023758570292, 39.739995385125695 ], [ -104.960412132109795, 39.739995326452444 ], [ -104.959791612238405, 39.739995567831741 ], [ -104.959790859219297, 39.739731332392971 ], [ -104.959787045415538, 39.738395739226725 ], [ -104.959794753357585, 39.736817927297729 ], [ -104.959803049406233, 39.735048292170347 ], [ -104.95980549471463, 39.733461188848693 ], [ -104.959809183866085, 39.732289658147103 ], [ -104.959843730326838, 39.731959009297597 ], [ -104.959854442897324, 39.731491332161497 ], [ -104.959849557261421, 39.731087066947453 ], [ -104.959907583707349, 39.730939088411233 ], [ -104.960104206958334, 39.730684679226158 ], [ -104.960179406872541, 39.730499717206413 ], [ -104.960202500701513, 39.729115857504418 ] ] ] ] } },
{ "type": "Feature", "properties": { "fid": 39, "OBJECTID": 39, "NBHD_ID": 37, "NBHD_NAME": "Hilltop", "TYPOLOGY": null, "NOTES": "Hilltop", "GLOBALID": "{0AF8E5EA-8028-4248-B6F9-3E261B6F8D85}", "Shape__Area": 48042249.160644501, "Shape__Length": 33930.119090495697, "Shape_Length": 33930.119743212868, "Shape_Area": 48042249.48492226 }, "geometry": { "type": "MultiPolygon", "coordinates": [ [ [ [ -104.910246792933137, 39.711208434079914 ], [ -104.911134426638142, 39.711211859007172 ], [ -104.911822676801805, 39.711209095099079 ], [ -104.912801845349193, 39.711218206251147 ], [ -104.912928202782609, 39.711219381907277 ], [ -104.914135683389645, 39.71121417533481 ], [ -104.915294121411463, 39.711192849626165 ], [ -104.916465644192911, 39.711202949371021 ], [ -104.917632525004564, 39.711204998319921 ], [ -104.918796629774576, 39.711197394498441 ], [ -104.91996211478147, 39.711203212550679 ], [ -104.921131763589571, 39.711205443090343 ], [ -104.922295894241884, 39.711221384828704 ], [ -104.92346456777463, 39.711206649906622 ], [ -104.924634547149125, 39.711181638296843 ], [ -104.925812910331103, 39.711187417236012 ], [ -104.926988321267402, 39.71118629051972 ], [ -104.928158485610908, 39.711188576191709 ], [ -104.929329402504692, 39.711194255777507 ], [ -104.931575518830329, 39.711215711358285 ], [ -104.931683746900603, 39.711101431568771 ], [ -104.940696362833293, 39.711082519317358 ], [ -104.940714691917421, 39.711570242058507 ], [ -104.940694769639478, 39.713065994445721 ], [ -104.940705235973866, 39.714651456708786 ], [ -104.940707795458493, 39.715071379343755 ], [ -104.940714863370303, 39.716230736262403 ], [ -104.940717945464698, 39.717463059095522 ], [ -104.940718788314911, 39.717800180226099 ], [ -104.940718513684203, 39.718356480763852 ], [ -104.940717994331123, 39.719405345494629 ], [ -104.940712645776074, 39.720968080298064 ], [ -104.940710737035943, 39.722545242434848 ], [ -104.940712963585881, 39.723157797178601 ], [ -104.940704418413205, 39.724118265676815 ], [ -104.940706120101126, 39.724350593636878 ], [ -104.940698522486059, 39.725303516690076 ], [ -104.940701442026153, 39.725606199173079 ], [ -104.939481326338722, 39.725612661492548 ], [ -104.938321859699172, 39.725610778479279 ], [ -104.937166076452286, 39.725617051952916 ], [ -104.936027385383369, 39.725615371813035 ], [ -104.934937336860827, 39.725618825725874 ], [ -104.933827518013814, 39.725622199616488 ], [ -104.932725132910775, 39.725620192973992 ], [ -104.931628924342334, 39.725623610850299 ], [ -104.930531662402032, 39.725622850449447 ], [ -104.929423466926778, 39.725627904657657 ], [ -104.928322506140105, 39.725627707371601 ], [ -104.927220773842677, 39.725630134132608 ], [ -104.92611493467318, 39.725632530543422 ], [ -104.925011153477215, 39.725634003416317 ], [ -104.923911968692849, 39.725634094180712 ], [ -104.922808778734108, 39.725638531455083 ], [ -104.921672009748704, 39.725642818542291 ], [ -104.920572532949095, 39.72564079248599 ], [ -104.919471209249323, 39.725640510582814 ], [ -104.918367414076215, 39.725641605816719 ], [ -104.917266853248407, 39.725642422098637 ], [ -104.916164693466385, 39.725643480448603 ], [ -104.915059014086225, 39.725644166011456 ], [ -104.913962108106944, 39.725645306407564 ], [ -104.912803742220888, 39.725645883948886 ], [ -104.912461125438043, 39.725647088912012 ], [ -104.911646651641362, 39.725645981801421 ], [ -104.910509224106548, 39.72564653968459 ], [ -104.909370316509708, 39.72564734664455 ], [ -104.908164807995988, 39.72564683391397 ], [ -104.906953006347493, 39.725648967457737 ], [ -104.905812976820414, 39.72564984871272 ], [ -104.904637403663116, 39.725649807697408 ], [ -104.904374225549375, 39.725649507754767 ], [ -104.903417522593614, 39.725648413409381 ], [ -104.90350383185995, 39.725261181169699 ], [ -104.903520695280818, 39.725046434003659 ], [ -104.903529992056718, 39.724837455182957 ], [ -104.903538920929918, 39.723281555643084 ], [ -104.903544029190513, 39.722391580850449 ], [ -104.903546618998504, 39.722002065527569 ], [ -104.903744711817282, 39.722002137504631 ], [ -104.904782720009862, 39.722008844116083 ], [ -104.905799782678613, 39.722011024207156 ], [ -104.906017493244306, 39.722015554374138 ], [ -104.906531597547854, 39.722014911954886 ], [ -104.906670744649375, 39.722014732962684 ], [ -104.906875160897528, 39.722014734286624 ], [ -104.907954134680466, 39.722013649265136 ], [ -104.908154997177689, 39.722013630480348 ], [ -104.90815611464339, 39.721881175618186 ], [ -104.908156841322878, 39.721689694035419 ], [ -104.908158303280103, 39.721516404621575 ], [ -104.90816785944638, 39.720067482146185 ], [ -104.908174970889419, 39.718803100367147 ], [ -104.908175503537123, 39.718634609468772 ], [ -104.908176907489789, 39.718468182818199 ], [ -104.908179457749441, 39.71837657131114 ], [ -104.908232782757366, 39.718376496415424 ], [ -104.908286106598922, 39.718376421489623 ], [ -104.908339430440392, 39.718376346539642 ], [ -104.908366090914143, 39.71837648062948 ], [ -104.90839275138805, 39.718376614713272 ], [ -104.908787134316313, 39.718372468296614 ], [ -104.909739108523766, 39.718369012123425 ], [ -104.910701620056855, 39.718369446973966 ], [ -104.911653446739678, 39.718368947742604 ], [ -104.91279128813845, 39.718370326037025 ], [ -104.91270504086755, 39.718286669181886 ], [ -104.912707431806439, 39.716257301880042 ], [ -104.91270914688252, 39.714801720246712 ], [ -104.910156655520723, 39.714807499166277 ], [ -104.9074419054526, 39.714789939524181 ], [ -104.907464433559497, 39.714761234540276 ], [ -104.907470415430566, 39.714753612413034 ], [ -104.907697457877006, 39.714464321259484 ], [ -104.908775077720605, 39.713091227587014 ], [ -104.90910654911815, 39.712668852753282 ], [ -104.909987505744212, 39.711546242867854 ], [ -104.910107465081722, 39.711390238760444 ], [ -104.910246792933137, 39.711208434079914 ] ] ] ] } },
{ "type": "Feature", "properties": { "fid": 40, "OBJECTID": 40, "NBHD_ID": 46, "NBHD_NAME": "Montclair", "TYPOLOGY": null, "NOTES": "Montclair", "GLOBALID": "{FD0C0BF4-330E-45D8-9385-015174729E02}", "Shape__Area": 28225487.2119141, "Shape__Length": 21466.542674885, "Shape_Length": 21466.543056396364, "Shape_Area": 28225487.150924485 }, "geometry": { "type": "MultiPolygon", "coordinates": [ [ [ [ -104.903465087348735, 39.740152763487622 ], [ -104.903474629554367, 39.738707863201995 ], [ -104.903467626729366, 39.737276508304447 ], [ -104.90346824120941, 39.735633056979601 ], [ -104.903464612869058, 39.734702028369171 ], [ -104.903463795837908, 39.734178119124323 ], [ -104.903468710839007, 39.732901506656532 ], [ -104.903473307247339, 39.731693744802385 ], [ -104.90347482901791, 39.730724188952706 ], [ -104.903477616689429, 39.730051972423055 ], [ -104.903478059514143, 39.729883310590481 ], [ -104.903478819153989, 39.729582475712775 ], [ -104.903477737536164, 39.729291443531672 ], [ -104.903474074545201, 39.728679853308854 ], [ -104.903470470927189, 39.728078159984292 ], [ -104.903474929340547, 39.727025256559195 ], [ -104.903469574045147, 39.72688728754266 ], [ -104.903464714508914, 39.72670583771 ], [ -104.903417522593614, 39.725648413409381 ], [ -104.904374225549375, 39.725649507754767 ], [ -104.904637403663116, 39.725649807697408 ], [ -104.905812976820414, 39.72564984871272 ], [ -104.906953006347493, 39.725648967457737 ], [ -104.908164807995988, 39.72564683391397 ], [ -104.909370316509708, 39.72564734664455 ], [ -104.910509224106548, 39.72564653968459 ], [ -104.911646651641362, 39.725645981801421 ], [ -104.912461125438043, 39.725647088912012 ], [ -104.912803742220888, 39.725645883948886 ], [ -104.913962108106944, 39.725645306407564 ], [ -104.915059014086225, 39.725644166011456 ], [ -104.916164693466385, 39.725643480448603 ], [ -104.917266853248407, 39.725642422098637 ], [ -104.918367414076215, 39.725641605816719 ], [ -104.919471209249323, 39.725640510582814 ], [ -104.920572532949095, 39.72564079248599 ], [ -104.921672009748704, 39.725642818542291 ], [ -104.922808778734108, 39.725638531455083 ], [ -104.922821078554449, 39.728073172532874 ], [ -104.922818323345155, 39.729262275629537 ], [ -104.922323889051668, 39.729268496470674 ], [ -104.922324159638009, 39.73048788501255 ], [ -104.922322537559211, 39.731073787004746 ], [ -104.922334795023843, 39.731678912748656 ], [ -104.92232965784504, 39.732886813378457 ], [ -104.922340026291721, 39.733660020240137 ], [ -104.92233469858806, 39.734712718003152 ], [ -104.922341468915931, 39.735111926379666 ], [ -104.922344440941032, 39.73668678860107 ], [ -104.922334918411494, 39.738305712039391 ], [ -104.922331254236823, 39.740149438901334 ], [ -104.921671736453632, 39.740147601746571 ], [ -104.921143230370575, 39.740146281152022 ], [ -104.920570937239901, 39.740149049634454 ], [ -104.919959249012976, 39.740149468523533 ], [ -104.919467082817718, 39.740152280718853 ], [ -104.918783348698014, 39.740152681195774 ], [ -104.918369396873501, 39.74015122758567 ], [ -104.917565766084991, 39.740152056877697 ], [ -104.917264758212923, 39.740152625568264 ], [ -104.916332713787241, 39.740153496758495 ], [ -104.915065671395396, 39.740153310070781 ], [ -104.913958613203974, 39.740155767424476 ], [ -104.912812985870602, 39.740161189603931 ], [ -104.912440412230765, 39.740160395365955 ], [ -104.911650559039131, 39.740155820147045 ], [ -104.910510097475296, 39.740155948829475 ], [ -104.90936624295999, 39.740154577715487 ], [ -104.908166773378625, 39.740161532597163 ], [ -104.906951475683115, 39.740166241053487 ], [ -104.90580738339078, 39.740160528890037 ], [ -104.904662526164287, 39.740165226220675 ], [ -104.903465087348735, 39.740152763487622 ] ] ] ] } },
{ "type": "Feature", "properties": { "fid": 41, "OBJECTID": 41, "NBHD_ID": 31, "NBHD_NAME": "Hale", "TYPOLOGY": null, "NOTES": "Hale", "GLOBALID": "{15E86D4E-EBD6-4B42-AF84-33A8B2CCF95B}", "Shape__Area": 27129100.816894501, "Shape__Length": 20906.689546022699, "Shape_Length": 20906.689281613024, "Shape_Area": 27129100.848676626 }, "geometry": { "type": "MultiPolygon", "coordinates": [ [ [ [ -104.922331254236823, 39.740149438901334 ], [ -104.922334918411494, 39.738305712039391 ], [ -104.922344440941032, 39.73668678860107 ], [ -104.922341468915931, 39.735111926379666 ], [ -104.92233469858806, 39.734712718003152 ], [ -104.922340026291721, 39.733660020240137 ], [ -104.92232965784504, 39.732886813378457 ], [ -104.922334795023843, 39.731678912748656 ], [ -104.922322537559211, 39.731073787004746 ], [ -104.922324159638009, 39.73048788501255 ], [ -104.922323889051668, 39.729268496470674 ], [ -104.922818323345155, 39.729262275629537 ], [ -104.922821078554449, 39.728073172532874 ], [ -104.922808778734108, 39.725638531455083 ], [ -104.923911968692849, 39.725634094180712 ], [ -104.925011153477215, 39.725634003416317 ], [ -104.92611493467318, 39.725632530543422 ], [ -104.927220773842677, 39.725630134132608 ], [ -104.928322506140105, 39.725627707371601 ], [ -104.929423466926778, 39.725627904657657 ], [ -104.930531662402032, 39.725622850449447 ], [ -104.931628924342334, 39.725623610850299 ], [ -104.932725132910775, 39.725620192973992 ], [ -104.933827518013814, 39.725622199616488 ], [ -104.934937336860827, 39.725618825725874 ], [ -104.936027385383369, 39.725615371813035 ], [ -104.937166076452286, 39.725617051952916 ], [ -104.938321859699172, 39.725610778479279 ], [ -104.939481326338722, 39.725612661492548 ], [ -104.940701442026153, 39.725606199173079 ], [ -104.940710784731507, 39.726886921506448 ], [ -104.940709161524083, 39.727313463136525 ], [ -104.940702737262072, 39.729234104447926 ], [ -104.940698971097646, 39.730486623650428 ], [ -104.940698155251312, 39.731034990349706 ], [ -104.940692503746376, 39.732078171377083 ], [ -104.940688102985092, 39.732853007052697 ], [ -104.940683558670472, 39.733645686128 ], [ -104.940677841064428, 39.734697101675586 ], [ -104.940671978226547, 39.735097884979218 ], [ -104.940680415016089, 39.736715237817215 ], [ -104.940674113592863, 39.738285850908198 ], [ -104.940673581373915, 39.740135822712695 ], [ -104.939499133156303, 39.740142216129144 ], [ -104.938954091658402, 39.740136901352109 ], [ -104.938395406697637, 39.740138802730613 ], [ -104.937247139779345, 39.740144958165907 ], [ -104.936158416174081, 39.740143756263869 ], [ -104.935527594456644, 39.740144164396739 ], [ -104.935012770457973, 39.740144097576795 ], [ -104.933811094451116, 39.740143019695914 ], [ -104.932701421290176, 39.74014350978414 ], [ -104.93209740285053, 39.740140384593879 ], [ -104.931544774729204, 39.740142283580177 ], [ -104.93094440356856, 39.740140992166125 ], [ -104.930389668859135, 39.740141395723334 ], [ -104.929809660161638, 39.740142018260634 ], [ -104.92923084535164, 39.7401423014717 ], [ -104.928668525293432, 39.740142661022901 ], [ -104.928077182090746, 39.740145038461328 ], [ -104.927536195152399, 39.740145154927639 ], [ -104.926910542753518, 39.740149525723368 ], [ -104.92578634963823, 39.740157163687535 ], [ -104.9246193712072, 39.740152862061386 ], [ -104.923441144044205, 39.74015691420756 ], [ -104.922331254236823, 39.740149438901334 ] ] ] ] } },
{ "type": "Feature", "properties": { "fid": 42, "OBJECTID": 42, "NBHD_ID": 48, "NBHD_NAME": "North Park Hill", "TYPOLOGY": null, "NOTES": "North Park Hill", "GLOBALID": "{C298BC9A-4FE5-46FE-AA7C-F431CE1620EB}", "Shape__Area": 41661870.437988304, "Shape__Length": 28876.608877221301, "Shape_Length": 28876.608981960228, "Shape_Area": 41661870.702189237 }, "geometry": { "type": "MultiPolygon", "coordinates": [ [ [ [ -104.903434642608872, 39.752219467569631 ], [ -104.903437574054564, 39.751023027380612 ], [ -104.904652542585012, 39.751023241494295 ], [ -104.90582283280871, 39.751021780027727 ], [ -104.906964134355832, 39.75102039683356 ], [ -104.908174657008502, 39.751019350681197 ], [ -104.909382935112944, 39.751016432623651 ], [ -104.910517362073534, 39.751018412956384 ], [ -104.911692339176057, 39.751014960330508 ], [ -104.912142024776855, 39.751015949095482 ], [ -104.912285331254751, 39.751019614534144 ], [ -104.912396106457265, 39.75103341302534 ], [ -104.912859226280574, 39.751087743894445 ], [ -104.913997756634828, 39.751091423332497 ], [ -104.915166663092236, 39.751085910788753 ], [ -104.916343222256458, 39.751089690755371 ], [ -104.917559987003017, 39.751082133775924 ], [ -104.918772033677087, 39.751083324320199 ], [ -104.919943299259529, 39.751081820929286 ], [ -104.92111759566049, 39.751083345262892 ], [ -104.922293418797565, 39.751077862611623 ], [ -104.923482494076055, 39.751074719949607 ], [ -104.92464693148851, 39.751071978931876 ], [ -104.925795655013587, 39.75107206882091 ], [ -104.926999544887437, 39.751071383923474 ], [ -104.928171414084616, 39.751069851125187 ], [ -104.929342402141245, 39.751064880716783 ], [ -104.930513393284386, 39.751064383140736 ], [ -104.931711133005621, 39.751062298997205 ], [ -104.932843005561594, 39.751059203454908 ], [ -104.933943805266352, 39.751051444200669 ], [ -104.935048991652337, 39.751054006648339 ], [ -104.936149761136974, 39.75105516852885 ], [ -104.937252278220626, 39.751055638552415 ], [ -104.938353968876513, 39.751049582417664 ], [ -104.939457357203864, 39.751048319254693 ], [ -104.940631039267288, 39.751043264677861 ], [ -104.940624651507918, 39.752846873719875 ], [ -104.940618278949358, 39.754426056051997 ], [ -104.940618099941503, 39.75467141245111 ], [ -104.940616248853345, 39.755014904666375 ], [ -104.940612165012269, 39.755972637889045 ], [ -104.940610534508295, 39.756511387179927 ], [ -104.940603362906018, 39.758301947982865 ], [ -104.940595473633593, 39.760182411124781 ], [ -104.940588479765609, 39.761807406981369 ], [ -104.94058819370504, 39.761964657559147 ], [ -104.939689928329429, 39.762001659351398 ], [ -104.939536606933899, 39.762005055405439 ], [ -104.939324521316479, 39.762001293836498 ], [ -104.938092858327821, 39.761996798760187 ], [ -104.936862578076983, 39.762001922895237 ], [ -104.935631031429295, 39.762004279248949 ], [ -104.935025081984818, 39.762006115356044 ], [ -104.934401976844569, 39.762008001012589 ], [ -104.933177052106757, 39.762008981879362 ], [ -104.931862994710343, 39.76200678808636 ], [ -104.92936575272492, 39.76200433661554 ], [ -104.927603971229814, 39.762012299188456 ], [ -104.92582562808569, 39.762017386842295 ], [ -104.924044461169785, 39.762024921473106 ], [ -104.92245510872614, 39.762021049242634 ], [ -104.922301589482231, 39.762013769619948 ], [ -104.922145840907277, 39.762002567229175 ], [ -104.921983529612632, 39.762001770307243 ], [ -104.921144989825791, 39.762000258899157 ], [ -104.919984246558087, 39.762002389910919 ], [ -104.91882264247424, 39.76199797084152 ], [ -104.917596828992416, 39.761999706579267 ], [ -104.916386204832122, 39.762004166353137 ], [ -104.91522282797888, 39.762004919671035 ], [ -104.914062640574627, 39.762005662056097 ], [ -104.912861304348255, 39.762002292348178 ], [ -104.912441038401113, 39.761980627262005 ], [ -104.911739985015203, 39.76198322606168 ], [ -104.910583367713045, 39.761982980167431 ], [ -104.909418869622087, 39.761982708587475 ], [ -104.908190355736124, 39.761983925715477 ], [ -104.906958390742304, 39.761981425274961 ], [ -104.905801677628745, 39.761981151728421 ], [ -104.903449416682918, 39.761990267635731 ], [ -104.903466514006027, 39.761430601319574 ], [ -104.903471857070613, 39.760226120019979 ], [ -104.903468934000571, 39.758416508998103 ], [ -104.903403724253536, 39.758021900525499 ], [ -104.903413314438012, 39.754737154912043 ], [ -104.903433633057659, 39.753414382215176 ], [ -104.903434642608872, 39.752219467569631 ] ] ] ] } },
{ "type": "Feature", "properties": { "fid": 43, "OBJECTID": 43, "NBHD_ID": 57, "NBHD_NAME": "South Park Hill", "TYPOLOGY": null, "NOTES": "South Park Hill", "GLOBALID": "{58DCA9C2-EBBB-4D17-A474-5C16C860BCE9}", "Shape__Area": 41553244.8525391, "Shape__Length": 28857.001029938201, "Shape_Length": 28857.001091432619, "Shape_Area": 41553244.942450948 }, "geometry": { "type": "MultiPolygon", "coordinates": [ [ [ [ -104.903437574054564, 39.751023027380612 ], [ -104.903432842586369, 39.749829226435423 ], [ -104.903446544385432, 39.748638036698857 ], [ -104.903457769452984, 39.747448396561715 ], [ -104.903473749413706, 39.74562209400014 ], [ -104.903465061657272, 39.743791679654869 ], [ -104.903468730887568, 39.74260879923051 ], [ -104.903462693447452, 39.741984821896679 ], [ -104.903465104909571, 39.741486110763823 ], [ -104.903465087348735, 39.740152763487622 ], [ -104.904662526164287, 39.740165226220675 ], [ -104.90580738339078, 39.740160528890037 ], [ -104.906951475683115, 39.740166241053487 ], [ -104.908166773378625, 39.740161532597163 ], [ -104.90936624295999, 39.740154577715487 ], [ -104.910510097475296, 39.740155948829475 ], [ -104.911650559039131, 39.740155820147045 ], [ -104.912440412230765, 39.740160395365955 ], [ -104.912812985870602, 39.740161189603931 ], [ -104.913958613203974, 39.740155767424476 ], [ -104.915065671395396, 39.740153310070781 ], [ -104.916332713787241, 39.740153496758495 ], [ -104.917264758212923, 39.740152625568264 ], [ -104.917565766084991, 39.740152056877697 ], [ -104.918369396873501, 39.74015122758567 ], [ -104.918783348698014, 39.740152681195774 ], [ -104.919467082817718, 39.740152280718853 ], [ -104.919959249012976, 39.740149468523533 ], [ -104.920570937239901, 39.740149049634454 ], [ -104.921143230370575, 39.740146281152022 ], [ -104.921671736453632, 39.740147601746571 ], [ -104.922331254236823, 39.740149438901334 ], [ -104.923441144044205, 39.74015691420756 ], [ -104.9246193712072, 39.740152862061386 ], [ -104.92578634963823, 39.740157163687535 ], [ -104.926910542753518, 39.740149525723368 ], [ -104.927536195152399, 39.740145154927639 ], [ -104.928077182090746, 39.740145038461328 ], [ -104.928668525293432, 39.740142661022901 ], [ -104.92923084535164, 39.7401423014717 ], [ -104.929809660161638, 39.740142018260634 ], [ -104.930389668859135, 39.740141395723334 ], [ -104.93094440356856, 39.740140992166125 ], [ -104.931544774729204, 39.740142283580177 ], [ -104.93209740285053, 39.740140384593879 ], [ -104.932701421290176, 39.74014350978414 ], [ -104.933811094451116, 39.740143019695914 ], [ -104.935012770457973, 39.740144097576795 ], [ -104.935527594456644, 39.740144164396739 ], [ -104.936158416174081, 39.740143756263869 ], [ -104.937247139779345, 39.740144958165907 ], [ -104.938395406697637, 39.740138802730613 ], [ -104.938954091658402, 39.740136901352109 ], [ -104.939499133156303, 39.740142216129144 ], [ -104.940673581373915, 39.740135822712695 ], [ -104.940667994704356, 39.741393817905077 ], [ -104.940666864680537, 39.741758591067772 ], [ -104.940666236341045, 39.741948697947763 ], [ -104.940663903226138, 39.742575638433934 ], [ -104.940660834555757, 39.74340641228185 ], [ -104.940663349636097, 39.743759878274034 ], [ -104.940654645876805, 39.744962609402407 ], [ -104.940649760723858, 39.746132414073195 ], [ -104.94064500354915, 39.747397617646513 ], [ -104.940638221932474, 39.749250984212843 ], [ -104.940631039267288, 39.751043264677861 ], [ -104.939457357203864, 39.751048319254693 ], [ -104.938353968876513, 39.751049582417664 ], [ -104.937252278220626, 39.751055638552415 ], [ -104.936149761136974, 39.75105516852885 ], [ -104.935048991652337, 39.751054006648339 ], [ -104.933943805266352, 39.751051444200669 ], [ -104.932843005561594, 39.751059203454908 ], [ -104.931711133005621, 39.751062298997205 ], [ -104.930513393284386, 39.751064383140736 ], [ -104.929342402141245, 39.751064880716783 ], [ -104.928171414084616, 39.751069851125187 ], [ -104.926999544887437, 39.751071383923474 ], [ -104.925795655013587, 39.75107206882091 ], [ -104.92464693148851, 39.751071978931876 ], [ -104.923482494076055, 39.751074719949607 ], [ -104.922293418797565, 39.751077862611623 ], [ -104.92111759566049, 39.751083345262892 ], [ -104.919943299259529, 39.751081820929286 ], [ -104.918772033677087, 39.751083324320199 ], [ -104.917559987003017, 39.751082133775924 ], [ -104.916343222256458, 39.751089690755371 ], [ -104.915166663092236, 39.751085910788753 ], [ -104.913997756634828, 39.751091423332497 ], [ -104.912859226280574, 39.751087743894445 ], [ -104.912396106457265, 39.75103341302534 ], [ -104.912285331254751, 39.751019614534144 ], [ -104.912142024776855, 39.751015949095482 ], [ -104.911692339176057, 39.751014960330508 ], [ -104.910517362073534, 39.751018412956384 ], [ -104.909382935112944, 39.751016432623651 ], [ -104.908174657008502, 39.751019350681197 ], [ -104.906964134355832, 39.75102039683356 ], [ -104.90582283280871, 39.751021780027727 ], [ -104.904652542585012, 39.751023241494295 ], [ -104.903437574054564, 39.751023027380612 ] ] ] ] } },
{ "type": "Feature", "properties": { "fid": 44, "OBJECTID": 44, "NBHD_ID": 66, "NBHD_NAME": "University Park", "TYPOLOGY": null, "NOTES": "University Park", "GLOBALID": "{0E95F8C9-76E7-460A-B496-6308BC793544}", "Shape__Area": 32409535.1713867, "Shape__Length": 22577.152686007899, "Shape_Length": 22577.152201064258, "Shape_Area": 32409535.162070088 }, "geometry": { "type": "MultiPolygon", "coordinates": [ [ [ [ -104.940697291672834, 39.682968760559419 ], [ -104.940699614648551, 39.682633776861486 ], [ -104.940696764903265, 39.681704602301103 ], [ -104.940697087371632, 39.680813860021416 ], [ -104.940693592913519, 39.680104885528522 ], [ -104.940758363787481, 39.67842159544584 ], [ -104.940741283911549, 39.676603997168165 ], [ -104.940728084863906, 39.674821834436472 ], [ -104.940712360737109, 39.674320092909142 ], [ -104.940717532060916, 39.673327179696059 ], [ -104.940705609528678, 39.671894494915229 ], [ -104.940689661580805, 39.668336182075542 ], [ -104.940689570453401, 39.667567285246413 ], [ -104.941783132324574, 39.66756521844318 ], [ -104.9428086390038, 39.667565746178468 ], [ -104.943833220954559, 39.667569128428383 ], [ -104.944377592711135, 39.66757126868238 ], [ -104.944853859985031, 39.667569590970736 ], [ -104.945372547677053, 39.667571413465396 ], [ -104.945832358625367, 39.667572551701177 ], [ -104.945996277011005, 39.667570062022541 ], [ -104.946074970431766, 39.667565367330276 ], [ -104.946193189179638, 39.667535531061191 ], [ -104.94647115562671, 39.667444868717865 ], [ -104.946954827979226, 39.667283007648848 ], [ -104.947185410086405, 39.667197669897256 ], [ -104.94741747649374, 39.667121797847216 ], [ -104.947799433834575, 39.667024408352475 ], [ -104.947941124502705, 39.667002377091428 ], [ -104.948079383063529, 39.66698595262978 ], [ -104.948306947204003, 39.666958535288188 ], [ -104.94851891968365, 39.66694716783028 ], [ -104.948693580432916, 39.666950054251174 ], [ -104.948924151302535, 39.666958685116064 ], [ -104.949012915819623, 39.666963909173205 ], [ -104.949083023239766, 39.666970412087977 ], [ -104.949153109098859, 39.666979664703874 ], [ -104.949222286946508, 39.666991313394874 ], [ -104.949326035898579, 39.667011360928697 ], [ -104.949555641480984, 39.66705782183044 ], [ -104.949654274327202, 39.667082924175354 ], [ -104.949826771053978, 39.66712985392504 ], [ -104.950005353935666, 39.667187945476229 ], [ -104.950119187657506, 39.667224405249968 ], [ -104.950267985096971, 39.667287781087175 ], [ -104.950414715464589, 39.667367512825919 ], [ -104.950634670519221, 39.667502613211106 ], [ -104.950792752033905, 39.667551064797053 ], [ -104.951461980169825, 39.667578790543772 ], [ -104.952380957226907, 39.667582445787154 ], [ -104.953305430480867, 39.667581775322724 ], [ -104.953847155926582, 39.667587011870097 ], [ -104.955133211903984, 39.667586474377266 ], [ -104.956551961278009, 39.667588667419963 ], [ -104.957971318721832, 39.667595119971679 ], [ -104.959389282616229, 39.667601697590769 ], [ -104.959404434479922, 39.669414396915485 ], [ -104.959400233833392, 39.67122103626064 ], [ -104.959395134101655, 39.673036029736082 ], [ -104.959391220828309, 39.67484918379418 ], [ -104.959401523358352, 39.676637775178264 ], [ -104.959403322986745, 39.678432287167418 ], [ -104.95939850352805, 39.680259411578582 ], [ -104.959388369018626, 39.682042089813351 ], [ -104.959396118704177, 39.682492503615968 ], [ -104.959435126918024, 39.682794122761251 ], [ -104.9594446199673, 39.683303539180457 ], [ -104.959456412142714, 39.684419936310569 ], [ -104.959456847065809, 39.684610955253646 ], [ -104.959457130759844, 39.684735177865967 ], [ -104.958573694825574, 39.684732622646848 ], [ -104.95550395452247, 39.684736304932613 ], [ -104.953757933294099, 39.68474566528603 ], [ -104.951241547848298, 39.684743701313081 ], [ -104.950612945453912, 39.684733674617476 ], [ -104.950338386909536, 39.684729293905733 ], [ -104.950088691620422, 39.684725309858955 ], [ -104.949609121959924, 39.684706809242307 ], [ -104.948629146948718, 39.68464369410929 ], [ -104.947868111213836, 39.684565342448941 ], [ -104.94688028826242, 39.684430647919122 ], [ -104.946186915719565, 39.68431033753415 ], [ -104.944909837723301, 39.684037707984061 ], [ -104.943775812561441, 39.683745407186905 ], [ -104.94307036776965, 39.683580330419126 ], [ -104.941949080754654, 39.683298652717681 ], [ -104.941256709790508, 39.68312891009942 ], [ -104.940995470353499, 39.683054123658309 ], [ -104.940697291672834, 39.682968760559419 ] ] ] ] } },
{ "type": "Feature", "properties": { "fid": 45, "OBJECTID": 45, "NBHD_ID": 51, "NBHD_NAME": "Platt Park", "TYPOLOGY": null, "NOTES": "Platt Park", "GLOBALID": "{3E637C00-CB30-4EF8-A507-61105CCE783A}", "Shape__Area": 22814495.810058601, "Shape__Length": 19693.9448371242, "Shape_Length": 19693.944539744953, "Shape_Area": 22814495.72827835 }, "geometry": { "type": "MultiPolygon", "coordinates": [ [ [ [ -104.973434221755838, 39.689830417246952 ], [ -104.973439281201138, 39.689691214273616 ], [ -104.97344302872709, 39.689369160974188 ], [ -104.973434016410025, 39.689046182229006 ], [ -104.973429614078057, 39.688888339316442 ], [ -104.973434090778468, 39.687567516552065 ], [ -104.973431635997343, 39.685753755950685 ], [ -104.973435233202053, 39.683987464535299 ], [ -104.973432602254618, 39.682151513119962 ], [ -104.973412188119923, 39.682085079115929 ], [ -104.973426392051365, 39.680338977019055 ], [ -104.973440649947477, 39.678519388014031 ], [ -104.974603883202079, 39.678526071123443 ], [ -104.975761653489471, 39.678533349751703 ], [ -104.976920974934743, 39.678535683555658 ], [ -104.978137744994882, 39.678538741019977 ], [ -104.979370535557493, 39.678552479656176 ], [ -104.980533186886021, 39.678576145404556 ], [ -104.981690108786083, 39.678575798745626 ], [ -104.982895585825787, 39.678571226452078 ], [ -104.984084734662147, 39.678568051793214 ], [ -104.985234016667576, 39.678567378235179 ], [ -104.986379694827306, 39.678560915942661 ], [ -104.987577222830851, 39.678525960591934 ], [ -104.987581401340321, 39.68033422993539 ], [ -104.987578656150092, 39.682155711784048 ], [ -104.987555523344213, 39.68397258483126 ], [ -104.987543903702758, 39.685784155878267 ], [ -104.987522703967031, 39.687580913546732 ], [ -104.987509851718272, 39.689406541250477 ], [ -104.987490266789422, 39.691175072366022 ], [ -104.98747828874086, 39.693025744408409 ], [ -104.987459333739736, 39.694805313985725 ], [ -104.987440748585982, 39.696640749398746 ], [ -104.986229409603538, 39.696634655511971 ], [ -104.985080495520748, 39.696631792078534 ], [ -104.98395265923736, 39.696626858166027 ], [ -104.982779567684148, 39.696666020292263 ], [ -104.9822280763007, 39.696664192375827 ], [ -104.982037453297124, 39.696495635244943 ], [ -104.981180416994434, 39.695748823920567 ], [ -104.981060160552133, 39.695647623926718 ], [ -104.980282826136474, 39.695034185093888 ], [ -104.979894319447311, 39.694706491780479 ], [ -104.979424182534132, 39.694290963292367 ], [ -104.979117548217147, 39.694019941872376 ], [ -104.979108526356342, 39.694011801985987 ], [ -104.978149481632485, 39.693146555664001 ], [ -104.976807714556557, 39.691935969327993 ], [ -104.976170991231868, 39.691401439364732 ], [ -104.975797642172225, 39.691126530524926 ], [ -104.975186309692972, 39.690730714093228 ], [ -104.974750670030801, 39.690489080032677 ], [ -104.973615653053841, 39.689919410193248 ], [ -104.973570075062625, 39.689897055391356 ], [ -104.973434221755838, 39.689830417246952 ] ] ] ] } },
{ "type": "Feature", "properties": { "fid": 46, "OBJECTID": 46, "NBHD_ID": 19, "NBHD_NAME": "College View - South Platte", "TYPOLOGY": null, "NOTES": "College View - South Platte", "GLOBALID": "{815A7DAD-EA0A-4A69-B882-433EFDF7E2DB}", "Shape__Area": 40665772.5693359, "Shape__Length": 47155.027446275199, "Shape_Length": 47155.028690627296, "Shape_Area": 40665773.03751336 }, "geometry": { "type": "MultiPolygon", "coordinates": [ [ [ [ -105.001404764473534, 39.682174271510974 ], [ -105.001357653277566, 39.682053964095694 ], [ -105.001204571368334, 39.681721473628428 ], [ -105.001149222953174, 39.681635446729764 ], [ -105.001050575046548, 39.681517665803923 ], [ -105.0009508964758, 39.681420127132746 ], [ -105.000836926153909, 39.681333852132234 ], [ -105.000460836154915, 39.681134934162564 ], [ -105.000080993739829, 39.680964483490826 ], [ -104.999847910600181, 39.680890740334881 ], [ -104.999593543815834, 39.680812445884754 ], [ -104.999445558681714, 39.680763086527833 ], [ -104.999364916152416, 39.680737004902277 ], [ -104.999264811478611, 39.68069951769435 ], [ -104.999169222592784, 39.680651752890078 ], [ -104.999072897448642, 39.680582709549356 ], [ -104.998933437303364, 39.680459262249798 ], [ -104.998738448324033, 39.680275524184331 ], [ -104.998650363055589, 39.680172198222927 ], [ -104.998573805066314, 39.68007166757463 ], [ -104.99846057539672, 39.679882443882249 ], [ -104.998361680126365, 39.67967612207854 ], [ -104.998186983164643, 39.679263577642608 ], [ -104.998096532273522, 39.678994493300685 ], [ -104.998038517990139, 39.678785257182859 ], [ -104.998010434816663, 39.678613554722972 ], [ -104.997940519686068, 39.678081349293286 ], [ -104.997907812080541, 39.677935363505327 ], [ -104.997871736004427, 39.677763626822582 ], [ -104.99783690667266, 39.677541793317239 ], [ -104.997812968796396, 39.677287404705751 ], [ -104.997796349648354, 39.676506630795508 ], [ -104.997800864602965, 39.676372129253018 ], [ -104.997798458424413, 39.676211860733254 ], [ -104.997781380848394, 39.675991817844356 ], [ -104.997763894667031, 39.675828739556792 ], [ -104.997724350922908, 39.675645319355525 ], [ -104.997695860890147, 39.675530923523397 ], [ -104.997677926836886, 39.67543064256985 ], [ -104.997678990053714, 39.67528205644583 ], [ -104.997690056647244, 39.675224795088631 ], [ -104.997679910856306, 39.675153372406086 ], [ -104.997636791886279, 39.674973026243961 ], [ -104.997622852835931, 39.674909991744265 ], [ -104.997557642369671, 39.674615108555237 ], [ -104.997511034096817, 39.674426167355975 ], [ -104.99745296145754, 39.674225853551135 ], [ -104.997428085203111, 39.674102893900006 ], [ -104.997424984719771, 39.674039738161667 ], [ -104.997425576780358, 39.673957036863222 ], [ -104.997422434535949, 39.673899715660511 ], [ -104.997407889188921, 39.673822440293989 ], [ -104.997357422231801, 39.673676379096847 ], [ -104.997324165029497, 39.673607603749659 ], [ -104.997324595034499, 39.673547550684482 ], [ -104.997359572083582, 39.67337611736783 ], [ -104.99738631023699, 39.673238965383703 ], [ -104.997390580087611, 39.673138779232353 ], [ -104.997402985446939, 39.673018723342864 ], [ -104.997414645132267, 39.672878761543004 ], [ -104.997423200705725, 39.67280021314761 ], [ -104.997438496272963, 39.672648599240532 ], [ -104.997454124726943, 39.672574541329091 ], [ -104.997476870279087, 39.672498798909189 ], [ -104.997518644254427, 39.672370290275985 ], [ -104.997574915072249, 39.672201693173342 ], [ -104.997642976492514, 39.671998828929333 ], [ -104.997790151134879, 39.671662125659076 ], [ -104.997891274587829, 39.671430919703717 ], [ -104.997959088945265, 39.67126237167475 ], [ -104.998007966026435, 39.671133892254034 ], [ -104.99806886648166, 39.670938547671675 ], [ -104.998114558770339, 39.670758579688346 ], [ -104.998141223313809, 39.670631378920234 ], [ -104.998160998965091, 39.670473950116843 ], [ -104.998168675141613, 39.670394025187974 ], [ -104.998187783510033, 39.670329933799202 ], [ -104.998236426524016, 39.670234054928841 ], [ -104.998311760763116, 39.67013142662897 ], [ -104.998371191496247, 39.67001740593188 ], [ -104.998480303320989, 39.669786233445045 ], [ -104.998518256835865, 39.669694769997449 ], [ -104.998551973332482, 39.669574805667992 ], [ -104.998579370298316, 39.669469227348443 ], [ -104.998639188516421, 39.669300643818708 ], [ -104.998695933051508, 39.669189356802839 ], [ -104.998763150425859, 39.669103851880649 ], [ -104.998901053662593, 39.668944523453021 ], [ -104.999038795825598, 39.66880784404524 ], [ -104.999162031143058, 39.6687126257833 ], [ -104.999291484985804, 39.668617089811882 ], [ -104.999444116022815, 39.668509299307317 ], [ -104.999615440940303, 39.668395411187049 ], [ -104.99978213805268, 39.66830758376129 ], [ -104.999997780304057, 39.668205551314955 ], [ -105.000205328036714, 39.668117896140764 ], [ -105.000180444952761, 39.667680714404867 ], [ -105.002676585599119, 39.666902242346183 ], [ -105.002764717505201, 39.666872073376339 ], [ -105.002990927266822, 39.666781404618931 ], [ -105.003205700015158, 39.666675586865701 ], [ -105.003408135578596, 39.666555990842319 ], [ -105.003596457751172, 39.66642295137575 ], [ -105.003633973373454, 39.666392224820008 ], [ -105.003695657403725, 39.666334489248186 ], [ -105.003751151806213, 39.66627295358191 ], [ -105.003798678113796, 39.666207952587875 ], [ -105.003839121943514, 39.666139833180125 ], [ -105.003871590434841, 39.666069277930227 ], [ -105.003896078758913, 39.665996973157007 ], [ -105.003912586938569, 39.665922918865334 ], [ -105.00392021728257, 39.665848483035241 ], [ -105.003919860253035, 39.665773328061142 ], [ -105.004477682054372, 39.664555325635114 ], [ -105.004724393045777, 39.664016616483366 ], [ -105.004886810132916, 39.663656463169282 ], [ -105.005064246940918, 39.663651468481902 ], [ -105.004972945847911, 39.661763051979868 ], [ -105.004945469490025, 39.661503845178999 ], [ -105.004888668718408, 39.661247602428098 ], [ -105.004803418536454, 39.660996044106703 ], [ -105.004689707032924, 39.660751230006021 ], [ -105.004568049776168, 39.660542772405805 ], [ -105.006399111928985, 39.660550681727187 ], [ -105.010908342996032, 39.660571862229816 ], [ -105.008185341827655, 39.664100125141871 ], [ -105.008114301724234, 39.664099827876576 ], [ -105.008069500150214, 39.664156948310307 ], [ -105.007664919422425, 39.664738639406657 ], [ -105.007326758632772, 39.665345657687354 ], [ -105.007152661433977, 39.665730991042096 ], [ -105.006331871053249, 39.667706825806839 ], [ -105.006369717164176, 39.667707093728254 ], [ -105.006366566300898, 39.674975689946699 ], [ -105.006366091626376, 39.676790448580611 ], [ -105.008703910846606, 39.676802731055687 ], [ -105.008703880705198, 39.678622228707091 ], [ -105.015714975145784, 39.678672915872419 ], [ -105.015719641069794, 39.675005668011067 ], [ -105.015724389558841, 39.667751152035258 ], [ -105.015834697366273, 39.66051249527699 ], [ -105.022811574894973, 39.660503613003918 ], [ -105.022844258849204, 39.656809185689546 ], [ -105.025185336748905, 39.656809430192723 ], [ -105.025193920417436, 39.656823688743117 ], [ -105.025190173057609, 39.657436302556199 ], [ -105.025168202829875, 39.660508649155702 ], [ -105.02515821431254, 39.662126447562827 ], [ -105.025146937081075, 39.663731740864826 ], [ -105.025145270030805, 39.664076105579646 ], [ -105.02513385581598, 39.665045233876626 ], [ -105.025130308629059, 39.66534000828657 ], [ -105.025114603777652, 39.665824147725914 ], [ -105.025120911407413, 39.666950446792164 ], [ -105.025118496377956, 39.667722404509639 ], [ -105.025083158022412, 39.668548998627919 ], [ -105.025086835385508, 39.670160227645653 ], [ -105.025070064227634, 39.671202695816 ], [ -105.025071785703517, 39.671793291352081 ], [ -105.02508698432662, 39.672518943885045 ], [ -105.025082805551961, 39.673346680303624 ], [ -105.025076461359802, 39.675138843807716 ], [ -105.025054032324505, 39.676772908882107 ], [ -105.02506771985199, 39.678643593552664 ], [ -105.025040290428805, 39.680515847438905 ], [ -105.025048001412046, 39.682277192888925 ], [ -105.023755871979702, 39.682279536385174 ], [ -105.022711577214963, 39.682286566673291 ], [ -105.021547553999611, 39.682293429277159 ], [ -105.02037656331629, 39.68230248385359 ], [ -105.019202632033327, 39.682308184879595 ], [ -105.018039949759, 39.682318757923412 ], [ -105.0168744217995, 39.682326084195005 ], [ -105.015702740985319, 39.682345576168011 ], [ -105.014746531241371, 39.682343082756695 ], [ -105.013828643908724, 39.682332642802599 ], [ -105.013382006784354, 39.682327387759429 ], [ -105.012898333416231, 39.682321953266289 ], [ -105.011051522165303, 39.682301542656845 ], [ -105.009996113573052, 39.682292552571667 ], [ -105.008926378484716, 39.682278113328216 ], [ -105.008699840968561, 39.682274179315556 ], [ -105.006800248486755, 39.682255365602551 ], [ -105.006373998837205, 39.68224830681806 ], [ -105.006196718358893, 39.682239656984549 ], [ -105.005251776229059, 39.682222780205436 ], [ -105.004088827242612, 39.682209987962977 ], [ -105.002434176307247, 39.682185495761985 ], [ -105.001837785704353, 39.682184159252046 ], [ -105.001404764473534, 39.682174271510974 ] ] ] ] } },
{ "type": "Feature", "properties": { "fid": 47, "OBJECTID": 47, "NBHD_ID": 50, "NBHD_NAME": "Overland", "TYPOLOGY": null, "NOTES": "Overland", "GLOBALID": "{1FD433D4-EC3D-4FB6-A3BE-968CC856EA0E}", "Shape__Area": 31304425.974121101, "Shape__Length": 27687.446364827902, "Shape_Length": 27687.446743198147, "Shape_Area": 31304426.195880312 }, "geometry": { "type": "MultiPolygon", "coordinates": [ [ [ [ -104.987440748585982, 39.696640749398746 ], [ -104.987459333739736, 39.694805313985725 ], [ -104.98747828874086, 39.693025744408409 ], [ -104.987490266789422, 39.691175072366022 ], [ -104.987509851718272, 39.689406541250477 ], [ -104.987522703967031, 39.687580913546732 ], [ -104.987543903702758, 39.685784155878267 ], [ -104.987555523344213, 39.68397258483126 ], [ -104.987578656150092, 39.682155711784048 ], [ -104.987581401340321, 39.68033422993539 ], [ -104.987577222830851, 39.678525960591934 ], [ -104.98758406107649, 39.676712519487339 ], [ -104.987584517193028, 39.674898156829911 ], [ -104.987591417148607, 39.673095666197447 ], [ -104.98759407108156, 39.671294412405572 ], [ -104.987594284195794, 39.66949158323667 ], [ -104.987581898053818, 39.667689330312506 ], [ -104.997015019866552, 39.667667094242979 ], [ -105.000180444952761, 39.667680714404867 ], [ -105.000205328036714, 39.668117896140764 ], [ -104.999997780304057, 39.668205551314955 ], [ -104.99978213805268, 39.66830758376129 ], [ -104.999615440940303, 39.668395411187049 ], [ -104.999444116022815, 39.668509299307317 ], [ -104.999291484985804, 39.668617089811882 ], [ -104.999162031143058, 39.6687126257833 ], [ -104.999038795825598, 39.66880784404524 ], [ -104.998901053662593, 39.668944523453021 ], [ -104.998763150425859, 39.669103851880649 ], [ -104.998695933051508, 39.669189356802839 ], [ -104.998639188516421, 39.669300643818708 ], [ -104.998579370298316, 39.669469227348443 ], [ -104.998551973332482, 39.669574805667992 ], [ -104.998518256835865, 39.669694769997449 ], [ -104.998480303320989, 39.669786233445045 ], [ -104.998371191496247, 39.67001740593188 ], [ -104.998311760763116, 39.67013142662897 ], [ -104.998236426524016, 39.670234054928841 ], [ -104.998187783510033, 39.670329933799202 ], [ -104.998168675141613, 39.670394025187974 ], [ -104.998160998965091, 39.670473950116843 ], [ -104.998141223313809, 39.670631378920234 ], [ -104.998114558770339, 39.670758579688346 ], [ -104.99806886648166, 39.670938547671675 ], [ -104.998007966026435, 39.671133892254034 ], [ -104.997959088945265, 39.67126237167475 ], [ -104.997891274587829, 39.671430919703717 ], [ -104.997790151134879, 39.671662125659076 ], [ -104.997642976492514, 39.671998828929333 ], [ -104.997574915072249, 39.672201693173342 ], [ -104.997518644254427, 39.672370290275985 ], [ -104.997476870279087, 39.672498798909189 ], [ -104.997454124726943, 39.672574541329091 ], [ -104.997438496272963, 39.672648599240532 ], [ -104.997423200705725, 39.67280021314761 ], [ -104.997414645132267, 39.672878761543004 ], [ -104.997402985446939, 39.673018723342864 ], [ -104.997390580087611, 39.673138779232353 ], [ -104.99738631023699, 39.673238965383703 ], [ -104.997359572083582, 39.67337611736783 ], [ -104.997324595034499, 39.673547550684482 ], [ -104.997324165029497, 39.673607603749659 ], [ -104.997357422231801, 39.673676379096847 ], [ -104.997407889188921, 39.673822440293989 ], [ -104.997422434535949, 39.673899715660511 ], [ -104.997425576780358, 39.673957036863222 ], [ -104.997424984719771, 39.674039738161667 ], [ -104.997428085203111, 39.674102893900006 ], [ -104.99745296145754, 39.674225853551135 ], [ -104.997511034096817, 39.674426167355975 ], [ -104.997557642369671, 39.674615108555237 ], [ -104.997622852835931, 39.674909991744265 ], [ -104.997636791886279, 39.674973026243961 ], [ -104.997679910856306, 39.675153372406086 ], [ -104.997690056647244, 39.675224795088631 ], [ -104.997678990053714, 39.67528205644583 ], [ -104.997677926836886, 39.67543064256985 ], [ -104.997695860890147, 39.675530923523397 ], [ -104.997724350922908, 39.675645319355525 ], [ -104.997763894667031, 39.675828739556792 ], [ -104.997781380848394, 39.675991817844356 ], [ -104.997798458424413, 39.676211860733254 ], [ -104.997800864602965, 39.676372129253018 ], [ -104.997796349648354, 39.676506630795508 ], [ -104.997812968796396, 39.677287404705751 ], [ -104.99783690667266, 39.677541793317239 ], [ -104.997871736004427, 39.677763626822582 ], [ -104.997907812080541, 39.677935363505327 ], [ -104.997940519686068, 39.678081349293286 ], [ -104.998010434816663, 39.678613554722972 ], [ -104.998038517990139, 39.678785257182859 ], [ -104.998096532273522, 39.678994493300685 ], [ -104.998186983164643, 39.679263577642608 ], [ -104.998361680126365, 39.67967612207854 ], [ -104.99846057539672, 39.679882443882249 ], [ -104.998573805066314, 39.68007166757463 ], [ -104.998650363055589, 39.680172198222927 ], [ -104.998738448324033, 39.680275524184331 ], [ -104.998933437303364, 39.680459262249798 ], [ -104.999072897448642, 39.680582709549356 ], [ -104.999169222592784, 39.680651752890078 ], [ -104.999264811478611, 39.68069951769435 ], [ -104.999364916152416, 39.680737004902277 ], [ -104.999445558681714, 39.680763086527833 ], [ -104.999593543815834, 39.680812445884754 ], [ -104.999847910600181, 39.680890740334881 ], [ -105.000080993739829, 39.680964483490826 ], [ -105.000460836154915, 39.681134934162564 ], [ -105.000836926153909, 39.681333852132234 ], [ -105.0009508964758, 39.681420127132746 ], [ -105.001050575046548, 39.681517665803923 ], [ -105.001149222953174, 39.681635446729764 ], [ -105.001204571368334, 39.681721473628428 ], [ -105.001357653277566, 39.682053964095694 ], [ -105.001404764473534, 39.682174271510974 ], [ -105.00142268607469, 39.682277296894213 ], [ -105.0014423838509, 39.682630497681146 ], [ -105.001440353555125, 39.682916345139198 ], [ -105.00141946539604, 39.683230939320666 ], [ -105.001403755883402, 39.683316663824527 ], [ -105.001358124797306, 39.683488053446055 ], [ -105.001312554444553, 39.683650863286402 ], [ -105.000911573733234, 39.68495181653666 ], [ -105.000542161865738, 39.686308494583379 ], [ -105.000508297929613, 39.686448361696584 ], [ -105.000481580381859, 39.686582768528424 ], [ -105.000435701847906, 39.686788472971706 ], [ -105.000404236099754, 39.686965755105625 ], [ -105.000358702797215, 39.687122731665987 ], [ -105.000325183723362, 39.687214214026611 ], [ -105.00029538142698, 39.687282720181116 ], [ -105.000242199972746, 39.687390933986599 ], [ -105.000189801569661, 39.687513908045986 ], [ -105.000118242816598, 39.687707834665879 ], [ -105.000102630918704, 39.687779489564441 ], [ -105.000102203209806, 39.687839541440475 ], [ -105.000101276905582, 39.687969597542626 ], [ -105.000100871190938, 39.688026561032686 ], [ -105.000093385926419, 39.688079719619694 ], [ -105.000089507641064, 39.688125343934111 ], [ -105.000062186325238, 39.688219597852282 ], [ -104.999998885290751, 39.68837649776448 ], [ -104.999926720426487, 39.688530615527966 ], [ -104.999870502131401, 39.688690633953186 ], [ -104.999824528787755, 39.688909033777257 ], [ -104.999794316861838, 39.689034847286983 ], [ -104.999733434851436, 39.689226074588859 ], [ -104.999687979310977, 39.689371725802559 ], [ -104.999667692915693, 39.689426365551533 ], [ -104.999620048856414, 39.689554686203891 ], [ -104.999556204748373, 39.689662854249484 ], [ -104.999511399455571, 39.689717227487314 ], [ -104.999429164500413, 39.689788255495387 ], [ -104.999362153320348, 39.689842190076284 ], [ -104.999312136591499, 39.689879725123767 ], [ -104.999135292798115, 39.690012805834549 ], [ -104.998923656450955, 39.690166328741292 ], [ -104.998700348311814, 39.690336958787782 ], [ -104.998503106128467, 39.69046480411631 ], [ -104.99833187141553, 39.690558443704049 ], [ -104.998172306129874, 39.69063497556094 ], [ -104.997942378907254, 39.690736943174485 ], [ -104.997678610628853, 39.690850433341332 ], [ -104.997459444100357, 39.69093803310377 ], [ -104.997154852356431, 39.691045514737141 ], [ -104.996895808316879, 39.691144804124676 ], [ -104.996424379819913, 39.691325498725995 ], [ -104.996134865831451, 39.691435786694662 ], [ -104.99578560728358, 39.691577045671941 ], [ -104.995461994697436, 39.691734543241985 ], [ -104.99499390099308, 39.691970003970056 ], [ -104.994845816887462, 39.692055158799747 ], [ -104.994689512393649, 39.692171506000918 ], [ -104.994543896158888, 39.69228378097278 ], [ -104.994201335639247, 39.692604196284854 ], [ -104.994044572501679, 39.692783682726805 ], [ -104.993925306664465, 39.692937593974079 ], [ -104.993756323659426, 39.693210025622655 ], [ -104.993561143212517, 39.693542396882151 ], [ -104.993332316849433, 39.693981690694628 ], [ -104.993204763321501, 39.694298568037816 ], [ -104.9931175776385, 39.694561398521017 ], [ -104.993086557055037, 39.69467416642798 ], [ -104.993052779497873, 39.69479961857779 ], [ -104.993014185544908, 39.694976867599109 ], [ -104.992938341642201, 39.695268230237879 ], [ -104.992896482495738, 39.695405315020238 ], [ -104.992870203221983, 39.695476579638651 ], [ -104.992764606419854, 39.695705014947791 ], [ -104.992700455929693, 39.695853327872804 ], [ -104.992625416076606, 39.696033164782207 ], [ -104.992535322543944, 39.696206074312393 ], [ -104.992445282007353, 39.696371433504943 ], [ -104.992415397313621, 39.696449889765134 ], [ -104.992403371443046, 39.696515725168524 ], [ -104.992394188532259, 39.696667415846434 ], [ -104.991884303897621, 39.6966685932329 ], [ -104.991285567442546, 39.696658455100447 ], [ -104.99024809425147, 39.696653962526888 ], [ -104.990135959605368, 39.696653476401721 ], [ -104.990003047900771, 39.69665285052757 ], [ -104.987440748585982, 39.696640749398746 ] ] ] ] } },
{ "type": "Feature", "properties": { "fid": 48, "OBJECTID": 48, "NBHD_ID": 54, "NBHD_NAME": "Ruby Hill", "TYPOLOGY": null, "NOTES": "Ruby Hill", "GLOBALID": "{79BBB5BF-A060-4A28-A14B-D648420A5CA1}", "Shape__Area": 40476628.229980499, "Shape__Length": 27363.123428886702, "Shape_Length": 27363.123299752937, "Shape_Area": 40476627.739361942 }, "geometry": { "type": "MultiPolygon", "coordinates": [ [ [ [ -104.992394188532259, 39.696667415846434 ], [ -104.992403371443046, 39.696515725168524 ], [ -104.992415397313621, 39.696449889765134 ], [ -104.992445282007353, 39.696371433504943 ], [ -104.992535322543944, 39.696206074312393 ], [ -104.992625416076606, 39.696033164782207 ], [ -104.992700455929693, 39.695853327872804 ], [ -104.992764606419854, 39.695705014947791 ], [ -104.992870203221983, 39.695476579638651 ], [ -104.992896482495738, 39.695405315020238 ], [ -104.992938341642201, 39.695268230237879 ], [ -104.993014185544908, 39.694976867599109 ], [ -104.993052779497873, 39.69479961857779 ], [ -104.993086557055037, 39.69467416642798 ], [ -104.9931175776385, 39.694561398521017 ], [ -104.993204763321501, 39.694298568037816 ], [ -104.993332316849433, 39.693981690694628 ], [ -104.993561143212517, 39.693542396882151 ], [ -104.993756323659426, 39.693210025622655 ], [ -104.993925306664465, 39.692937593974079 ], [ -104.994044572501679, 39.692783682726805 ], [ -104.994201335639247, 39.692604196284854 ], [ -104.994543896158888, 39.69228378097278 ], [ -104.994689512393649, 39.692171506000918 ], [ -104.994845816887462, 39.692055158799747 ], [ -104.99499390099308, 39.691970003970056 ], [ -104.995461994697436, 39.691734543241985 ], [ -104.99578560728358, 39.691577045671941 ], [ -104.996134865831451, 39.691435786694662 ], [ -104.996424379819913, 39.691325498725995 ], [ -104.996895808316879, 39.691144804124676 ], [ -104.997154852356431, 39.691045514737141 ], [ -104.997459444100357, 39.69093803310377 ], [ -104.997678610628853, 39.690850433341332 ], [ -104.997942378907254, 39.690736943174485 ], [ -104.998172306129874, 39.69063497556094 ], [ -104.99833187141553, 39.690558443704049 ], [ -104.998503106128467, 39.69046480411631 ], [ -104.998700348311814, 39.690336958787782 ], [ -104.998923656450955, 39.690166328741292 ], [ -104.999135292798115, 39.690012805834549 ], [ -104.999312136591499, 39.689879725123767 ], [ -104.999362153320348, 39.689842190076284 ], [ -104.999429164500413, 39.689788255495387 ], [ -104.999511399455571, 39.689717227487314 ], [ -104.999556204748373, 39.689662854249484 ], [ -104.999620048856414, 39.689554686203891 ], [ -104.999667692915693, 39.689426365551533 ], [ -104.999687979310977, 39.689371725802559 ], [ -104.999733434851436, 39.689226074588859 ], [ -104.999794316861838, 39.689034847286983 ], [ -104.999824528787755, 39.688909033777257 ], [ -104.999870502131401, 39.688690633953186 ], [ -104.999926720426487, 39.688530615527966 ], [ -104.999998885290751, 39.68837649776448 ], [ -105.000062186325238, 39.688219597852282 ], [ -105.000089507641064, 39.688125343934111 ], [ -105.000093385926419, 39.688079719619694 ], [ -105.000100871190938, 39.688026561032686 ], [ -105.000101276905582, 39.687969597542626 ], [ -105.000102203209806, 39.687839541440475 ], [ -105.000102630918704, 39.687779489564441 ], [ -105.000118242816598, 39.687707834665879 ], [ -105.000189801569661, 39.687513908045986 ], [ -105.000242199972746, 39.687390933986599 ], [ -105.00029538142698, 39.687282720181116 ], [ -105.000325183723362, 39.687214214026611 ], [ -105.000358702797215, 39.687122731665987 ], [ -105.000404236099754, 39.686965755105625 ], [ -105.000435701847906, 39.686788472971706 ], [ -105.000481580381859, 39.686582768528424 ], [ -105.000508297929613, 39.686448361696584 ], [ -105.000542161865738, 39.686308494583379 ], [ -105.000911573733234, 39.68495181653666 ], [ -105.001312554444553, 39.683650863286402 ], [ -105.001358124797306, 39.683488053446055 ], [ -105.001403755883402, 39.683316663824527 ], [ -105.00141946539604, 39.683230939320666 ], [ -105.001440353555125, 39.682916345139198 ], [ -105.0014423838509, 39.682630497681146 ], [ -105.00142268607469, 39.682277296894213 ], [ -105.001404764473534, 39.682174271510974 ], [ -105.001837785704353, 39.682184159252046 ], [ -105.002434176307247, 39.682185495761985 ], [ -105.004088827242612, 39.682209987962977 ], [ -105.005251776229059, 39.682222780205436 ], [ -105.006196718358893, 39.682239656984549 ], [ -105.006373998837205, 39.68224830681806 ], [ -105.006800248486755, 39.682255365602551 ], [ -105.008699840968561, 39.682274179315556 ], [ -105.008926378484716, 39.682278113328216 ], [ -105.009996113573052, 39.682292552571667 ], [ -105.011051522165303, 39.682301542656845 ], [ -105.012898333416231, 39.682321953266289 ], [ -105.013382006784354, 39.682327387759429 ], [ -105.013828643908724, 39.682332642802599 ], [ -105.014746531241371, 39.682343082756695 ], [ -105.015702740985319, 39.682345576168011 ], [ -105.0168744217995, 39.682326084195005 ], [ -105.018039949759, 39.682318757923412 ], [ -105.019202632033327, 39.682308184879595 ], [ -105.02037656331629, 39.68230248385359 ], [ -105.021547553999611, 39.682293429277159 ], [ -105.022711577214963, 39.682286566673291 ], [ -105.023755871979702, 39.682279536385174 ], [ -105.025048001412046, 39.682277192888925 ], [ -105.02505238581351, 39.684085397662862 ], [ -105.025054047337036, 39.684978784190577 ], [ -105.025064271160531, 39.685892526439517 ], [ -105.025061270048781, 39.687686740169106 ], [ -105.025067624061293, 39.689492892284335 ], [ -105.025069383509901, 39.690811696204669 ], [ -105.02507204862701, 39.691303912695147 ], [ -105.02507369324681, 39.693115902472826 ], [ -105.025077087228993, 39.694925243824464 ], [ -105.025069120457985, 39.696753721904201 ], [ -105.023727612072435, 39.696740930602502 ], [ -105.022735807181775, 39.69674328647725 ], [ -105.021563936287933, 39.696745731077826 ], [ -105.020369851425642, 39.696748416564631 ], [ -105.019233482868415, 39.69675613017364 ], [ -105.018071381848387, 39.696758923076018 ], [ -105.017024758159323, 39.696764580955808 ], [ -105.015700218261244, 39.696770029237975 ], [ -105.013883226109257, 39.696764789462826 ], [ -105.012717661233353, 39.696754362377412 ], [ -105.011716433452932, 39.696747807255079 ], [ -105.010718724857227, 39.69674606252709 ], [ -105.009372791447277, 39.696738052751016 ], [ -105.008719805770411, 39.696735326630431 ], [ -105.006605353418607, 39.696731593737283 ], [ -105.006176691215018, 39.696729970990674 ], [ -105.00152536379106, 39.696712258140991 ], [ -105.000324226371703, 39.696707160610423 ], [ -104.999159531222929, 39.696699802980611 ], [ -104.997974385626335, 39.696694749554517 ], [ -104.996802566396411, 39.696689741207983 ], [ -104.995628099358811, 39.69668230768692 ], [ -104.994450061615311, 39.696677249226042 ], [ -104.992955766504309, 39.696668413644318 ], [ -104.992394188532259, 39.696667415846434 ] ] ] ] } },
{ "type": "Feature", "properties": { "fid": 49, "OBJECTID": 49, "NBHD_ID": 40, "NBHD_NAME": "Kennedy", "TYPOLOGY": null, "NOTES": "Kennedy", "GLOBALID": "{0DBA6520-9E36-49C8-85C9-5735D71FD29D}", "Shape__Area": 19575087.7802734, "Shape__Length": 23549.236192822598, "Shape_Length": 23549.235570864072, "Shape_Area": 19575087.990266051 }, "geometry": { "type": "MultiPolygon", "coordinates": [ [ [ [ -104.854487459309226, 39.660159225800506 ], [ -104.854236941218801, 39.660080764141838 ], [ -104.853073652567787, 39.659776855009412 ], [ -104.852017268334478, 39.659606390283521 ], [ -104.851693191962553, 39.659458443874577 ], [ -104.849255645804547, 39.659082509898681 ], [ -104.848882919235606, 39.659122997928492 ], [ -104.848686963644383, 39.659092466138432 ], [ -104.848635407502812, 39.659084432506852 ], [ -104.848637097002452, 39.65784106276103 ], [ -104.848562512366968, 39.657840649382983 ], [ -104.848568793797156, 39.65706786173606 ], [ -104.84726077078966, 39.657075703976915 ], [ -104.847932697847455, 39.65681587739526 ], [ -104.848631718157492, 39.656602182993169 ], [ -104.84930801335895, 39.656444980991886 ], [ -104.851396156643034, 39.655996329839901 ], [ -104.852314533868167, 39.655776617356622 ], [ -104.85320505136697, 39.655496002169805 ], [ -104.85405970278714, 39.655156157659498 ], [ -104.854874016414314, 39.65476014859231 ], [ -104.855171211018188, 39.654594998316774 ], [ -104.86717126354938, 39.647616961606232 ], [ -104.867673713590236, 39.647327970233107 ], [ -104.868206029041588, 39.64707413991173 ], [ -104.868764643841857, 39.646857168747964 ], [ -104.86911724154281, 39.646743413330697 ], [ -104.870072223037553, 39.646283193536654 ], [ -104.87119839419141, 39.646235690278075 ], [ -104.873051283831899, 39.645834812869261 ], [ -104.87407654511064, 39.645553386746045 ], [ -104.875065114001856, 39.645204150791763 ], [ -104.875580173433889, 39.644988974671485 ], [ -104.875564058681576, 39.645902757597852 ], [ -104.875460401375207, 39.651668871578202 ], [ -104.876690230060845, 39.653056323906803 ], [ -104.875668064602465, 39.653056928403664 ], [ -104.872010516105448, 39.653045138394333 ], [ -104.87093454244814, 39.653055298589386 ], [ -104.870393780353055, 39.653052402788262 ], [ -104.870119694911452, 39.653062081308008 ], [ -104.869888669484126, 39.653094285385286 ], [ -104.869686535149427, 39.653121070361877 ], [ -104.8694409402964, 39.653169916230588 ], [ -104.869166302352085, 39.653240900109836 ], [ -104.86884810300738, 39.653345091935549 ], [ -104.868596307494414, 39.653434532044436 ], [ -104.86841809417156, 39.653516976737492 ], [ -104.868247402016422, 39.653592681033736 ], [ -104.868066193671268, 39.653697607968873 ], [ -104.86789209455192, 39.653813719167552 ], [ -104.867732466423078, 39.653924334357129 ], [ -104.867550955276528, 39.654062700484275 ], [ -104.867412805818702, 39.654190152529871 ], [ -104.867318268266686, 39.654278823079345 ], [ -104.867216320595276, 39.654389748063942 ], [ -104.867128943627549, 39.654484030614604 ], [ -104.867026893717977, 39.654606102084259 ], [ -104.866946575681695, 39.654717143319658 ], [ -104.866866004963242, 39.654856052046121 ], [ -104.866785384833733, 39.655000534047851 ], [ -104.866712225931579, 39.655117187286365 ], [ -104.866601455933491, 39.655406423015499 ], [ -104.866526938754177, 39.655673559624475 ], [ -104.86648922800039, 39.655857287867256 ], [ -104.866465986811164, 39.656035521387849 ], [ -104.866442294090675, 39.656263915754757 ], [ -104.866439880330745, 39.65653144000273 ], [ -104.866431450769454, 39.657002569887759 ], [ -104.866379429528394, 39.659404352453798 ], [ -104.866343751220811, 39.660316358505995 ], [ -104.866032416997371, 39.660277639733032 ], [ -104.864966811331371, 39.660279779170523 ], [ -104.856671948665422, 39.660296098183281 ], [ -104.856489907581292, 39.660296474318876 ], [ -104.856424184004609, 39.660297830312572 ], [ -104.85632465564025, 39.660305864556456 ], [ -104.856225063163123, 39.660320761778372 ], [ -104.85612807585467, 39.660342193430211 ], [ -104.856034583616946, 39.660369821223526 ], [ -104.85594369848414, 39.660403640300721 ], [ -104.855857196327378, 39.660443660400404 ], [ -104.855775967060723, 39.660489543239095 ], [ -104.855608120312141, 39.660297819334083 ], [ -104.855036247808528, 39.660298801558476 ], [ -104.854933669525465, 39.660298977204192 ], [ -104.854487459309226, 39.660159225800506 ] ] ] ] } },
{ "type": "Feature", "properties": { "fid": 50, "OBJECTID": 50, "NBHD_ID": 32, "NBHD_NAME": "Hampden", "TYPOLOGY": null, "NOTES": "Hampden", "GLOBALID": "{A6AFD325-6527-47D2-80F6-588233554E56}", "Shape__Area": 78761939.294921905, "Shape__Length": 62418.641603632102, "Shape_Length": 62418.640793634506, "Shape_Area": 78761939.037559524 }, "geometry": { "type": "MultiPolygon", "coordinates": [ [ [ [ -104.866032416997371, 39.660277639733032 ], [ -104.866343751220811, 39.660316358505995 ], [ -104.866379429528394, 39.659404352453798 ], [ -104.866431450769454, 39.657002569887759 ], [ -104.866439880330745, 39.65653144000273 ], [ -104.866442294090675, 39.656263915754757 ], [ -104.866465986811164, 39.656035521387849 ], [ -104.86648922800039, 39.655857287867256 ], [ -104.866526938754177, 39.655673559624475 ], [ -104.866601455933491, 39.655406423015499 ], [ -104.866712225931579, 39.655117187286365 ], [ -104.866785384833733, 39.655000534047851 ], [ -104.866866004963242, 39.654856052046121 ], [ -104.866946575681695, 39.654717143319658 ], [ -104.867026893717977, 39.654606102084259 ], [ -104.867128943627549, 39.654484030614604 ], [ -104.867216320595276, 39.654389748063942 ], [ -104.867318268266686, 39.654278823079345 ], [ -104.867412805818702, 39.654190152529871 ], [ -104.867550955276528, 39.654062700484275 ], [ -104.867732466423078, 39.653924334357129 ], [ -104.86789209455192, 39.653813719167552 ], [ -104.868066193671268, 39.653697607968873 ], [ -104.868247402016422, 39.653592681033736 ], [ -104.86841809417156, 39.653516976737492 ], [ -104.868596307494414, 39.653434532044436 ], [ -104.86884810300738, 39.653345091935549 ], [ -104.869166302352085, 39.653240900109836 ], [ -104.8694409402964, 39.653169916230588 ], [ -104.869686535149427, 39.653121070361877 ], [ -104.869888669484126, 39.653094285385286 ], [ -104.870119694911452, 39.653062081308008 ], [ -104.870393780353055, 39.653052402788262 ], [ -104.87093454244814, 39.653055298589386 ], [ -104.872010516105448, 39.653045138394333 ], [ -104.875668064602465, 39.653056928403664 ], [ -104.876690230060845, 39.653056323906803 ], [ -104.880101459911927, 39.653064414782541 ], [ -104.880231223071263, 39.653064687551847 ], [ -104.881363201556098, 39.65306715247096 ], [ -104.881430197923351, 39.653067297956902 ], [ -104.882752780981576, 39.653070475150628 ], [ -104.884794786669545, 39.653075351170244 ], [ -104.886436612590913, 39.653077828405046 ], [ -104.887471204330609, 39.653079377436278 ], [ -104.887733380487632, 39.653081774924637 ], [ -104.887987562371407, 39.653087216931823 ], [ -104.891879148462976, 39.65309472020472 ], [ -104.894092623993103, 39.653100662281716 ], [ -104.894560932983538, 39.653102650662341 ], [ -104.898768655357998, 39.653120425095587 ], [ -104.900552818022263, 39.653117319193171 ], [ -104.902287730521991, 39.653121694444522 ], [ -104.904365399488213, 39.653122634208223 ], [ -104.904736172151161, 39.653121423362428 ], [ -104.904998485916352, 39.653120693595589 ], [ -104.905957437116754, 39.653117994985834 ], [ -104.906943025670714, 39.653115079805424 ], [ -104.907165724351643, 39.653114487553715 ], [ -104.907384320479309, 39.653113874192691 ], [ -104.907917073173294, 39.653112098216361 ], [ -104.908849385558895, 39.65310958497043 ], [ -104.90910534905008, 39.653107848534709 ], [ -104.909333303194714, 39.653107899188328 ], [ -104.911064741103701, 39.653102862715386 ], [ -104.912689631401363, 39.653097953758746 ], [ -104.912939948436573, 39.653097147214758 ], [ -104.915356899025795, 39.653094438539618 ], [ -104.916671979807745, 39.653081412668314 ], [ -104.917774674608424, 39.653089968397069 ], [ -104.918388152202908, 39.653087103719109 ], [ -104.918458155073807, 39.653087912201705 ], [ -104.918596275489676, 39.653374662384046 ], [ -104.918861519008743, 39.653925325268503 ], [ -104.920133786276423, 39.656774155599521 ], [ -104.921061421096979, 39.658834683097083 ], [ -104.921950318616169, 39.660853276838374 ], [ -104.922628178051539, 39.662393837453699 ], [ -104.923036249245001, 39.66330587414766 ], [ -104.923445085515056, 39.66412603104834 ], [ -104.923720035208788, 39.66463392938239 ], [ -104.924030871138683, 39.665126727769255 ], [ -104.92530543321817, 39.666966614175031 ], [ -104.925674266539261, 39.667493964825177 ], [ -104.925247502408368, 39.667503906913453 ], [ -104.925062335021167, 39.667508488469878 ], [ -104.923890114766365, 39.667540371548441 ], [ -104.92371827476839, 39.667584206823854 ], [ -104.922649012484442, 39.667586166381263 ], [ -104.922236638938585, 39.667586543303287 ], [ -104.921911888569895, 39.667588377437738 ], [ -104.921412786065659, 39.667588667179473 ], [ -104.921320593516413, 39.667588577241069 ], [ -104.920811927412757, 39.66758828413348 ], [ -104.920782897621251, 39.667560674128232 ], [ -104.920318115280367, 39.667118623285695 ], [ -104.920593074172416, 39.66694496312568 ], [ -104.922230609287666, 39.666953023426032 ], [ -104.922249730038644, 39.663766106226824 ], [ -104.922162955334272, 39.663735480834205 ], [ -104.92217106587168, 39.663721107625051 ], [ -104.922177403247062, 39.663706382529938 ], [ -104.922181967468902, 39.663691304648523 ], [ -104.922184758515968, 39.663675876682973 ], [ -104.922186661578465, 39.66366044345137 ], [ -104.9221859006758, 39.663644996223319 ], [ -104.922183363785237, 39.66362954116525 ], [ -104.922179938905558, 39.663614081741827 ], [ -104.922173844409258, 39.663599295531696 ], [ -104.922166859101566, 39.663584848110524 ], [ -104.92215809499335, 39.663570735112636 ], [ -104.922147546437074, 39.663557642847159 ], [ -104.921630195956098, 39.662973769705431 ], [ -104.921615241599739, 39.662956537684828 ], [ -104.921592425452872, 39.662923481214769 ], [ -104.92157228457846, 39.662889065230438 ], [ -104.921556594934771, 39.662853298473109 ], [ -104.92154535086172, 39.6628168672542 ], [ -104.921537667200255, 39.66277942404993 ], [ -104.921534423442637, 39.662742002695644 ], [ -104.921535622408911, 39.662704260036826 ], [ -104.921541261272225, 39.662666538327478 ], [ -104.921550443551652, 39.662629864462751 ], [ -104.921564062880663, 39.66259355560144 ], [ -104.921582113598845, 39.6625582980517 ], [ -104.921603704897123, 39.662524430596768 ], [ -104.921628833944908, 39.662492296389516 ], [ -104.9216575007393, 39.662461895427782 ], [ -104.921875873386526, 39.662255694885815 ], [ -104.921025822867804, 39.660344517552709 ], [ -104.918884888819349, 39.660344246939466 ], [ -104.91889544581008, 39.659927004619007 ], [ -104.918623712414643, 39.659928406172646 ], [ -104.91825729601257, 39.659353842906889 ], [ -104.917902866560738, 39.659155108055621 ], [ -104.917822465091788, 39.659320461464716 ], [ -104.916767411290948, 39.6590166725736 ], [ -104.916873090145231, 39.658801685725066 ], [ -104.915907594514039, 39.658514463166533 ], [ -104.915941980752919, 39.658437077774252 ], [ -104.916262721844006, 39.658094128263627 ], [ -104.916042104438716, 39.65750209365585 ], [ -104.916038541373382, 39.657503448630301 ], [ -104.916010068239203, 39.657510513713746 ], [ -104.915981609369723, 39.65751586301387 ], [ -104.915952282562756, 39.657518805807698 ], [ -104.91592297002525, 39.657520032817736 ], [ -104.91589367175925, 39.657519544044114 ], [ -104.915521635167323, 39.657517694491204 ], [ -104.915521274052665, 39.657134371459378 ], [ -104.915905579475279, 39.657155499490564 ], [ -104.91603350314486, 39.656934790829176 ], [ -104.916581872384867, 39.656125573224244 ], [ -104.915873005376355, 39.656054447787767 ], [ -104.915867238404729, 39.656107267249794 ], [ -104.915851536147997, 39.656180284337886 ], [ -104.915828742103969, 39.656251893494343 ], [ -104.915797080457153, 39.656322085888007 ], [ -104.915780812798545, 39.656356321985633 ], [ -104.915260176402342, 39.656179745802142 ], [ -104.913098881794213, 39.656187160763892 ], [ -104.913064757700866, 39.66313789780002 ], [ -104.915048525423344, 39.663146758407905 ], [ -104.915597283195751, 39.663258272602306 ], [ -104.915948892773997, 39.663477589269199 ], [ -104.915960340294177, 39.666158141568317 ], [ -104.916399024335078, 39.666160320417639 ], [ -104.916388017607488, 39.667591280517243 ], [ -104.916295930896894, 39.667592334660576 ], [ -104.915862224923927, 39.667597295772872 ], [ -104.915625431283601, 39.6676030290188 ], [ -104.914646435611701, 39.667598453397908 ], [ -104.912884153350277, 39.667638381802782 ], [ -104.910941956700384, 39.667641706339147 ], [ -104.90977298621749, 39.66764339224342 ], [ -104.908599935641377, 39.667645731431818 ], [ -104.907412951929018, 39.667647647307653 ], [ -104.905901967581528, 39.6676506585559 ], [ -104.90355069971352, 39.667631750283803 ], [ -104.903550680890532, 39.667609546910732 ], [ -104.903465064111529, 39.667609411483809 ], [ -104.898827937778137, 39.667601960362312 ], [ -104.894105195699069, 39.667594184069863 ], [ -104.894030597482555, 39.667594142700139 ], [ -104.89022626569006, 39.664503099584564 ], [ -104.888361782466816, 39.665680094412906 ], [ -104.888856853480419, 39.66573345850334 ], [ -104.888897666315387, 39.665737789623954 ], [ -104.888937567255411, 39.665744860442544 ], [ -104.888976556297081, 39.66575467186054 ], [ -104.889014636430815, 39.665766880725272 ], [ -104.889050916658576, 39.66578182557565 ], [ -104.889085402955047, 39.665798820106048 ], [ -104.889118089350646, 39.665818550625275 ], [ -104.889148096788063, 39.665839983059016 ], [ -104.88916485564792, 39.665853110577835 ], [ -104.88967878200495, 39.66629160582017 ], [ -104.889747495927551, 39.666355448859242 ], [ -104.889809069997767, 39.666423372821278 ], [ -104.889862616181105, 39.666495373107871 ], [ -104.889901146552944, 39.666558029867424 ], [ -104.890468583420642, 39.667585335772998 ], [ -104.885173960844455, 39.667572517065146 ], [ -104.879535701082176, 39.663933975664946 ], [ -104.876221536444731, 39.663938535997985 ], [ -104.876101807679575, 39.664020948518342 ], [ -104.875991779473196, 39.664110961247765 ], [ -104.875892341698872, 39.664208236668664 ], [ -104.875803505852588, 39.664311745359257 ], [ -104.875727940878619, 39.664420816079009 ], [ -104.875663879993496, 39.664534408157891 ], [ -104.875613990285345, 39.664652193512708 ], [ -104.875576508020202, 39.664772790112515 ], [ -104.875553218412222, 39.664895178844439 ], [ -104.875544123436484, 39.665019014755835 ], [ -104.875546001196085, 39.665107562487464 ], [ -104.875543171261484, 39.665924979106236 ], [ -104.875446138006353, 39.667548687953413 ], [ -104.875388009393575, 39.668492439498529 ], [ -104.875390976961896, 39.668657862814193 ], [ -104.875413488982588, 39.668822703631001 ], [ -104.875446878720695, 39.668962894951449 ], [ -104.876275883035177, 39.670916156967778 ], [ -104.876321115095067, 39.671023122476548 ], [ -104.876378810919235, 39.671126723296375 ], [ -104.876448091630564, 39.671225923439238 ], [ -104.876528075267501, 39.671320032770268 ], [ -104.876618766068106, 39.671408708121618 ], [ -104.876718397733484, 39.671490567428648 ], [ -104.876751928740561, 39.67151511019334 ], [ -104.877238979132514, 39.671875617355091 ], [ -104.877469030538563, 39.672073129271084 ], [ -104.875445884408833, 39.672069604503648 ], [ -104.875429158072322, 39.674880367317805 ], [ -104.870749227280797, 39.674867970057392 ], [ -104.866363794329871, 39.671281127354213 ], [ -104.865975906163541, 39.670961260406514 ], [ -104.865956342260958, 39.667522248500141 ], [ -104.865994381591506, 39.663899946380717 ], [ -104.866032416997371, 39.660277639733032 ] ] ] ] } },
{ "type": "Feature", "properties": { "fid": 51, "OBJECTID": 51, "NBHD_ID": 3, "NBHD_NAME": "Baker", "TYPOLOGY": null, "NOTES": "Baker", "GLOBALID": "{1EC63A14-993B-4436-9681-10D574A8978F}", "Shape__Area": 41583761.323730499, "Shape__Length": 32991.543473358899, "Shape_Length": 32991.543686617268, "Shape_Area": 41583761.859595463 }, "geometry": { "type": "MultiPolygon", "coordinates": [ [ [ [ -104.987445463178872, 39.725644809158005 ], [ -104.98746879832926, 39.724884124992734 ], [ -104.987491983900767, 39.724143685489985 ], [ -104.987495678989603, 39.722542858041905 ], [ -104.987460208741567, 39.720950437138086 ], [ -104.987508151187953, 39.719375879901186 ], [ -104.987507535296231, 39.718365267933684 ], [ -104.987515856454024, 39.717469310179006 ], [ -104.987511672085887, 39.716582220732228 ], [ -104.987515816849381, 39.71613647207964 ], [ -104.987520927923271, 39.715680088679036 ], [ -104.987535452697657, 39.714786560112891 ], [ -104.987546346062445, 39.71390365162997 ], [ -104.987552965312503, 39.71299739018832 ], [ -104.987559383892247, 39.712118580479377 ], [ -104.9875850141824, 39.711164358685799 ], [ -104.987591725397266, 39.710245399779353 ], [ -104.987608090450948, 39.709342954383857 ], [ -104.987611813590618, 39.708467906561374 ], [ -104.987632792277694, 39.707542145685736 ], [ -104.987567780500441, 39.705736827042131 ], [ -104.987498654019035, 39.703887221320286 ], [ -104.987498053585611, 39.703361149977837 ], [ -104.987497920531169, 39.702649429703946 ], [ -104.987538066128351, 39.70214069290779 ], [ -104.987571947280813, 39.702002890112361 ], [ -104.987567528393242, 39.70192699861753 ], [ -104.98755628359028, 39.701733914843523 ], [ -104.987550367843724, 39.701536956092859 ], [ -104.987538996101165, 39.70141571611164 ], [ -104.987504903928851, 39.701273667568714 ], [ -104.987485320908434, 39.701192072553965 ], [ -104.987479599318874, 39.701021726373654 ], [ -104.987487156834788, 39.700351903972425 ], [ -104.987485499099094, 39.700219352173818 ], [ -104.987440748585982, 39.696640749398746 ], [ -104.990003047900771, 39.69665285052757 ], [ -104.990135959605368, 39.696653476401721 ], [ -104.99024809425147, 39.696653962526888 ], [ -104.991285567442546, 39.696658455100447 ], [ -104.991884303897621, 39.6966685932329 ], [ -104.992394188532259, 39.696667415846434 ], [ -104.992391263475454, 39.696715736971079 ], [ -104.992390260712327, 39.696854371412648 ], [ -104.992389516088494, 39.696957317106921 ], [ -104.992388977475912, 39.69703178115676 ], [ -104.992373119806103, 39.697136034260389 ], [ -104.992327023260174, 39.697367471187533 ], [ -104.992300069905767, 39.697531729886791 ], [ -104.99227957088695, 39.69778626918778 ], [ -104.992274279307111, 39.698026460378181 ], [ -104.992265184513826, 39.69830095231486 ], [ -104.992274729666875, 39.698455416808407 ], [ -104.992280503954831, 39.698639720178093 ], [ -104.992300624555625, 39.698928751022699 ], [ -104.992329972622713, 39.699047612939225 ], [ -104.992358752576294, 39.699122202593742 ], [ -104.992402409098403, 39.699228086062071 ], [ -104.992446316279597, 39.699299653417384 ], [ -104.992501854085745, 39.699359946575278 ], [ -104.992590160330764, 39.699434793927367 ], [ -104.992659955715382, 39.699489314755823 ], [ -104.992685492481911, 39.699520996788927 ], [ -104.992710751456912, 39.699591110038412 ], [ -104.992823172721117, 39.699894608465158 ], [ -104.992932667286823, 39.700111273985478 ], [ -104.993097714060738, 39.700386515581428 ], [ -104.993185838837917, 39.700486755699181 ], [ -104.993277619301765, 39.700572942733217 ], [ -104.993461118994446, 39.700753893573889 ], [ -104.993696379276273, 39.701026692248909 ], [ -104.994129877656817, 39.701531977938387 ], [ -104.99435703441992, 39.701820181744075 ], [ -104.99467986246232, 39.702272143255094 ], [ -104.994756419327729, 39.7023754208656 ], [ -104.994840923388807, 39.702485595803232 ], [ -104.995024370379113, 39.702675122873217 ], [ -104.995399314285592, 39.703047348298533 ], [ -104.996139243217641, 39.703695323243664 ], [ -104.996424348529175, 39.703944490215655 ], [ -104.996480962182218, 39.703993966007516 ], [ -104.996757218674887, 39.704252520849685 ], [ -104.996837151432686, 39.704326907485346 ], [ -104.996930218677065, 39.704413518537272 ], [ -104.99699626172108, 39.7044968453175 ], [ -104.997123662228816, 39.704697454461211 ], [ -104.997219507139874, 39.704837874313206 ], [ -104.997303944283601, 39.704958341927401 ], [ -104.997365432607523, 39.70505743626245 ], [ -104.99741724078433, 39.70514344814255 ], [ -104.997493560235654, 39.705281039010565 ], [ -104.997567232899456, 39.705415874119758 ], [ -104.997614640731157, 39.705496033349945 ], [ -104.997724620623202, 39.70564818062126 ], [ -104.997764868993073, 39.705735515606143 ], [ -104.99781556614802, 39.705852750267411 ], [ -104.997851973305558, 39.705980219646214 ], [ -104.997883763596903, 39.706132032883438 ], [ -104.997938432494735, 39.706315171488342 ], [ -104.998003926146751, 39.706475708482671 ], [ -104.998073068703178, 39.706623219955823 ], [ -104.998382930918893, 39.707279296179095 ], [ -104.998510858668851, 39.707531722332632 ], [ -104.998576664916342, 39.707649021000378 ], [ -104.998620272380876, 39.707763822866987 ], [ -104.998648882311869, 39.707863805738626 ], [ -104.998673863389001, 39.707974067077629 ], [ -104.998753772032259, 39.708231778794783 ], [ -104.998968660095557, 39.708750526845463 ], [ -104.999081690292471, 39.708974406366345 ], [ -104.999187902817994, 39.709157763685262 ], [ -104.999400263535065, 39.709533401714495 ], [ -104.999619470887694, 39.709946128044564 ], [ -104.999659724081397, 39.71003346224682 ], [ -104.999725287475414, 39.710185419302867 ], [ -104.999844526030287, 39.710536294910561 ], [ -104.999894863249494, 39.71070500109203 ], [ -104.999934821295142, 39.710833856419541 ], [ -104.999960140484816, 39.710897106614858 ], [ -105.000011936591775, 39.710985862378301 ], [ -105.000145404642595, 39.711197524181479 ], [ -105.000153083435848, 39.711209701654546 ], [ -105.000293998243393, 39.711433171373621 ], [ -105.000377326588264, 39.71158657519274 ], [ -105.00042889778355, 39.711706900607474 ], [ -105.000526732100695, 39.711944784424098 ], [ -105.000610646145191, 39.712140742495315 ], [ -105.000916798114687, 39.712825620305452 ], [ -105.001070169862302, 39.713126536729078 ], [ -105.001267569158998, 39.713484948355195 ], [ -105.001476014349009, 39.713914783848089 ], [ -105.001541587741585, 39.714066396529596 ], [ -105.001682763019517, 39.714458884217201 ], [ -105.001781149314965, 39.714745154710812 ], [ -105.001835501979343, 39.714850048904815 ], [ -105.001970769733148, 39.715073676993654 ], [ -105.002051756735085, 39.715182458603174 ], [ -105.00237056537901, 39.715590110747044 ], [ -105.002473625210257, 39.715719231886894 ], [ -105.00255828884444, 39.715810870641569 ], [ -105.002727836833316, 39.715963265347291 ], [ -105.003032571457098, 39.716226041452423 ], [ -105.003283471558561, 39.71643608678108 ], [ -105.003378943140589, 39.716507867248055 ], [ -105.003773607897898, 39.716747000671184 ], [ -105.004124046728748, 39.716957119945917 ], [ -105.00458508712579, 39.717236336063145 ], [ -105.005063901143387, 39.717515969173647 ], [ -105.005506366466577, 39.717783780052279 ], [ -105.005790265943304, 39.71797920178718 ], [ -105.00615123867621, 39.718209606481309 ], [ -105.006290335619767, 39.718299176001871 ], [ -105.006406033483799, 39.718373676927044 ], [ -105.006501541663539, 39.718447381498756 ], [ -105.006597844650031, 39.718521698185334 ], [ -105.006686268511174, 39.718585210485493 ], [ -105.006778030096513, 39.718679964276809 ], [ -105.006851148747799, 39.718771551398973 ], [ -105.00703881400996, 39.719003970991402 ], [ -105.007130483837443, 39.719111765085209 ], [ -105.00807130264883, 39.720047727282399 ], [ -105.008494898432474, 39.720475703282688 ], [ -105.008785243326145, 39.72076860182105 ], [ -105.009226663102709, 39.721190816648566 ], [ -105.009391875381922, 39.721331514920713 ], [ -105.009643033455916, 39.721509975629672 ], [ -105.009963426251119, 39.721701421111604 ], [ -105.010067048240003, 39.72175332754945 ], [ -105.010214218247924, 39.721805414309564 ], [ -105.01042887344245, 39.721866360737074 ], [ -105.01089112676047, 39.721979810388547 ], [ -105.012066911782512, 39.722242062637541 ], [ -105.012277144144406, 39.722300242951221 ], [ -105.012469623545101, 39.722355259980063 ], [ -105.012561815127711, 39.722389957951634 ], [ -105.012709855611206, 39.722445133606463 ], [ -105.01282053108649, 39.722505644894149 ], [ -105.012893920111026, 39.72256016798358 ], [ -105.012953089367784, 39.72261463305643 ], [ -105.013030012149017, 39.72267225822209 ], [ -105.013229156631283, 39.722791816454894 ], [ -105.013897544331641, 39.72317205636611 ], [ -105.014059512767091, 39.723269839603518 ], [ -105.014335497503623, 39.723459716895093 ], [ -105.014531099760632, 39.723577885610979 ], [ -105.015154452773075, 39.723917781834373 ], [ -105.015280151493258, 39.723991392722013 ], [ -105.015402170959376, 39.724083176655824 ], [ -105.015523061463966, 39.724209613987426 ], [ -105.015677351119237, 39.724390407838577 ], [ -105.015687166875225, 39.724402995623869 ], [ -105.01573990148033, 39.724470622314428 ], [ -105.015802371460623, 39.724562502933424 ], [ -105.015846099317343, 39.724665630637872 ], [ -105.015856281409938, 39.724735677001668 ], [ -105.01584812445428, 39.724887320660869 ], [ -105.015835604135518, 39.725027277144115 ], [ -105.015827783418359, 39.725130193582281 ], [ -105.015778577571041, 39.725509539384859 ], [ -105.015686387070772, 39.725516268069605 ], [ -105.014822276819785, 39.725579327338423 ], [ -105.014331273401368, 39.725615766752533 ], [ -105.013665682041079, 39.725665158456216 ], [ -105.013465709606507, 39.72567697808195 ], [ -105.013054578523651, 39.725692902526575 ], [ -105.013001003446703, 39.725695335069965 ], [ -105.012446280636993, 39.725720515446127 ], [ -105.011963669749377, 39.72575207286183 ], [ -105.011655027855227, 39.725764214955575 ], [ -105.011333348043024, 39.725776302986525 ], [ -105.010735760859305, 39.725780530271344 ], [ -105.009697032937353, 39.725789629639777 ], [ -105.009494225512228, 39.725802049470978 ], [ -105.00944051591793, 39.72580533908166 ], [ -105.009049211276306, 39.725830552467109 ], [ -105.009017240242187, 39.725832159159815 ], [ -105.008555779102721, 39.725855339785596 ], [ -105.008299309798829, 39.725864335071897 ], [ -105.008060246551025, 39.725870047549826 ], [ -105.007786509930625, 39.725862190744088 ], [ -105.007365090312689, 39.725843648088045 ], [ -105.007085582523047, 39.725826483074165 ], [ -105.007013225992551, 39.725822039469378 ], [ -105.00637243970678, 39.725789150086221 ], [ -105.00460591586986, 39.725778368887518 ], [ -105.000879437466523, 39.725762619209746 ], [ -105.000158489460588, 39.725714608108241 ], [ -104.999459889461605, 39.725714040052914 ], [ -104.999347899469583, 39.725713906689329 ], [ -104.998582638471248, 39.725713393788382 ], [ -104.998087607274911, 39.725708536733499 ], [ -104.998053833611138, 39.725708392642161 ], [ -104.997557023752819, 39.725703526666351 ], [ -104.99697393089447, 39.725708242226204 ], [ -104.996388264076984, 39.725699902019649 ], [ -104.995803451509389, 39.725696710849924 ], [ -104.995202642252949, 39.725693104976621 ], [ -104.994612505837324, 39.725688512405192 ], [ -104.994017925592004, 39.725683898661828 ], [ -104.993430440803408, 39.72568137052135 ], [ -104.992833179477614, 39.725678797301754 ], [ -104.9921674821435, 39.72567592566152 ], [ -104.991539113616454, 39.725673211591754 ], [ -104.990900079781071, 39.725670448013744 ], [ -104.990291293265869, 39.725663693200104 ], [ -104.989199887098025, 39.725656558392586 ], [ -104.988887908009559, 39.725657604648113 ], [ -104.988381320066807, 39.725653001500277 ], [ -104.987445463178872, 39.725644809158005 ] ] ] ] } },
{ "type": "Feature", "properties": { "fid": 52, "OBJECTID": 52, "NBHD_ID": 41, "NBHD_NAME": "Lincoln Park", "TYPOLOGY": null, "NOTES": "Lincoln Park", "GLOBALID": "{E3EE60B8-7BF9-42EC-8C64-48BEEF109AA6}", "Shape__Area": 35576104.541503899, "Shape__Length": 25194.461518381799, "Shape_Length": 25194.461639519814, "Shape_Area": 35576104.903830066 }, "geometry": { "type": "MultiPolygon", "coordinates": [ [ [ [ -104.998576949859213, 39.740200167198644 ], [ -104.998420547306978, 39.739930129160044 ], [ -104.99838903194491, 39.739861706462882 ], [ -104.998360938656461, 39.73981217201127 ], [ -104.998323045937013, 39.739765684192164 ], [ -104.998273673032003, 39.739708166368096 ], [ -104.998206544324489, 39.73964748438744 ], [ -104.998160571454676, 39.739611942198557 ], [ -104.998126157513354, 39.73957610703399 ], [ -104.998076864654266, 39.739507608419217 ], [ -104.998031147357835, 39.739436379773423 ], [ -104.998006499783727, 39.739402302020757 ], [ -104.997978560525823, 39.739331149192324 ], [ -104.997951456113753, 39.739267892543417 ], [ -104.997916288612132, 39.739213179524 ], [ -104.997881003236913, 39.739174938459094 ], [ -104.997810376089774, 39.739106348681666 ], [ -104.997771655431208, 39.73905127819387 ], [ -104.997719793573779, 39.738969042140191 ], [ -104.997670639171062, 39.738881327095157 ], [ -104.997646139438004, 39.738826660426021 ], [ -104.997596847580937, 39.738758160690637 ], [ -104.99755545798817, 39.738703421885589 ], [ -104.997502531848852, 39.738645888537413 ], [ -104.997474360995781, 39.738607334564392 ], [ -104.997407211902384, 39.73854974042861 ], [ -104.997227951920237, 39.73838219905042 ], [ -104.997172897069078, 39.738249505790677 ], [ -104.997074258586196, 39.738120399160913 ], [ -104.997050113919428, 39.738091480611935 ], [ -104.996993170310205, 39.73802328204556 ], [ -104.99687070599947, 39.737869710071465 ], [ -104.996688403042711, 39.737631121121268 ], [ -104.996492133493604, 39.737356784574622 ], [ -104.99640147568293, 39.737230799899123 ], [ -104.996309968695641, 39.737099321884678 ], [ -104.995959672282765, 39.736611222910824 ], [ -104.995889128519664, 39.736531651196088 ], [ -104.995818644124043, 39.736443842996209 ], [ -104.995738695149356, 39.736312414014392 ], [ -104.995664909648028, 39.736189247182971 ], [ -104.995609537377874, 39.736101504517158 ], [ -104.995507297318895, 39.735979587328863 ], [ -104.9954166443529, 39.735853259579173 ], [ -104.995307441875411, 39.735710723756526 ], [ -104.995192215089446, 39.73554070842173 ], [ -104.995058349068913, 39.735366839134841 ], [ -104.994988775544897, 39.735276289934617 ], [ -104.994897215752346, 39.735152703118146 ], [ -104.994810020385856, 39.735040458284296 ], [ -104.994729030269013, 39.734930643035462 ], [ -104.99456085574181, 39.734707210103586 ], [ -104.994504577344983, 39.734622208233375 ], [ -104.994462402644288, 39.734553738530394 ], [ -104.994417482199438, 39.734496238078989 ], [ -104.994315158789803, 39.734386330849297 ], [ -104.994227945512165, 39.734276830734544 ], [ -104.994132814182763, 39.73415597318148 ], [ -104.994045720283822, 39.734030002730435 ], [ -104.993985946929484, 39.733936749755358 ], [ -104.993933136251712, 39.733864116198909 ], [ -104.993804008235969, 39.733650458447748 ], [ -104.9937440758478, 39.73357916679204 ], [ -104.993607483636694, 39.733414549247627 ], [ -104.993547681663529, 39.733325412902417 ], [ -104.993512520569965, 39.733270699348495 ], [ -104.993435956597807, 39.733163990600687 ], [ -104.993337391627776, 39.733026645949785 ], [ -104.993259281084477, 39.732914485813026 ], [ -104.993257332200159, 39.73291168621639 ], [ -104.993134094152055, 39.732744379416019 ], [ -104.993043378883741, 39.732628000983055 ], [ -104.992958957918432, 39.732501697998849 ], [ -104.992843662700864, 39.732342660899157 ], [ -104.992678945453406, 39.732134339798144 ], [ -104.992590939200497, 39.732012481224793 ], [ -104.992472208195579, 39.731836958190975 ], [ -104.992345439513201, 39.731666890883666 ], [ -104.992223016355538, 39.731510567630494 ], [ -104.992142021942044, 39.731402466199611 ], [ -104.9920936096444, 39.731336713894763 ], [ -104.992023193689462, 39.731240668596541 ], [ -104.991945906911397, 39.731111649436357 ], [ -104.991869387452468, 39.730999449215496 ], [ -104.991816581177872, 39.730926814631196 ], [ -104.991742651582612, 39.730825263429338 ], [ -104.991641543570324, 39.730671777759206 ], [ -104.991549873810513, 39.730565001488792 ], [ -104.991413392140004, 39.730386655289465 ], [ -104.991333261737466, 39.730282331729697 ], [ -104.991259281263112, 39.730187985411504 ], [ -104.991126137333907, 39.730039851269929 ], [ -104.991045198595373, 39.72992454291353 ], [ -104.990929832253883, 39.729776485433092 ], [ -104.990855923920833, 39.72967218753984 ], [ -104.990757216944559, 39.729555772596264 ], [ -104.990687754398863, 39.729451494730249 ], [ -104.990603299134577, 39.729331023430298 ], [ -104.990537332531062, 39.729234995518318 ], [ -104.99047393286898, 39.72915270594644 ], [ -104.990424555094052, 39.729097929797405 ], [ -104.990231360525229, 39.728896343897596 ], [ -104.990181925751386, 39.728849460953924 ], [ -104.990115760631113, 39.728780884655976 ], [ -104.990045111627623, 39.728717780330825 ], [ -104.9899956945751, 39.728668494366794 ], [ -104.989936662792431, 39.728596861351782 ], [ -104.989873340612618, 39.728503932932071 ], [ -104.98980980379099, 39.728440859294544 ], [ -104.98971883133737, 39.728361194988054 ], [ -104.989658731531563, 39.728314264654621 ], [ -104.989609335009078, 39.728262233333901 ], [ -104.989557184727744, 39.728222200616749 ], [ -104.989475791136854, 39.728170030411007 ], [ -104.989377630164185, 39.72810131573236 ], [ -104.989260864346122, 39.728024284382656 ], [ -104.989074379126251, 39.727878661467088 ], [ -104.988962228047569, 39.727778314119369 ], [ -104.988902026737776, 39.727745452475638 ], [ -104.988802740548252, 39.727709332548059 ], [ -104.988746845843295, 39.727695363298011 ], [ -104.988697230324689, 39.727673528646044 ], [ -104.988553132051265, 39.727566178865544 ], [ -104.988323948150367, 39.727425859647937 ], [ -104.988087577135602, 39.727296146641486 ], [ -104.987784723841344, 39.727141779406324 ], [ -104.987541451330713, 39.727009256632705 ], [ -104.987433611918064, 39.726950511900583 ], [ -104.98743971377057, 39.726674951723851 ], [ -104.987440001674102, 39.726623417811396 ], [ -104.987445463178872, 39.725644809158005 ], [ -104.988381320066807, 39.725653001500277 ], [ -104.988887908009559, 39.725657604648113 ], [ -104.989199887098025, 39.725656558392586 ], [ -104.990291293265869, 39.725663693200104 ], [ -104.990900079781071, 39.725670448013744 ], [ -104.991539113616454, 39.725673211591754 ], [ -104.9921674821435, 39.72567592566152 ], [ -104.992833179477614, 39.725678797301754 ], [ -104.993430440803408, 39.72568137052135 ], [ -104.994017925592004, 39.725683898661828 ], [ -104.994612505837324, 39.725688512405192 ], [ -104.995202642252949, 39.725693104976621 ], [ -104.995803451509389, 39.725696710849924 ], [ -104.996388264076984, 39.725699902019649 ], [ -104.99697393089447, 39.725708242226204 ], [ -104.997557023752819, 39.725703526666351 ], [ -104.998053833611138, 39.725708392642161 ], [ -104.998087607274911, 39.725708536733499 ], [ -104.998582638471248, 39.725713393788382 ], [ -104.999347899469583, 39.725713906689329 ], [ -104.999459889461605, 39.725714040052914 ], [ -105.000158489460588, 39.725714608108241 ], [ -105.000879437466523, 39.725762619209746 ], [ -105.00460591586986, 39.725778368887518 ], [ -105.00637243970678, 39.725789150086221 ], [ -105.007013225992551, 39.725822039469378 ], [ -105.007085582523047, 39.725826483074165 ], [ -105.007365090312689, 39.725843648088045 ], [ -105.007786509930625, 39.725862190744088 ], [ -105.008060246551025, 39.725870047549826 ], [ -105.008299309798829, 39.725864335071897 ], [ -105.008555779102721, 39.725855339785596 ], [ -105.009017240242187, 39.725832159159815 ], [ -105.009049211276306, 39.725830552467109 ], [ -105.00944051591793, 39.72580533908166 ], [ -105.009494225512228, 39.725802049470978 ], [ -105.009697032937353, 39.725789629639777 ], [ -105.010735760859305, 39.725780530271344 ], [ -105.011333348043024, 39.725776302986525 ], [ -105.011655027855227, 39.725764214955575 ], [ -105.011963669749377, 39.72575207286183 ], [ -105.012446280636993, 39.725720515446127 ], [ -105.013001003446703, 39.725695335069965 ], [ -105.013054578523651, 39.725692902526575 ], [ -105.013465709606507, 39.72567697808195 ], [ -105.013665682041079, 39.725665158456216 ], [ -105.014331273401368, 39.725615766752533 ], [ -105.014822276819785, 39.725579327338423 ], [ -105.015686387070772, 39.725516268069605 ], [ -105.015778577571041, 39.725509539384859 ], [ -105.015753997244389, 39.725699035819432 ], [ -105.015753621472484, 39.725701935362366 ], [ -105.015726633904762, 39.725877522580475 ], [ -105.015710695422541, 39.725997562612434 ], [ -105.015686820123676, 39.726296579140843 ], [ -105.015686371981076, 39.7263021885299 ], [ -105.015669338741347, 39.726580763445106 ], [ -105.015649667403991, 39.726855210463867 ], [ -105.015652184814996, 39.72700552440412 ], [ -105.015647407026037, 39.727182574690815 ], [ -105.015660421841673, 39.727357297004474 ], [ -105.015685093064917, 39.727517310562057 ], [ -105.015692092273042, 39.72754189729347 ], [ -105.015732821246203, 39.727684969405736 ], [ -105.015834146450729, 39.72794275548241 ], [ -105.015929626017467, 39.728146299220946 ], [ -105.015995556531507, 39.72825226334411 ], [ -105.016101287414912, 39.728387216457044 ], [ -105.016409829730165, 39.728757381502255 ], [ -105.016550009844508, 39.728923703203854 ], [ -105.016685606997541, 39.729110253154708 ], [ -105.016744499842375, 39.729206236304236 ], [ -105.016842592369215, 39.729418024826579 ], [ -105.016908191030581, 39.729572716423256 ], [ -105.016944772808216, 39.729681647863963 ], [ -105.016966461929883, 39.729758947568229 ], [ -105.016976578514772, 39.729838945924747 ], [ -105.016993187503033, 39.730654016232805 ], [ -105.017004577545009, 39.731194195093828 ], [ -105.017024246429671, 39.732081341672071 ], [ -105.017013380691495, 39.732947471408025 ], [ -105.017008482620241, 39.733337924627499 ], [ -105.017015654433266, 39.733845485634411 ], [ -105.017005629096658, 39.734785012609933 ], [ -105.017035834542639, 39.735303992100519 ], [ -105.017095892454151, 39.735618915159222 ], [ -105.017165075075553, 39.735899559822549 ], [ -105.017222661405924, 39.736056962332057 ], [ -105.017438401685723, 39.736484050004819 ], [ -105.017690803314636, 39.737009773700244 ], [ -105.017865856727539, 39.737407868408503 ], [ -105.017963530159079, 39.737682795456593 ], [ -105.018003673544953, 39.737791740811339 ], [ -105.018053953740846, 39.737977938986887 ], [ -105.018071758436037, 39.738103607521516 ], [ -105.018070499320743, 39.738286848410738 ], [ -105.018054012619643, 39.738486841630504 ], [ -105.01802314468425, 39.738709768370512 ], [ -105.017992394467882, 39.738915537702212 ], [ -105.017973214765746, 39.738989924269021 ], [ -105.017924367073945, 39.739112574466532 ], [ -105.017879200043694, 39.73921705238439 ], [ -105.017848475528581, 39.739289676735943 ], [ -105.017562295314406, 39.740054774736549 ], [ -105.017475251461065, 39.740301835045408 ], [ -105.017471164314898, 39.740313077622581 ], [ -105.017395206638312, 39.740521983890133 ], [ -105.015332838334032, 39.740472884421081 ], [ -105.014587911941547, 39.740454792430519 ], [ -105.010876694011458, 39.740379335333472 ], [ -105.009356677052949, 39.740341460302446 ], [ -105.006443326985647, 39.740268811807944 ], [ -105.005896965431006, 39.740244833359284 ], [ -105.005244386344117, 39.740216190665372 ], [ -105.004787423151967, 39.740196131565845 ], [ -105.004427607718412, 39.740172083666337 ], [ -105.004135843167617, 39.740155832181614 ], [ -105.003556941188393, 39.740157147118644 ], [ -105.002831624602933, 39.740165295587211 ], [ -105.001734982179713, 39.740177613262837 ], [ -105.001579590286468, 39.740181128009212 ], [ -105.000155864506141, 39.740213328973532 ], [ -105.00012695363182, 39.740213981645525 ], [ -105.00005960416803, 39.740214417867669 ], [ -104.999980011253967, 39.74021493352501 ], [ -104.999076139282138, 39.740220780547389 ], [ -104.998921736220851, 39.740214367843578 ], [ -104.998576949859213, 39.740200167198644 ] ] ] ] } },
{ "type": "Feature", "properties": { "fid": 53, "OBJECTID": 53, "NBHD_ID": 2, "NBHD_NAME": "Auraria", "TYPOLOGY": null, "NOTES": "Auraria", "GLOBALID": "{581D81C6-BC45-4384-87A7-3727108E881C}", "Shape__Area": 17995319.082519501, "Shape__Length": 17704.848196176601, "Shape_Length": 17704.847827846323, "Shape_Area": 17995318.971234061 }, "geometry": { "type": "MultiPolygon", "coordinates": [ [ [ [ -105.000431600130682, 39.745526334059861 ], [ -105.000424538380543, 39.745392118952438 ], [ -105.000421256043467, 39.745353671451937 ], [ -105.000415329406735, 39.745187214316182 ], [ -105.00040896766285, 39.745081838148622 ], [ -105.000399098730071, 39.74496958394932 ], [ -105.000375411274788, 39.744800307029728 ], [ -105.000351745937095, 39.744627941775761 ], [ -105.000334909261937, 39.744495410806572 ], [ -105.00031161332123, 39.744271230388499 ], [ -105.000305943763024, 39.74406874278494 ], [ -105.00030029134642, 39.743863854040043 ], [ -105.000297309889973, 39.743783199475004 ], [ -105.000281061778566, 39.743692879273333 ], [ -105.000264020057983, 39.743589173471001 ], [ -105.000229161586589, 39.743490539353125 ], [ -105.000194166263071, 39.74341112143712 ], [ -105.000145082750421, 39.743312426869103 ], [ -105.000106513205068, 39.74323573809518 ], [ -105.00005474091779, 39.743140120474308 ], [ -105.000019591844605, 39.743082320741401 ], [ -104.999998635027922, 39.743029042342016 ], [ -104.999956606495914, 39.742938613426908 ], [ -104.999918134070413, 39.74284819870477 ], [ -104.999884241308521, 39.742738930685263 ], [ -104.999849442526639, 39.742632060900796 ], [ -104.999803878028061, 39.742538871629662 ], [ -104.999755009787705, 39.742410323098326 ], [ -104.999712942781329, 39.742325383524346 ], [ -104.999664584392335, 39.742250026486452 ], [ -104.99955235224607, 39.742030958062557 ], [ -104.999534834507671, 39.741994165732592 ], [ -104.999497079418461, 39.741928118956579 ], [ -104.999444361169054, 39.741840731864869 ], [ -104.999395222191879, 39.741750272457629 ], [ -104.999346161729548, 39.741648832325616 ], [ -104.999308540576777, 39.741563912394888 ], [ -104.999129481007657, 39.74124195418176 ], [ -104.999123354908974, 39.741228544968038 ], [ -104.999105791031099, 39.741198272355746 ], [ -104.99908470802535, 39.74116283739918 ], [ -104.999067203003989, 39.741124329252997 ], [ -104.99905321352081, 39.741091326588176 ], [ -104.999035745307907, 39.741047670330879 ], [ -104.998989986812205, 39.74098193244982 ], [ -104.998961814203128, 39.740943378865971 ], [ -104.998940750959434, 39.740905198704297 ], [ -104.998920635551826, 39.740858786795648 ], [ -104.998899770950317, 39.740792811717498 ], [ -104.998875406897739, 39.740718929109462 ], [ -104.9988650114134, 39.740680794359974 ], [ -104.998847566648408, 39.74063405065047 ], [ -104.998826561250794, 39.740587634029509 ], [ -104.998787905189133, 39.740523298935862 ], [ -104.998759769655777, 39.740479598992025 ], [ -104.998704294476767, 39.740405239755475 ], [ -104.998633937575832, 39.740298561178669 ], [ -104.998623721261509, 39.740280922045052 ], [ -104.998576949859213, 39.740200167198644 ], [ -104.998921736220851, 39.740214367843578 ], [ -104.999076139282138, 39.740220780547389 ], [ -104.999980011253967, 39.74021493352501 ], [ -105.00005960416803, 39.740214417867669 ], [ -105.00012695363182, 39.740213981645525 ], [ -105.000155864506141, 39.740213328973532 ], [ -105.001579590286468, 39.740181128009212 ], [ -105.001734982179713, 39.740177613262837 ], [ -105.002831624602933, 39.740165295587211 ], [ -105.003556941188393, 39.740157147118644 ], [ -105.004135843167617, 39.740155832181614 ], [ -105.004427607718412, 39.740172083666337 ], [ -105.004787423151967, 39.740196131565845 ], [ -105.005244386344117, 39.740216190665372 ], [ -105.005896965431006, 39.740244833359284 ], [ -105.006443326985647, 39.740268811807944 ], [ -105.009356677052949, 39.740341460302446 ], [ -105.010876694011458, 39.740379335333472 ], [ -105.014587911941547, 39.740454792430519 ], [ -105.015332838334032, 39.740472884421081 ], [ -105.017395206638312, 39.740521983890133 ], [ -105.017339330027951, 39.740675662024863 ], [ -105.017230011819919, 39.74092983703612 ], [ -105.017071742867358, 39.741321073854209 ], [ -105.016603546602568, 39.742565843364673 ], [ -105.016501848822244, 39.742874266728009 ], [ -105.0164492813214, 39.743019893283304 ], [ -105.016422197220052, 39.743079834430084 ], [ -105.016347423248163, 39.743222623519181 ], [ -105.016271358504525, 39.743396379624066 ], [ -105.016080056397854, 39.743833373742063 ], [ -105.01596033763488, 39.744047355214896 ], [ -105.015854959695034, 39.744244236818275 ], [ -105.015850222912604, 39.744257065440578 ], [ -105.015809660704804, 39.744366901431299 ], [ -105.015760529429642, 39.74452969867869 ], [ -105.015740851799762, 39.744675459272536 ], [ -105.015709528288639, 39.74496289650277 ], [ -105.015688470007291, 39.745308712554056 ], [ -105.015640237112123, 39.745856191826618 ], [ -105.015631651819362, 39.746069257551397 ], [ -105.015629677515847, 39.746355099628637 ], [ -105.01562834313772, 39.746548291187089 ], [ -105.015619296474682, 39.746699586813179 ], [ -105.015603094913317, 39.746985713420678 ], [ -105.015585997060043, 39.747272864875114 ], [ -105.015566369652234, 39.747552224073459 ], [ -105.015553458043669, 39.747735992789629 ], [ -105.015485275288015, 39.748468009207258 ], [ -105.015453941922118, 39.748756475405614 ], [ -105.015384287660524, 39.749186507227563 ], [ -105.015319225341116, 39.749466597777847 ], [ -105.015277496192141, 39.749586530519984 ], [ -105.015202544510515, 39.749753682820227 ], [ -105.015168325066412, 39.749816339399331 ], [ -105.015149426469861, 39.74984920451687 ], [ -105.015093849829825, 39.749914518331906 ], [ -105.014966787559018, 39.750031354077073 ], [ -105.014791557223205, 39.750170640298116 ], [ -105.014695018833535, 39.750244707090594 ], [ -105.01461282682962, 39.750301675175869 ], [ -105.014408500948576, 39.750405151700669 ], [ -105.013598148212509, 39.750842075309258 ], [ -105.013508919206004, 39.750887689390495 ], [ -105.013449182801651, 39.750911463358129 ], [ -105.01338585544157, 39.750940027530916 ], [ -105.013311881418304, 39.75096545833938 ], [ -105.013121966723332, 39.751041882001019 ], [ -105.012973859747959, 39.751115391769027 ], [ -105.012783605715143, 39.751240542510409 ], [ -105.012537928218023, 39.751408357877182 ], [ -105.012243701816089, 39.751652839333879 ], [ -105.012064604722141, 39.751835342153335 ], [ -105.011687997960792, 39.752162524324895 ], [ -105.01161716025932, 39.752248019332278 ], [ -105.011546291304896, 39.75233797609048 ], [ -105.011497860542491, 39.752397827334342 ], [ -105.011404775225998, 39.752485975110467 ], [ -105.011329610811686, 39.752554294190006 ], [ -105.011195483135026, 39.752662517566471 ], [ -105.010834214008625, 39.752956817695882 ], [ -105.010662622854284, 39.753082042525342 ], [ -105.010533021387118, 39.75317861756141 ], [ -105.01027921812198, 39.753362179508436 ], [ -105.010179177530986, 39.75342730592844 ], [ -105.010030151725246, 39.753503895636598 ], [ -105.00993016825872, 39.753560786346647 ], [ -105.009773629339847, 39.75369465232987 ], [ -105.009499412109989, 39.753933452150335 ], [ -105.009407732777859, 39.754013291884711 ], [ -105.009366511835211, 39.754058759745803 ], [ -105.0093404458176, 39.75409880118346 ], [ -105.009281162152092, 39.754184342009225 ], [ -105.009164632075439, 39.754318373966349 ], [ -105.009079644483464, 39.754392141101675 ], [ -105.009016183624595, 39.754439231847094 ], [ -105.008729345934427, 39.754640840733011 ], [ -105.008639950223142, 39.754709098658097 ], [ -105.008588177586248, 39.754737707568609 ], [ -105.00855077319649, 39.754746130278647 ], [ -105.00844668259694, 39.754754274486686 ], [ -105.008354150915935, 39.754762466887215 ], [ -105.008280272102695, 39.754773482388785 ], [ -105.008227859533918, 39.75478915303681 ], [ -105.008196512774802, 39.754798525933296 ], [ -105.008196125981272, 39.754789121316378 ], [ -105.008193473635188, 39.754724734804007 ], [ -105.008183303230012, 39.754653659117743 ], [ -105.008176896503841, 39.754552743725625 ], [ -105.008142233270348, 39.754423915550944 ], [ -105.008117958250565, 39.754335279973631 ], [ -105.008048905176395, 39.754165471618919 ], [ -105.007993131740065, 39.754003955360126 ], [ -105.007958524497354, 39.7538672347576 ], [ -105.007927637688994, 39.753707194208822 ], [ -105.007899741627867, 39.753627808623747 ], [ -105.007869043354731, 39.75356762892936 ], [ -105.007837400618214, 39.753515336054711 ], [ -105.007780936872152, 39.753452302442959 ], [ -105.007619202684225, 39.753312304731054 ], [ -105.007576736454354, 39.753281929364114 ], [ -105.007520157449036, 39.753235366611321 ], [ -105.007397212014595, 39.753143229523779 ], [ -105.007267276862535, 39.753033561198052 ], [ -105.007125824474954, 39.752918011745081 ], [ -105.006978183705115, 39.75279728885566 ], [ -105.006773853153263, 39.752646129604599 ], [ -105.006587199646773, 39.752510143852547 ], [ -105.006513807163458, 39.752452185966142 ], [ -105.006455677144771, 39.752408175886387 ], [ -105.006365222507071, 39.752339693160089 ], [ -105.006189249677334, 39.752202378928246 ], [ -105.005939016221006, 39.752004357274153 ], [ -105.005809056433179, 39.751898805941842 ], [ -105.005717980906681, 39.751827047051684 ], [ -105.005597734261727, 39.751731143734311 ], [ -105.005421764462028, 39.75159382832399 ], [ -105.005066203947479, 39.751328446668914 ], [ -105.004907882611235, 39.751210420513658 ], [ -105.004784084136631, 39.751114159137096 ], [ -105.004618710384165, 39.75098752400325 ], [ -105.004453374763827, 39.750855742348861 ], [ -105.003960686535038, 39.750494382381184 ], [ -105.003794386525669, 39.75037357579793 ], [ -105.003618539090098, 39.750219786613314 ], [ -105.003414456565721, 39.75003568027612 ], [ -105.003284467773042, 39.749935272367708 ], [ -105.003224318521077, 39.74989143764973 ], [ -105.003065947593555, 39.749781302211666 ], [ -105.002950152334307, 39.749685415782757 ], [ -105.002795397035214, 39.749567058587857 ], [ -105.002664433297383, 39.749479000377448 ], [ -105.002527246321307, 39.749390915711373 ], [ -105.002301654668358, 39.749231423698326 ], [ -105.00220352716704, 39.74915208182518 ], [ -105.002044328916355, 39.749033705716663 ], [ -105.001942589619617, 39.74896224183248 ], [ -105.001805461902734, 39.748865920797961 ], [ -105.00172411326362, 39.748802778787606 ], [ -105.001534245468577, 39.748621473588479 ], [ -105.001477791328668, 39.748558436838636 ], [ -105.001415289464447, 39.748470667175667 ], [ -105.001316936255279, 39.748298329079333 ], [ -105.001215589286559, 39.748171960266383 ], [ -105.001148835614529, 39.748057063063747 ], [ -105.00105086335445, 39.747831193011237 ], [ -105.001027190762926, 39.747784423357743 ], [ -105.000963818186491, 39.747694247637028 ], [ -105.000928705154919, 39.747630957933801 ], [ -105.000876327282668, 39.747533092000523 ], [ -105.000876060149906, 39.747532591894526 ], [ -105.000817504556267, 39.747390276714981 ], [ -105.000779067663643, 39.747294372083161 ], [ -105.000747615093942, 39.747216342108821 ], [ -105.000719535461656, 39.747164406335848 ], [ -105.000677348426819, 39.747095596025268 ], [ -105.000636068796965, 39.747024387451425 ], [ -105.000604373308647, 39.746980672062861 ], [ -105.000558531267103, 39.746925915616302 ], [ -105.000481678351932, 39.746731361864981 ], [ -105.000458258280545, 39.746649248008801 ], [ -105.000433929663018, 39.746569875541944 ], [ -105.00042382580682, 39.746490563453811 ], [ -105.000424194929536, 39.746438748358322 ], [ -105.000424495611682, 39.746396540458669 ], [ -105.00045269850294, 39.745932025950104 ], [ -105.000446463749924, 39.74580880529961 ], [ -105.000431600130682, 39.745526334059861 ] ] ] ] } },
{ "type": "Feature", "properties": { "fid": 54, "OBJECTID": 54, "NBHD_ID": 21, "NBHD_NAME": "Cory - Merrill", "TYPOLOGY": null, "NOTES": "Cory - Merrill", "GLOBALID": "{0CDAD527-3FF9-49F1-AA21-AE0537EE60D6}", "Shape__Area": 23391660.3203125, "Shape__Length": 19901.6152370891, "Shape_Length": 19901.615014200852, "Shape_Area": 23391659.78333256 }, "geometry": { "type": "MultiPolygon", "coordinates": [ [ [ [ -104.940706651278617, 39.695410951445091 ], [ -104.940705893257672, 39.694768873745957 ], [ -104.940642847787402, 39.694768917941104 ], [ -104.940642918106704, 39.694762874618505 ], [ -104.940639950811175, 39.692948275735439 ], [ -104.940657991670307, 39.69113622641401 ], [ -104.940638956258496, 39.689327848240595 ], [ -104.940661395427512, 39.687499615809486 ], [ -104.940702954691389, 39.685693400623926 ], [ -104.940718405412056, 39.684899007073895 ], [ -104.940698954472168, 39.684448484859331 ], [ -104.940698106606504, 39.683440259876448 ], [ -104.940697391410765, 39.683134724505102 ], [ -104.940696776477736, 39.683049656081145 ], [ -104.940697291672834, 39.682968760559419 ], [ -104.940995470353499, 39.683054123658309 ], [ -104.941256709790508, 39.68312891009942 ], [ -104.941949080754654, 39.683298652717681 ], [ -104.94307036776965, 39.683580330419126 ], [ -104.943775812561441, 39.683745407186905 ], [ -104.944909837723301, 39.684037707984061 ], [ -104.946186915719565, 39.68431033753415 ], [ -104.94688028826242, 39.684430647919122 ], [ -104.947868111213836, 39.684565342448941 ], [ -104.948629146948718, 39.68464369410929 ], [ -104.949609121959924, 39.684706809242307 ], [ -104.950088691620422, 39.684725309858955 ], [ -104.950338386909536, 39.684729293905733 ], [ -104.950612945453912, 39.684733674617476 ], [ -104.951241547848298, 39.684743701313081 ], [ -104.953757933294099, 39.68474566528603 ], [ -104.95550395452247, 39.684736304932613 ], [ -104.958573694825574, 39.684732622646848 ], [ -104.959457130759844, 39.684735177865967 ], [ -104.959457441572738, 39.684872076093306 ], [ -104.959456802175282, 39.685028518652061 ], [ -104.959456306196287, 39.685150140955287 ], [ -104.959454209620262, 39.686375118116011 ], [ -104.959404676825812, 39.687513115398168 ], [ -104.959362684680869, 39.689311649777494 ], [ -104.959354194981429, 39.691154597163063 ], [ -104.959353143244655, 39.69296937593608 ], [ -104.959347183461958, 39.69478091550743 ], [ -104.959331477301888, 39.696588977471684 ], [ -104.958113416224535, 39.696589891987166 ], [ -104.956973532838703, 39.696591153110404 ], [ -104.955832812717105, 39.696585880100336 ], [ -104.954679617706574, 39.696585342471259 ], [ -104.953526393320828, 39.69658856820022 ], [ -104.952365165112241, 39.696592774840077 ], [ -104.951203147643199, 39.696584269263901 ], [ -104.950028617433119, 39.696585302278159 ], [ -104.948854138392491, 39.696579803685182 ], [ -104.947696512297313, 39.696577804154344 ], [ -104.946538861911918, 39.696578881590142 ], [ -104.945381211491167, 39.696579947630006 ], [ -104.944198710051808, 39.6965777963458 ], [ -104.943036617571082, 39.696578818310869 ], [ -104.941891456669367, 39.696573389030249 ], [ -104.941326392236263, 39.696575167950023 ], [ -104.940708028753519, 39.696576002546969 ], [ -104.940706651278617, 39.695410951445091 ] ] ] ] } },
{ "type": "Feature", "properties": { "fid": 55, "OBJECTID": 55, "NBHD_ID": 7, "NBHD_NAME": "Belcaro", "TYPOLOGY": null, "NOTES": "Belcaro", "GLOBALID": "{535CF371-4857-4D7D-A1B0-08EF1E3392F5}", "Shape__Area": 32480739.8198242, "Shape__Length": 24881.039004149701, "Shape_Length": 24881.038409817305, "Shape_Area": 32480740.441015918 }, "geometry": { "type": "MultiPolygon", "coordinates": [ [ [ [ -104.940714691917421, 39.711570242058507 ], [ -104.940696362833293, 39.711082519317358 ], [ -104.940700938860786, 39.703819827336574 ], [ -104.940706786323588, 39.697735207819264 ], [ -104.940037750586271, 39.697738544149033 ], [ -104.940036195343509, 39.697933453939314 ], [ -104.938572853539497, 39.697939174035689 ], [ -104.938574148723745, 39.696666725652996 ], [ -104.939563002884498, 39.696664921398373 ], [ -104.939563718121533, 39.696575358941402 ], [ -104.940621839059474, 39.696577651582807 ], [ -104.940708028753519, 39.696576002546969 ], [ -104.941326392236263, 39.696575167950023 ], [ -104.941891456669367, 39.696573389030249 ], [ -104.943036617571082, 39.696578818310869 ], [ -104.944198710051808, 39.6965777963458 ], [ -104.945381211491167, 39.696579947630006 ], [ -104.946538861911918, 39.696578881590142 ], [ -104.947696512297313, 39.696577804154344 ], [ -104.948854138392491, 39.696579803685182 ], [ -104.950028617433119, 39.696585302278159 ], [ -104.951203147643199, 39.696584269263901 ], [ -104.952365165112241, 39.696592774840077 ], [ -104.953526393320828, 39.69658856820022 ], [ -104.954679617706574, 39.696585342471259 ], [ -104.955832812717105, 39.696585880100336 ], [ -104.956973532838703, 39.696591153110404 ], [ -104.958113416224535, 39.696589891987166 ], [ -104.959331477301888, 39.696588977471684 ], [ -104.959338819347906, 39.698403664352369 ], [ -104.959338070495761, 39.700230666746748 ], [ -104.959343686369095, 39.702038823243363 ], [ -104.959369558289495, 39.703870406767003 ], [ -104.959338785404114, 39.7056732471017 ], [ -104.95933314399133, 39.707327953817398 ], [ -104.959338062914455, 39.707496813262622 ], [ -104.959337438228175, 39.709307680780945 ], [ -104.959318644778762, 39.71093933393464 ], [ -104.959271009964681, 39.711124423351194 ], [ -104.959324252604205, 39.711194067891164 ], [ -104.959324846264792, 39.711732657473803 ], [ -104.959317668368001, 39.712977068082061 ], [ -104.959311769507877, 39.71399978628186 ], [ -104.959310730176028, 39.714180050350699 ], [ -104.959312571905983, 39.714519754586327 ], [ -104.959316905596097, 39.715319396740959 ], [ -104.959318770526494, 39.715663513405339 ], [ -104.958981593379107, 39.715698476022482 ], [ -104.958913991174185, 39.71570640095397 ], [ -104.958817921491828, 39.715718313717723 ], [ -104.958665771390386, 39.715742321246097 ], [ -104.958488760104444, 39.715763468840464 ], [ -104.958361557131781, 39.715779011780995 ], [ -104.95812415967228, 39.715794390175368 ], [ -104.957911568987129, 39.715819490934294 ], [ -104.957808400368279, 39.715829996613039 ], [ -104.957670535615733, 39.715845489663579 ], [ -104.957561123956822, 39.715858711634063 ], [ -104.95741883323484, 39.715871781849799 ], [ -104.957220620979371, 39.715876357994311 ], [ -104.95708287964527, 39.715875722337174 ], [ -104.956803830576249, 39.715875806715978 ], [ -104.956697170869035, 39.715878059424227 ], [ -104.95662343386816, 39.715874973538298 ], [ -104.95649208208475, 39.715852404369436 ], [ -104.956375814725448, 39.715832993219884 ], [ -104.956294143730901, 39.715821634584309 ], [ -104.956110361642118, 39.715798822635058 ], [ -104.956001163786155, 39.715784591223752 ], [ -104.955915959588125, 39.715770470692888 ], [ -104.955817454919639, 39.715752513793333 ], [ -104.955735784109166, 39.715741154769759 ], [ -104.955608706877513, 39.715740566726467 ], [ -104.955505622084388, 39.715740089606072 ], [ -104.955448792140814, 39.715734335949804 ], [ -104.955353833091309, 39.71571742455945 ], [ -104.955275780945172, 39.715697846093889 ], [ -104.955099171184827, 39.715667173058804 ], [ -104.954961642385697, 39.715639082075668 ], [ -104.954802767075975, 39.715613639088865 ], [ -104.954731769901855, 39.715600955289425 ], [ -104.954640406982165, 39.715578912566862 ], [ -104.95451635884811, 39.715531667411902 ], [ -104.954375359840228, 39.71549292253885 ], [ -104.954255583279277, 39.715467659261208 ], [ -104.954117039556749, 39.715456036134327 ], [ -104.954043324482242, 39.715450202536296 ], [ -104.953954563821611, 39.715436407234243 ], [ -104.95385600937135, 39.715424968524843 ], [ -104.953788578995415, 39.715410928968133 ], [ -104.953707035997496, 39.715383097367514 ], [ -104.953640587867568, 39.715357051630626 ], [ -104.953513093128493, 39.715296062935259 ], [ -104.953361688066508, 39.715224324976724 ], [ -104.953206814323366, 39.715141588622537 ], [ -104.953073160207907, 39.715072678092071 ], [ -104.952913779702243, 39.714998157170648 ], [ -104.952822590584248, 39.714954151485777 ], [ -104.952712930509094, 39.714885352149317 ], [ -104.952667856103545, 39.714853571548367 ], [ -104.95260412832765, 39.71482067464072 ], [ -104.952512072762346, 39.71477357622279 ], [ -104.95243141813873, 39.714746091022242 ], [ -104.952230190014234, 39.714682011461086 ], [ -104.952127362530305, 39.714648932206018 ], [ -104.952043134890161, 39.71462383222687 ], [ -104.95194379662972, 39.714599004945867 ], [ -104.951870105242577, 39.714590425696194 ], [ -104.951742376297005, 39.714559632194593 ], [ -104.95169360854419, 39.714545678410637 ], [ -104.951619260784383, 39.714507240870113 ], [ -104.951544980167682, 39.714460224550344 ], [ -104.951510556772391, 39.714430208967428 ], [ -104.951439905971611, 39.714373600974803 ], [ -104.951306724689388, 39.714244637292893 ], [ -104.951204349221811, 39.714153907243421 ], [ -104.95112767986727, 39.714071533837917 ], [ -104.951025431071329, 39.713964676509761 ], [ -104.950938055629209, 39.713887743596231 ], [ -104.950888848379677, 39.713816479389337 ], [ -104.950786429932663, 39.713731239346217 ], [ -104.950727276136462, 39.713681890985356 ], [ -104.950670705010239, 39.713643192673665 ], [ -104.950642376480943, 39.713629333896989 ], [ -104.950519284921739, 39.71357419620886 ], [ -104.950462670993431, 39.713540988185308 ], [ -104.950413163417807, 39.713508156499124 ], [ -104.950336251058886, 39.713457009151028 ], [ -104.95021580323106, 39.713404628788908 ], [ -104.950131704174439, 39.71336339850879 ], [ -104.950071665217578, 39.713313702508287 ], [ -104.950040145577518, 39.713253501800672 ], [ -104.95004419228448, 39.713190722082047 ], [ -104.950030125005455, 39.713171439239922 ], [ -104.950024264330693, 39.713170458009543 ], [ -104.949962676039675, 39.713160142673878 ], [ -104.949906797973014, 39.713146498048665 ], [ -104.949797209331635, 39.713069460369198 ], [ -104.949656647382653, 39.71297580499462 ], [ -104.949600077409244, 39.712937107058892 ], [ -104.949477074044253, 39.712870987485033 ], [ -104.949395663448954, 39.712827023952336 ], [ -104.949325872263771, 39.712774536610105 ], [ -104.949262341879972, 39.712716931108439 ], [ -104.949213029401449, 39.712659392148062 ], [ -104.949157820009646, 39.712560646102816 ], [ -104.949140454600979, 39.712508747306437 ], [ -104.949105597234762, 39.712421076827169 ], [ -104.949074056102688, 39.712363621031663 ], [ -104.94904951996395, 39.712319581359537 ], [ -104.949007273682653, 39.712267565993976 ], [ -104.948913092887082, 39.712152508635299 ], [ -104.948863654403553, 39.712111097543136 ], [ -104.94881061573038, 39.71207550331502 ], [ -104.948733695325643, 39.712025727490797 ], [ -104.948652306582858, 39.711979018228789 ], [ -104.9486099352211, 39.711943130746675 ], [ -104.948561620302613, 39.711871869682042 ], [ -104.948519482539069, 39.711806128151927 ], [ -104.948466507842994, 39.711762298170541 ], [ -104.948375154588163, 39.711739907401942 ], [ -104.948265097605116, 39.711722919424965 ], [ -104.948211954281163, 39.711700707753707 ], [ -104.948127869233687, 39.711658104318239 ], [ -104.948042884898157, 39.711616868349637 ], [ -104.947983651114015, 39.711578157108114 ], [ -104.947902458968173, 39.711506740557745 ], [ -104.946192773210058, 39.711501105357179 ], [ -104.945589403369368, 39.711499636495866 ], [ -104.944984254817612, 39.711498498407984 ], [ -104.944393324231427, 39.711497081205579 ], [ -104.943778402709981, 39.7114955466864 ], [ -104.943174099240608, 39.711499894779678 ], [ -104.942569793371248, 39.711504238856634 ], [ -104.942195107480146, 39.711476030066137 ], [ -104.941359414831652, 39.711449619716149 ], [ -104.940918704247821, 39.711469970029974 ], [ -104.940714691917421, 39.711570242058507 ] ] ] ] } },
{ "type": "Feature", "properties": { "fid": 56, "OBJECTID": 56, "NBHD_ID": 70, "NBHD_NAME": "Washington Park", "TYPOLOGY": null, "NOTES": "Washington Park", "GLOBALID": "{799ED8CF-77E3-4DA2-8DA2-9AA5E712D110}", "Shape__Area": 42112769.895996101, "Shape__Length": 30834.616899308701, "Shape_Length": 30834.616878446966, "Shape_Area": 42112769.076262206 }, "geometry": { "type": "MultiPolygon", "coordinates": [ [ [ [ -104.959318770526494, 39.715663513405339 ], [ -104.959316905596097, 39.715319396740959 ], [ -104.959312571905983, 39.714519754586327 ], [ -104.959310730176028, 39.714180050350699 ], [ -104.959311769507877, 39.71399978628186 ], [ -104.959317668368001, 39.712977068082061 ], [ -104.959324846264792, 39.711732657473803 ], [ -104.959324252604205, 39.711194067891164 ], [ -104.959271009964681, 39.711124423351194 ], [ -104.959318644778762, 39.71093933393464 ], [ -104.959337438228175, 39.709307680780945 ], [ -104.959338062914455, 39.707496813262622 ], [ -104.95933314399133, 39.707327953817398 ], [ -104.959338785404114, 39.7056732471017 ], [ -104.959369558289495, 39.703870406767003 ], [ -104.959343686369095, 39.702038823243363 ], [ -104.959338070495761, 39.700230666746748 ], [ -104.959338819347906, 39.698403664352369 ], [ -104.959331477301888, 39.696588977471684 ], [ -104.959347183461958, 39.69478091550743 ], [ -104.959353143244655, 39.69296937593608 ], [ -104.959354194981429, 39.691154597163063 ], [ -104.959362684680869, 39.689311649777494 ], [ -104.959404676825812, 39.687513115398168 ], [ -104.959454209620262, 39.686375118116011 ], [ -104.959456306196287, 39.685150140955287 ], [ -104.959456802175282, 39.685028518652061 ], [ -104.959457441572738, 39.684872076093306 ], [ -104.959457130759844, 39.684735177865967 ], [ -104.960058385548734, 39.684736913715462 ], [ -104.961180171383859, 39.684738413854973 ], [ -104.961754322268362, 39.684774424306298 ], [ -104.962166824716533, 39.68481587230805 ], [ -104.962628227172615, 39.684883012239368 ], [ -104.963178228021476, 39.685004700229513 ], [ -104.963711521559745, 39.68515301595891 ], [ -104.964247658648858, 39.685348319791018 ], [ -104.964655966607779, 39.685520786620103 ], [ -104.96530964523609, 39.685830359595222 ], [ -104.968201390820298, 39.687260253117223 ], [ -104.968617841654023, 39.687465344352489 ], [ -104.968852025329397, 39.687580671788432 ], [ -104.96992335428142, 39.68810825866629 ], [ -104.973292407629302, 39.689760860114902 ], [ -104.973434221755838, 39.689830417246952 ], [ -104.973427750333343, 39.690008486926835 ], [ -104.973436406133573, 39.690478448138542 ], [ -104.97343685695904, 39.690753382324658 ], [ -104.973436297267085, 39.691140007833972 ], [ -104.973423943174723, 39.692978042603514 ], [ -104.973422620999614, 39.694753504963373 ], [ -104.973398022585656, 39.696610942900584 ], [ -104.973391106531409, 39.698361391863372 ], [ -104.973410966278365, 39.698438006198423 ], [ -104.973399445858149, 39.700210052680816 ], [ -104.973393531321378, 39.702063795899953 ], [ -104.973388873235464, 39.703868471273509 ], [ -104.973383274870983, 39.705680005424945 ], [ -104.973383852288734, 39.707497398012599 ], [ -104.973386299582529, 39.709302445763299 ], [ -104.973402905289589, 39.711115446652528 ], [ -104.973404074876939, 39.711551611273528 ], [ -104.973407112412687, 39.712922901167573 ], [ -104.97340239471697, 39.714735461972623 ], [ -104.973155339838655, 39.714736072409011 ], [ -104.973155988725324, 39.716543165510366 ], [ -104.973160958414411, 39.718011576145088 ], [ -104.97324217071727, 39.718203080423201 ], [ -104.973257949350128, 39.718410005893993 ], [ -104.973147487935634, 39.718385218858863 ], [ -104.973031276217412, 39.718357244557204 ], [ -104.972963951143882, 39.718342130283581 ], [ -104.972883109405601, 39.718323980443181 ], [ -104.972773118684714, 39.71829603466152 ], [ -104.972713679931417, 39.718282041814867 ], [ -104.972116641978232, 39.71814004082794 ], [ -104.971862010940285, 39.718082962676355 ], [ -104.971783910219074, 39.718068885569849 ], [ -104.971692541313601, 39.718046512962147 ], [ -104.97156128142214, 39.718010577816166 ], [ -104.971423680550643, 39.717990742592306 ], [ -104.971335865419888, 39.717968385674467 ], [ -104.971218887986538, 39.717924278468701 ], [ -104.97112043070932, 39.717899127362436 ], [ -104.970992747971664, 39.717860462372961 ], [ -104.970905172394779, 39.717806535403369 ], [ -104.970805969071066, 39.717762507725332 ], [ -104.970760791432198, 39.717743087465479 ], [ -104.970693376158025, 39.717726312416794 ], [ -104.970597540187114, 39.717707007300596 ], [ -104.970495632317181, 39.717668114600407 ], [ -104.970344059697894, 39.717615614923673 ], [ -104.970255461513673, 39.717579527228068 ], [ -104.97014648349456, 39.717535454066976 ], [ -104.970100479706261, 39.717507794866407 ], [ -104.970029787485473, 39.717454285546296 ], [ -104.969949287676755, 39.717404850822604 ], [ -104.969875012453329, 39.717355100933332 ], [ -104.969800776234536, 39.717300203756395 ], [ -104.969731045738072, 39.717237090977527 ], [ -104.969639347624664, 39.717140935654534 ], [ -104.969548517682611, 39.71704752855819 ], [ -104.969439146745572, 39.716937910093556 ], [ -104.969365945318728, 39.716863800277366 ], [ -104.969288342248674, 39.716784179977104 ], [ -104.969224812613618, 39.716723840146635 ], [ -104.969155065040027, 39.716663128158324 ], [ -104.969087887484847, 39.716615126488847 ], [ -104.96900019806057, 39.716576638899213 ], [ -104.968915301996034, 39.716521349860116 ], [ -104.968851731353467, 39.716466500213023 ], [ -104.968803204529721, 39.716419954332942 ], [ -104.968743334220918, 39.71634590430962 ], [ -104.968724248188067, 39.716325443704463 ], [ -104.968630497931912, 39.716224945085493 ], [ -104.968500889332688, 39.716089153132025 ], [ -104.968469248643061, 39.716042683402158 ], [ -104.968410228656836, 39.715973785357313 ], [ -104.968353891800504, 39.715902495477529 ], [ -104.96827982475186, 39.715825635745624 ], [ -104.968206688141564, 39.715743288690106 ], [ -104.968129025186059, 39.715671904081347 ], [ -104.96804780779857, 39.715600501543399 ], [ -104.967981655985724, 39.715534658567655 ], [ -104.967910967362243, 39.715481148836886 ], [ -104.967766989573789, 39.715365538444367 ], [ -104.967577091705195, 39.715211628223756 ], [ -104.967408041649975, 39.715120954666482 ], [ -104.967301904516987, 39.715054587081752 ], [ -104.967171955478833, 39.714964090244337 ], [ -104.967024238882232, 39.714873169594178 ], [ -104.96689321677141, 39.714807032036234 ], [ -104.966798507741558, 39.714757187525393 ], [ -104.966685260019375, 39.714691129399135 ], [ -104.966558860341465, 39.714601677442602 ], [ -104.966460739633703, 39.714532943303297 ], [ -104.966375866312802, 39.714475250343618 ], [ -104.966319325069648, 39.714431412325396 ], [ -104.966252990633606, 39.714389931972057 ], [ -104.966160945915206, 39.714340442186767 ], [ -104.966066196259234, 39.714296086571125 ], [ -104.96597049161862, 39.714260306479872 ], [ -104.965885329063028, 39.714240702768556 ], [ -104.965843584185947, 39.714237767917432 ], [ -104.965772556213466, 39.714229209476905 ], [ -104.965694398285905, 39.714223363898697 ], [ -104.965659762493445, 39.714220461273939 ], [ -104.965606465405614, 39.71421747386043 ], [ -104.965553210145416, 39.714208996028923 ], [ -104.965517714488115, 39.714202314679021 ], [ -104.965461856096738, 39.714185589101859 ], [ -104.965390932813179, 39.714163304446089 ], [ -104.965323542017046, 39.714143781096212 ], [ -104.965260490969925, 39.714138003896373 ], [ -104.965185804011512, 39.714143154926781 ], [ -104.965118142386615, 39.714159319024141 ], [ -104.965012206726925, 39.714183544888989 ], [ -104.964916048575105, 39.714207471974966 ], [ -104.964849274293201, 39.714223639954412 ], [ -104.964753092470076, 39.714250655253196 ], [ -104.964671978076382, 39.71428288646927 ], [ -104.96461138336845, 39.714304573921737 ], [ -104.96452578115121, 39.714342618355772 ], [ -104.964394620058101, 39.714411682984931 ], [ -104.96429196843863, 39.714471268788479 ], [ -104.96420266600019, 39.714528170016543 ], [ -104.964131260522592, 39.714569024119875 ], [ -104.964078581891869, 39.714601384464885 ], [ -104.964053595175415, 39.714614997080233 ], [ -104.963989529334029, 39.714625686328716 ], [ -104.963946811770697, 39.714633727540317 ], [ -104.963901428282057, 39.714641756586353 ], [ -104.96383723914235, 39.714668573779257 ], [ -104.963787265558153, 39.714695798901445 ], [ -104.963719458816783, 39.714730835414166 ], [ -104.963595728017111, 39.714757725065695 ], [ -104.963475551697627, 39.714784628998537 ], [ -104.963386447665329, 39.71481545023925 ], [ -104.963329322668812, 39.714848134026319 ], [ -104.963208644626775, 39.714940580136521 ], [ -104.963129921567997, 39.715008509991286 ], [ -104.963070089813101, 39.715046327818484 ], [ -104.963034354975662, 39.715070872321498 ], [ -104.962966672113609, 39.715089780376822 ], [ -104.962874996111481, 39.715108235675423 ], [ -104.962775278757221, 39.715132487921778 ], [ -104.962644395682872, 39.715164833590585 ], [ -104.962481565943605, 39.715191199390517 ], [ -104.962300833136581, 39.715234298039839 ], [ -104.962154782154883, 39.715274467442818 ], [ -104.962091530402944, 39.715294767901511 ], [ -104.962016673578361, 39.715321878479195 ], [ -104.961910653506521, 39.715356739171852 ], [ -104.961761064723163, 39.715394488872228 ], [ -104.961598086652216, 39.715440069812189 ], [ -104.961467244604961, 39.71546692377774 ], [ -104.961371146712082, 39.715482612370089 ], [ -104.961265334238973, 39.715490363679677 ], [ -104.961169327342887, 39.715494041874116 ], [ -104.961059960233214, 39.715501776716224 ], [ -104.960950572007391, 39.715512256651422 ], [ -104.960858046993891, 39.715525559068134 ], [ -104.960752234399337, 39.715533309916019 ], [ -104.960627760137072, 39.715540975100353 ], [ -104.960482806153735, 39.715553693644864 ], [ -104.960344938729108, 39.715569532975358 ], [ -104.960216888636694, 39.715579926611831 ], [ -104.960153688856764, 39.715593363039844 ], [ -104.960103828206996, 39.715605488012685 ], [ -104.960061067348065, 39.715619018199433 ], [ -104.96000055722601, 39.715629378438251 ], [ -104.959937399616678, 39.715637325261454 ], [ -104.959841361919786, 39.715645119268295 ], [ -104.959753385471274, 39.715644715246562 ], [ -104.959700172117095, 39.715630744380633 ], [ -104.959589937119873, 39.715635729480056 ], [ -104.959498320326219, 39.715646288808806 ], [ -104.95940939177008, 39.715654116029668 ], [ -104.959340347068817, 39.715661276198858 ], [ -104.959318770526494, 39.715663513405339 ] ] ] ] } },
{ "type": "Feature", "properties": { "fid": 57, "OBJECTID": 57, "NBHD_ID": 71, "NBHD_NAME": "Washington Park West", "TYPOLOGY": null, "NOTES": "Washington Park West", "GLOBALID": "{1C4A0628-FD79-4DA1-B4A6-974D17D034EE}", "Shape__Area": 24327691.972656298, "Shape__Length": 22033.044996159701, "Shape_Length": 22033.044688246046, "Shape_Area": 24327691.683665071 }, "geometry": { "type": "MultiPolygon", "coordinates": [ [ [ [ -104.973434221755838, 39.689830417246952 ], [ -104.973570075062625, 39.689897055391356 ], [ -104.973615653053841, 39.689919410193248 ], [ -104.974750670030801, 39.690489080032677 ], [ -104.975186309692972, 39.690730714093228 ], [ -104.975797642172225, 39.691126530524926 ], [ -104.976170991231868, 39.691401439364732 ], [ -104.976807714556557, 39.691935969327993 ], [ -104.978149481632485, 39.693146555664001 ], [ -104.979108526356342, 39.694011801985987 ], [ -104.979117548217147, 39.694019941872376 ], [ -104.979424182534132, 39.694290963292367 ], [ -104.979894319447311, 39.694706491780479 ], [ -104.980282826136474, 39.695034185093888 ], [ -104.981060160552133, 39.695647623926718 ], [ -104.981180416994434, 39.695748823920567 ], [ -104.982037453297124, 39.696495635244943 ], [ -104.9822280763007, 39.696664192375827 ], [ -104.982779567684148, 39.696666020292263 ], [ -104.98395265923736, 39.696626858166027 ], [ -104.985080495520748, 39.696631792078534 ], [ -104.986229409603538, 39.696634655511971 ], [ -104.987440748585982, 39.696640749398746 ], [ -104.987485499099094, 39.700219352173818 ], [ -104.987487156834788, 39.700351903972425 ], [ -104.987479599318874, 39.701021726373654 ], [ -104.987485320908434, 39.701192072553965 ], [ -104.987504903928851, 39.701273667568714 ], [ -104.987538996101165, 39.70141571611164 ], [ -104.987550367843724, 39.701536956092859 ], [ -104.98755628359028, 39.701733914843523 ], [ -104.987567528393242, 39.70192699861753 ], [ -104.987571947280813, 39.702002890112361 ], [ -104.987538066128351, 39.70214069290779 ], [ -104.987497920531169, 39.702649429703946 ], [ -104.987498053585611, 39.703361149977837 ], [ -104.987498654019035, 39.703887221320286 ], [ -104.987567780500441, 39.705736827042131 ], [ -104.987632792277694, 39.707542145685736 ], [ -104.987611813590618, 39.708467906561374 ], [ -104.987608090450948, 39.709342954383857 ], [ -104.987591725397266, 39.710245399779353 ], [ -104.9875850141824, 39.711164358685799 ], [ -104.986973632856845, 39.71116512526644 ], [ -104.986379136003791, 39.711165962399754 ], [ -104.98578910726404, 39.711163384447552 ], [ -104.985204411307691, 39.711160826875442 ], [ -104.984622392617439, 39.711156562320291 ], [ -104.98402437811329, 39.711152224716948 ], [ -104.983442346934481, 39.711149670074725 ], [ -104.982791895123171, 39.711146811713725 ], [ -104.982145934662555, 39.711137106299518 ], [ -104.982137937305978, 39.711137071089446 ], [ -104.982114833831503, 39.711136969368347 ], [ -104.981541731905821, 39.711128610889396 ], [ -104.98097924502612, 39.711126816527049 ], [ -104.980392763570947, 39.711125256640614 ], [ -104.979808087316968, 39.711119927036258 ], [ -104.979235852644123, 39.711114649610082 ], [ -104.978672494022405, 39.711110438225283 ], [ -104.978092253337891, 39.711106149234979 ], [ -104.977507526310731, 39.711107671200644 ], [ -104.976917467684359, 39.711109167450047 ], [ -104.976330965985483, 39.711110331612495 ], [ -104.975746238885421, 39.711111844822526 ], [ -104.975163291515983, 39.711113019905468 ], [ -104.974570569587939, 39.711114148436003 ], [ -104.973976961619073, 39.711114926855629 ], [ -104.973402905289589, 39.711115446652528 ], [ -104.973386299582529, 39.709302445763299 ], [ -104.973383852288734, 39.707497398012599 ], [ -104.973383274870983, 39.705680005424945 ], [ -104.973388873235464, 39.703868471273509 ], [ -104.973393531321378, 39.702063795899953 ], [ -104.973399445858149, 39.700210052680816 ], [ -104.973410966278365, 39.698438006198423 ], [ -104.973391106531409, 39.698361391863372 ], [ -104.973398022585656, 39.696610942900584 ], [ -104.973422620999614, 39.694753504963373 ], [ -104.973423943174723, 39.692978042603514 ], [ -104.973436297267085, 39.691140007833972 ], [ -104.97343685695904, 39.690753382324658 ], [ -104.973436406133573, 39.690478448138542 ], [ -104.973427750333343, 39.690008486926835 ], [ -104.973434221755838, 39.689830417246952 ] ] ] ] } },
{ "type": "Feature", "properties": { "fid": 58, "OBJECTID": 58, "NBHD_ID": 59, "NBHD_NAME": "Speer", "TYPOLOGY": null, "NOTES": "Speer", "GLOBALID": "{8F4B98AC-711B-455E-81C1-627948142A4D}", "Shape__Area": 23807849.402343798, "Shape__Length": 19917.380410504898, "Shape_Length": 19917.380800732983, "Shape_Area": 23807849.669190738 }, "geometry": { "type": "MultiPolygon", "coordinates": [ [ [ [ -104.973257949350128, 39.718410005893993 ], [ -104.97324217071727, 39.718203080423201 ], [ -104.973160958414411, 39.718011576145088 ], [ -104.973155988725324, 39.716543165510366 ], [ -104.973155339838655, 39.714736072409011 ], [ -104.97340239471697, 39.714735461972623 ], [ -104.973407112412687, 39.712922901167573 ], [ -104.973404074876939, 39.711551611273528 ], [ -104.973402905289589, 39.711115446652528 ], [ -104.973976961619073, 39.711114926855629 ], [ -104.974570569587939, 39.711114148436003 ], [ -104.975163291515983, 39.711113019905468 ], [ -104.975746238885421, 39.711111844822526 ], [ -104.976330965985483, 39.711110331612495 ], [ -104.976917467684359, 39.711109167450047 ], [ -104.977507526310731, 39.711107671200644 ], [ -104.978092253337891, 39.711106149234979 ], [ -104.978672494022405, 39.711110438225283 ], [ -104.979235852644123, 39.711114649610082 ], [ -104.979808087316968, 39.711119927036258 ], [ -104.980392763570947, 39.711125256640614 ], [ -104.98097924502612, 39.711126816527049 ], [ -104.981541731905821, 39.711128610889396 ], [ -104.982114833831503, 39.711136969368347 ], [ -104.982137937305978, 39.711137071089446 ], [ -104.982145934662555, 39.711137106299518 ], [ -104.982791895123171, 39.711146811713725 ], [ -104.983442346934481, 39.711149670074725 ], [ -104.98402437811329, 39.711152224716948 ], [ -104.984622392617439, 39.711156562320291 ], [ -104.985204411307691, 39.711160826875442 ], [ -104.98578910726404, 39.711163384447552 ], [ -104.986379136003791, 39.711165962399754 ], [ -104.986973632856845, 39.71116512526644 ], [ -104.9875850141824, 39.711164358685799 ], [ -104.987559383892247, 39.712118580479377 ], [ -104.987552965312503, 39.71299739018832 ], [ -104.987546346062445, 39.71390365162997 ], [ -104.987535452697657, 39.714786560112891 ], [ -104.987520927923271, 39.715680088679036 ], [ -104.987515816849381, 39.71613647207964 ], [ -104.987511672085887, 39.716582220732228 ], [ -104.987515856454024, 39.717469310179006 ], [ -104.987507535296231, 39.718365267933684 ], [ -104.987508151187953, 39.719375879901186 ], [ -104.987460208741567, 39.720950437138086 ], [ -104.987495678989603, 39.722542858041905 ], [ -104.987491983900767, 39.724143685489985 ], [ -104.98746879832926, 39.724884124992734 ], [ -104.987445463178872, 39.725644809158005 ], [ -104.987440001674102, 39.726623417811396 ], [ -104.98743971377057, 39.726674951723851 ], [ -104.987433611918064, 39.726950511900583 ], [ -104.987425500086871, 39.727282282889078 ], [ -104.986159790207353, 39.727284311184619 ], [ -104.984902971940116, 39.72728602163405 ], [ -104.983632796354186, 39.727291091627912 ], [ -104.982988422882784, 39.727287232226992 ], [ -104.982374268672828, 39.727283502256135 ], [ -104.981760132274289, 39.727277367040969 ], [ -104.981148659843527, 39.727271583527475 ], [ -104.979947818242024, 39.727275890010347 ], [ -104.979366547324759, 39.727272632847665 ], [ -104.978780833848035, 39.727269009971756 ], [ -104.977568473533864, 39.727268436903941 ], [ -104.976417323730914, 39.72728390910941 ], [ -104.9752600456344, 39.727286645813514 ], [ -104.974092101855817, 39.727289323458351 ], [ -104.973516132990198, 39.727290179007241 ], [ -104.972949054681621, 39.727290728405251 ], [ -104.972924552552485, 39.725583394978649 ], [ -104.972925913938312, 39.72374611866848 ], [ -104.972920668811028, 39.721959943331072 ], [ -104.972921165143717, 39.720237962690867 ], [ -104.972940771620188, 39.720112452860157 ], [ -104.973004908732875, 39.719974446476456 ], [ -104.973110090956808, 39.719814661617356 ], [ -104.973193874267238, 39.719664046167203 ], [ -104.973258646863258, 39.71944128088716 ], [ -104.973261687500994, 39.719383486789496 ], [ -104.973261916708424, 39.718769042788338 ], [ -104.973281004325855, 39.718712505829735 ], [ -104.973257949350128, 39.718410005893993 ] ] ] ] } },
{ "type": "Feature", "properties": { "fid": 59, "OBJECTID": 59, "NBHD_ID": 13, "NBHD_NAME": "Cherry Creek", "TYPOLOGY": null, "NOTES": "Cherry Creek", "GLOBALID": "{EAB2DD85-FD4D-48C9-B94B-DC1FC1EA3773}", "Shape__Area": 23328242.979003899, "Shape__Length": 20181.133516890099, "Shape_Length": 20181.133453858747, "Shape_Area": 23328243.580597781 }, "geometry": { "type": "MultiPolygon", "coordinates": [ [ [ [ -104.940714691917421, 39.711570242058507 ], [ -104.940918704247821, 39.711469970029974 ], [ -104.941359414831652, 39.711449619716149 ], [ -104.942195107480146, 39.711476030066137 ], [ -104.942569793371248, 39.711504238856634 ], [ -104.943174099240608, 39.711499894779678 ], [ -104.943778402709981, 39.7114955466864 ], [ -104.944393324231427, 39.711497081205579 ], [ -104.944984254817612, 39.711498498407984 ], [ -104.945589403369368, 39.711499636495866 ], [ -104.946192773210058, 39.711501105357179 ], [ -104.947902458968173, 39.711506740557745 ], [ -104.947983651114015, 39.711578157108114 ], [ -104.948042884898157, 39.711616868349637 ], [ -104.948127869233687, 39.711658104318239 ], [ -104.948211954281163, 39.711700707753707 ], [ -104.948265097605116, 39.711722919424965 ], [ -104.948375154588163, 39.711739907401942 ], [ -104.948466507842994, 39.711762298170541 ], [ -104.948519482539069, 39.711806128151927 ], [ -104.948561620302613, 39.711871869682042 ], [ -104.9486099352211, 39.711943130746675 ], [ -104.948652306582858, 39.711979018228789 ], [ -104.948733695325643, 39.712025727490797 ], [ -104.94881061573038, 39.71207550331502 ], [ -104.948863654403553, 39.712111097543136 ], [ -104.948913092887082, 39.712152508635299 ], [ -104.949007273682653, 39.712267565993976 ], [ -104.94904951996395, 39.712319581359537 ], [ -104.949074056102688, 39.712363621031663 ], [ -104.949105597234762, 39.712421076827169 ], [ -104.949140454600979, 39.712508747306437 ], [ -104.949157820009646, 39.712560646102816 ], [ -104.949213029401449, 39.712659392148062 ], [ -104.949262341879972, 39.712716931108439 ], [ -104.949325872263771, 39.712774536610105 ], [ -104.949395663448954, 39.712827023952336 ], [ -104.949477074044253, 39.712870987485033 ], [ -104.949600077409244, 39.712937107058892 ], [ -104.949656647382653, 39.71297580499462 ], [ -104.949797209331635, 39.713069460369198 ], [ -104.949906797973014, 39.713146498048665 ], [ -104.949962676039675, 39.713160142673878 ], [ -104.950024264330693, 39.713170458009543 ], [ -104.950030125005455, 39.713171439239922 ], [ -104.95004419228448, 39.713190722082047 ], [ -104.950040145577518, 39.713253501800672 ], [ -104.950071665217578, 39.713313702508287 ], [ -104.950131704174439, 39.71336339850879 ], [ -104.95021580323106, 39.713404628788908 ], [ -104.950336251058886, 39.713457009151028 ], [ -104.950413163417807, 39.713508156499124 ], [ -104.950462670993431, 39.713540988185308 ], [ -104.950519284921739, 39.71357419620886 ], [ -104.950642376480943, 39.713629333896989 ], [ -104.950670705010239, 39.713643192673665 ], [ -104.950727276136462, 39.713681890985356 ], [ -104.950786429932663, 39.713731239346217 ], [ -104.950888848379677, 39.713816479389337 ], [ -104.950938055629209, 39.713887743596231 ], [ -104.951025431071329, 39.713964676509761 ], [ -104.95112767986727, 39.714071533837917 ], [ -104.951204349221811, 39.714153907243421 ], [ -104.951306724689388, 39.714244637292893 ], [ -104.951439905971611, 39.714373600974803 ], [ -104.951510556772391, 39.714430208967428 ], [ -104.951544980167682, 39.714460224550344 ], [ -104.951619260784383, 39.714507240870113 ], [ -104.95169360854419, 39.714545678410637 ], [ -104.951742376297005, 39.714559632194593 ], [ -104.951870105242577, 39.714590425696194 ], [ -104.95194379662972, 39.714599004945867 ], [ -104.952043134890161, 39.71462383222687 ], [ -104.952127362530305, 39.714648932206018 ], [ -104.952230190014234, 39.714682011461086 ], [ -104.95243141813873, 39.714746091022242 ], [ -104.952512072762346, 39.71477357622279 ], [ -104.95260412832765, 39.71482067464072 ], [ -104.952667856103545, 39.714853571548367 ], [ -104.952712930509094, 39.714885352149317 ], [ -104.952822590584248, 39.714954151485777 ], [ -104.952913779702243, 39.714998157170648 ], [ -104.953073160207907, 39.715072678092071 ], [ -104.953206814323366, 39.715141588622537 ], [ -104.953361688066508, 39.715224324976724 ], [ -104.953513093128493, 39.715296062935259 ], [ -104.953640587867568, 39.715357051630626 ], [ -104.953707035997496, 39.715383097367514 ], [ -104.953788578995415, 39.715410928968133 ], [ -104.95385600937135, 39.715424968524843 ], [ -104.953954563821611, 39.715436407234243 ], [ -104.954043324482242, 39.715450202536296 ], [ -104.954117039556749, 39.715456036134327 ], [ -104.954255583279277, 39.715467659261208 ], [ -104.954375359840228, 39.71549292253885 ], [ -104.95451635884811, 39.715531667411902 ], [ -104.954640406982165, 39.715578912566862 ], [ -104.954731769901855, 39.715600955289425 ], [ -104.954802767075975, 39.715613639088865 ], [ -104.954961642385697, 39.715639082075668 ], [ -104.955099171184827, 39.715667173058804 ], [ -104.955275780945172, 39.715697846093889 ], [ -104.955353833091309, 39.71571742455945 ], [ -104.955448792140814, 39.715734335949804 ], [ -104.955505622084388, 39.715740089606072 ], [ -104.955608706877513, 39.715740566726467 ], [ -104.955735784109166, 39.715741154769759 ], [ -104.955817454919639, 39.715752513793333 ], [ -104.955915959588125, 39.715770470692888 ], [ -104.956001163786155, 39.715784591223752 ], [ -104.956110361642118, 39.715798822635058 ], [ -104.956294143730901, 39.715821634584309 ], [ -104.956375814725448, 39.715832993219884 ], [ -104.95649208208475, 39.715852404369436 ], [ -104.95662343386816, 39.715874973538298 ], [ -104.956697170869035, 39.715878059424227 ], [ -104.956803830576249, 39.715875806715978 ], [ -104.95708287964527, 39.715875722337174 ], [ -104.957220620979371, 39.715876357994311 ], [ -104.95741883323484, 39.715871781849799 ], [ -104.957561123956822, 39.715858711634063 ], [ -104.957670535615733, 39.715845489663579 ], [ -104.957808400368279, 39.715829996613039 ], [ -104.957911568987129, 39.715819490934294 ], [ -104.95812415967228, 39.715794390175368 ], [ -104.958361557131781, 39.715779011780995 ], [ -104.958488760104444, 39.715763468840464 ], [ -104.958665771390386, 39.715742321246097 ], [ -104.958817921491828, 39.715718313717723 ], [ -104.958913991174185, 39.71570640095397 ], [ -104.958981593379107, 39.715698476022482 ], [ -104.959318770526494, 39.715663513405339 ], [ -104.959321031124674, 39.716080535179586 ], [ -104.95932996482334, 39.718193310281016 ], [ -104.95932068285191, 39.718351382035436 ], [ -104.959314389835669, 39.718459089487375 ], [ -104.959448745994109, 39.719427705704 ], [ -104.959444716622954, 39.720988728752936 ], [ -104.959453069755853, 39.722557701411844 ], [ -104.959464912505013, 39.724134925059964 ], [ -104.959469164237461, 39.724967452490233 ], [ -104.959795463170352, 39.725184113624998 ], [ -104.959941399878872, 39.725277093747913 ], [ -104.960060647335752, 39.725373382799994 ], [ -104.960122313379884, 39.725445044026756 ], [ -104.96015911115272, 39.725514187186789 ], [ -104.960180562111219, 39.725614147035827 ], [ -104.959602802854675, 39.725618356895914 ], [ -104.959461466100748, 39.725620453781424 ], [ -104.958894392086691, 39.72562196397481 ], [ -104.958238457377419, 39.725621004207319 ], [ -104.957866931405007, 39.725621351717422 ], [ -104.957659838346515, 39.725621426705253 ], [ -104.957291871299162, 39.725621445645281 ], [ -104.957060777432645, 39.725621752020409 ], [ -104.956715027155795, 39.725622214844321 ], [ -104.956459055499323, 39.725621375670478 ], [ -104.956138198962407, 39.72562092232711 ], [ -104.955848451124766, 39.725620268838959 ], [ -104.955549822014518, 39.725618887216029 ], [ -104.955236071880208, 39.725618807459504 ], [ -104.95497120831746, 39.725618610194843 ], [ -104.95463790242249, 39.725618781405046 ], [ -104.954396125712634, 39.725621435146778 ], [ -104.954043266707899, 39.725621513990752 ], [ -104.953821955884351, 39.725621173082423 ], [ -104.95342821313821, 39.725621060271479 ], [ -104.952833620182716, 39.725618296376474 ], [ -104.952668307675665, 39.725617527406911 ], [ -104.952223918067475, 39.725615459127518 ], [ -104.951623079626813, 39.725615748477807 ], [ -104.951506644497414, 39.725615892013643 ], [ -104.951011575859724, 39.72561598499145 ], [ -104.950404515972366, 39.725616239086634 ], [ -104.950344076464148, 39.725616299884919 ], [ -104.950023213443671, 39.725616516154787 ], [ -104.949804566294446, 39.72561652330166 ], [ -104.949517490250429, 39.725615180395351 ], [ -104.94920374130669, 39.725615084557084 ], [ -104.948964651132272, 39.72561499443178 ], [ -104.948592240234831, 39.725614965347937 ], [ -104.948410962181939, 39.725609997639431 ], [ -104.947390595767146, 39.725611386112284 ], [ -104.946787982495621, 39.725611299272288 ], [ -104.946761316494872, 39.725611517038267 ], [ -104.946180922634213, 39.725611531574053 ], [ -104.945660065946655, 39.725613196436086 ], [ -104.945108102059393, 39.725614712276936 ], [ -104.944563272813014, 39.725613170767716 ], [ -104.944006889498439, 39.725611572131967 ], [ -104.943465615405771, 39.725610042340648 ], [ -104.943162537256825, 39.725609294548406 ], [ -104.942926118889218, 39.725608518476008 ], [ -104.942551926583889, 39.725608804997137 ], [ -104.942399048896576, 39.725609109998388 ], [ -104.941951975376654, 39.725609392321182 ], [ -104.941858647266926, 39.725609634110988 ], [ -104.941344933494207, 39.725607195829163 ], [ -104.940701442026153, 39.725606199173079 ], [ -104.940698522486059, 39.725303516690076 ], [ -104.940706120101126, 39.724350593636878 ], [ -104.940704418413205, 39.724118265676815 ], [ -104.940712963585881, 39.723157797178601 ], [ -104.940710737035943, 39.722545242434848 ], [ -104.940712645776074, 39.720968080298064 ], [ -104.940717994331123, 39.719405345494629 ], [ -104.940718513684203, 39.718356480763852 ], [ -104.940718788314911, 39.717800180226099 ], [ -104.940717945464698, 39.717463059095522 ], [ -104.940714863370303, 39.716230736262403 ], [ -104.940707795458493, 39.715071379343755 ], [ -104.940705235973866, 39.714651456708786 ], [ -104.940694769639478, 39.713065994445721 ], [ -104.940714691917421, 39.711570242058507 ] ] ] ] } },
{ "type": "Feature", "properties": { "fid": 60, "OBJECTID": 60, "NBHD_ID": 22, "NBHD_NAME": "Country Club", "TYPOLOGY": null, "NOTES": "Country Club", "GLOBALID": "{FFF56C31-8492-4E1B-850B-5FC35DE8BE5E}", "Shape__Area": 18103922.2885742, "Shape__Length": 17113.193820303801, "Shape_Length": 17113.193707473762, "Shape_Area": 18103922.406330433 }, "geometry": { "type": "MultiPolygon", "coordinates": [ [ [ [ -104.960180562111219, 39.725614147035827 ], [ -104.96015911115272, 39.725514187186789 ], [ -104.960122313379884, 39.725445044026756 ], [ -104.960060647335752, 39.725373382799994 ], [ -104.959941399878872, 39.725277093747913 ], [ -104.959795463170352, 39.725184113624998 ], [ -104.959469164237461, 39.724967452490233 ], [ -104.959464912505013, 39.724134925059964 ], [ -104.959453069755853, 39.722557701411844 ], [ -104.959444716622954, 39.720988728752936 ], [ -104.959448745994109, 39.719427705704 ], [ -104.959314389835669, 39.718459089487375 ], [ -104.95932068285191, 39.718351382035436 ], [ -104.95932996482334, 39.718193310281016 ], [ -104.959321031124674, 39.716080535179586 ], [ -104.959318770526494, 39.715663513405339 ], [ -104.959340347068817, 39.715661276198858 ], [ -104.95940939177008, 39.715654116029668 ], [ -104.959498320326219, 39.715646288808806 ], [ -104.959589937119873, 39.715635729480056 ], [ -104.959700172117095, 39.715630744380633 ], [ -104.959753385471274, 39.715644715246562 ], [ -104.959841361919786, 39.715645119268295 ], [ -104.959937399616678, 39.715637325261454 ], [ -104.96000055722601, 39.715629378438251 ], [ -104.960061067348065, 39.715619018199433 ], [ -104.960103828206996, 39.715605488012685 ], [ -104.960153688856764, 39.715593363039844 ], [ -104.960216888636694, 39.715579926611831 ], [ -104.960344938729108, 39.715569532975358 ], [ -104.960482806153735, 39.715553693644864 ], [ -104.960627760137072, 39.715540975100353 ], [ -104.960752234399337, 39.715533309916019 ], [ -104.960858046993891, 39.715525559068134 ], [ -104.960950572007391, 39.715512256651422 ], [ -104.961059960233214, 39.715501776716224 ], [ -104.961169327342887, 39.715494041874116 ], [ -104.961265334238973, 39.715490363679677 ], [ -104.961371146712082, 39.715482612370089 ], [ -104.961467244604961, 39.71546692377774 ], [ -104.961598086652216, 39.715440069812189 ], [ -104.961761064723163, 39.715394488872228 ], [ -104.961910653506521, 39.715356739171852 ], [ -104.962016673578361, 39.715321878479195 ], [ -104.962091530402944, 39.715294767901511 ], [ -104.962154782154883, 39.715274467442818 ], [ -104.962300833136581, 39.715234298039839 ], [ -104.962481565943605, 39.715191199390517 ], [ -104.962644395682872, 39.715164833590585 ], [ -104.962775278757221, 39.715132487921778 ], [ -104.962874996111481, 39.715108235675423 ], [ -104.962966672113609, 39.715089780376822 ], [ -104.963034354975662, 39.715070872321498 ], [ -104.963070089813101, 39.715046327818484 ], [ -104.963129921567997, 39.715008509991286 ], [ -104.963208644626775, 39.714940580136521 ], [ -104.963329322668812, 39.714848134026319 ], [ -104.963386447665329, 39.71481545023925 ], [ -104.963475551697627, 39.714784628998537 ], [ -104.963595728017111, 39.714757725065695 ], [ -104.963719458816783, 39.714730835414166 ], [ -104.963787265558153, 39.714695798901445 ], [ -104.96383723914235, 39.714668573779257 ], [ -104.963901428282057, 39.714641756586353 ], [ -104.963946811770697, 39.714633727540317 ], [ -104.963989529334029, 39.714625686328716 ], [ -104.964053595175415, 39.714614997080233 ], [ -104.964078581891869, 39.714601384464885 ], [ -104.964131260522592, 39.714569024119875 ], [ -104.96420266600019, 39.714528170016543 ], [ -104.96429196843863, 39.714471268788479 ], [ -104.964394620058101, 39.714411682984931 ], [ -104.96452578115121, 39.714342618355772 ], [ -104.96461138336845, 39.714304573921737 ], [ -104.964671978076382, 39.71428288646927 ], [ -104.964753092470076, 39.714250655253196 ], [ -104.964849274293201, 39.714223639954412 ], [ -104.964916048575105, 39.714207471974966 ], [ -104.965012206726925, 39.714183544888989 ], [ -104.965118142386615, 39.714159319024141 ], [ -104.965185804011512, 39.714143154926781 ], [ -104.965260490969925, 39.714138003896373 ], [ -104.965323542017046, 39.714143781096212 ], [ -104.965390932813179, 39.714163304446089 ], [ -104.965461856096738, 39.714185589101859 ], [ -104.965517714488115, 39.714202314679021 ], [ -104.965553210145416, 39.714208996028923 ], [ -104.965606465405614, 39.71421747386043 ], [ -104.965659762493445, 39.714220461273939 ], [ -104.965694398285905, 39.714223363898697 ], [ -104.965772556213466, 39.714229209476905 ], [ -104.965843584185947, 39.714237767917432 ], [ -104.965885329063028, 39.714240702768556 ], [ -104.96597049161862, 39.714260306479872 ], [ -104.966066196259234, 39.714296086571125 ], [ -104.966160945915206, 39.714340442186767 ], [ -104.966252990633606, 39.714389931972057 ], [ -104.966319325069648, 39.714431412325396 ], [ -104.966375866312802, 39.714475250343618 ], [ -104.966460739633703, 39.714532943303297 ], [ -104.966558860341465, 39.714601677442602 ], [ -104.966685260019375, 39.714691129399135 ], [ -104.966798507741558, 39.714757187525393 ], [ -104.96689321677141, 39.714807032036234 ], [ -104.967024238882232, 39.714873169594178 ], [ -104.967171955478833, 39.714964090244337 ], [ -104.967301904516987, 39.715054587081752 ], [ -104.967408041649975, 39.715120954666482 ], [ -104.967577091705195, 39.715211628223756 ], [ -104.967766989573789, 39.715365538444367 ], [ -104.967910967362243, 39.715481148836886 ], [ -104.967981655985724, 39.715534658567655 ], [ -104.96804780779857, 39.715600501543399 ], [ -104.968129025186059, 39.715671904081347 ], [ -104.968206688141564, 39.715743288690106 ], [ -104.96827982475186, 39.715825635745624 ], [ -104.968353891800504, 39.715902495477529 ], [ -104.968410228656836, 39.715973785357313 ], [ -104.968469248643061, 39.716042683402158 ], [ -104.968500889332688, 39.716089153132025 ], [ -104.968630497931912, 39.716224945085493 ], [ -104.968724248188067, 39.716325443704463 ], [ -104.968743334220918, 39.71634590430962 ], [ -104.968803204529721, 39.716419954332942 ], [ -104.968851731353467, 39.716466500213023 ], [ -104.968915301996034, 39.716521349860116 ], [ -104.96900019806057, 39.716576638899213 ], [ -104.969087887484847, 39.716615126488847 ], [ -104.969155065040027, 39.716663128158324 ], [ -104.969224812613618, 39.716723840146635 ], [ -104.969288342248674, 39.716784179977104 ], [ -104.969365945318728, 39.716863800277366 ], [ -104.969439146745572, 39.716937910093556 ], [ -104.969548517682611, 39.71704752855819 ], [ -104.969639347624664, 39.717140935654534 ], [ -104.969731045738072, 39.717237090977527 ], [ -104.969800776234536, 39.717300203756395 ], [ -104.969875012453329, 39.717355100933332 ], [ -104.969949287676755, 39.717404850822604 ], [ -104.970029787485473, 39.717454285546296 ], [ -104.970100479706261, 39.717507794866407 ], [ -104.97014648349456, 39.717535454066976 ], [ -104.970255461513673, 39.717579527228068 ], [ -104.970344059697894, 39.717615614923673 ], [ -104.970495632317181, 39.717668114600407 ], [ -104.970597540187114, 39.717707007300596 ], [ -104.970693376158025, 39.717726312416794 ], [ -104.970760791432198, 39.717743087465479 ], [ -104.970805969071066, 39.717762507725332 ], [ -104.970905172394779, 39.717806535403369 ], [ -104.970992747971664, 39.717860462372961 ], [ -104.97112043070932, 39.717899127362436 ], [ -104.971218887986538, 39.717924278468701 ], [ -104.971335865419888, 39.717968385674467 ], [ -104.971423680550643, 39.717990742592306 ], [ -104.97156128142214, 39.718010577816166 ], [ -104.971692541313601, 39.718046512962147 ], [ -104.971783910219074, 39.718068885569849 ], [ -104.971862010940285, 39.718082962676355 ], [ -104.972116641978232, 39.71814004082794 ], [ -104.972713679931417, 39.718282041814867 ], [ -104.972773118684714, 39.71829603466152 ], [ -104.972883109405601, 39.718323980443181 ], [ -104.972963951143882, 39.718342130283581 ], [ -104.973031276217412, 39.718357244557204 ], [ -104.973147487935634, 39.718385218858863 ], [ -104.973257949350128, 39.718410005893993 ], [ -104.973281004325855, 39.718712505829735 ], [ -104.973261916708424, 39.718769042788338 ], [ -104.973261687500994, 39.719383486789496 ], [ -104.973258646863258, 39.71944128088716 ], [ -104.973193874267238, 39.719664046167203 ], [ -104.973110090956808, 39.719814661617356 ], [ -104.973004908732875, 39.719974446476456 ], [ -104.972940771620188, 39.720112452860157 ], [ -104.972921165143717, 39.720237962690867 ], [ -104.972920668811028, 39.721959943331072 ], [ -104.972925913938312, 39.72374611866848 ], [ -104.972924552552485, 39.725583394978649 ], [ -104.972949054681621, 39.727290728405251 ], [ -104.972945347079602, 39.729085440061219 ], [ -104.971788938284917, 39.729086774010327 ], [ -104.970631586241652, 39.729095298699512 ], [ -104.969471650501774, 39.729092819249033 ], [ -104.968897452210342, 39.729092630758835 ], [ -104.968317029568141, 39.729092754497813 ], [ -104.967740162211129, 39.729092891457434 ], [ -104.967151740168703, 39.729092973258432 ], [ -104.966573957890887, 39.729096531952706 ], [ -104.965891286742959, 39.729100641173012 ], [ -104.964832640107801, 39.729103379999508 ], [ -104.964251299718839, 39.729107254263418 ], [ -104.963674400744125, 39.729111489961952 ], [ -104.963098416800506, 39.729112293609468 ], [ -104.96251620844815, 39.729113410963073 ], [ -104.961941999480004, 39.729114561118593 ], [ -104.961360679919096, 39.729115675918294 ], [ -104.960780257081964, 39.729115761575784 ], [ -104.960202500701513, 39.729115857504418 ], [ -104.960191390409321, 39.727325538784704 ], [ -104.960172908250826, 39.72712195920473 ], [ -104.960180562111219, 39.725614147035827 ] ] ] ] } },
{ "type": "Feature", "properties": { "fid": 61, "OBJECTID": 61, "NBHD_ID": 20, "NBHD_NAME": "Congress Park", "TYPOLOGY": null, "NOTES": "Congress Park", "GLOBALID": "{9E88D717-E8F3-46B6-A860-77ECAAF21A31}", "Shape__Area": 28693595.604980499, "Shape__Length": 21415.6010936075, "Shape_Length": 21415.600873612926, "Shape_Area": 28693595.00246321 }, "geometry": { "type": "MultiPolygon", "coordinates": [ [ [ [ -104.940673581373915, 39.740135822712695 ], [ -104.940674113592863, 39.738285850908198 ], [ -104.940680415016089, 39.736715237817215 ], [ -104.940671978226547, 39.735097884979218 ], [ -104.940677841064428, 39.734697101675586 ], [ -104.940683558670472, 39.733645686128 ], [ -104.940688102985092, 39.732853007052697 ], [ -104.940692503746376, 39.732078171377083 ], [ -104.940698155251312, 39.731034990349706 ], [ -104.940698971097646, 39.730486623650428 ], [ -104.940702737262072, 39.729234104447926 ], [ -104.940709161524083, 39.727313463136525 ], [ -104.940710784731507, 39.726886921506448 ], [ -104.940701442026153, 39.725606199173079 ], [ -104.941344933494207, 39.725607195829163 ], [ -104.941858647266926, 39.725609634110988 ], [ -104.941951975376654, 39.725609392321182 ], [ -104.942399048896576, 39.725609109998388 ], [ -104.942551926583889, 39.725608804997137 ], [ -104.942926118889218, 39.725608518476008 ], [ -104.943162537256825, 39.725609294548406 ], [ -104.943465615405771, 39.725610042340648 ], [ -104.944006889498439, 39.725611572131967 ], [ -104.944563272813014, 39.725613170767716 ], [ -104.945108102059393, 39.725614712276936 ], [ -104.945660065946655, 39.725613196436086 ], [ -104.946180922634213, 39.725611531574053 ], [ -104.946761316494872, 39.725611517038267 ], [ -104.946787982495621, 39.725611299272288 ], [ -104.947390595767146, 39.725611386112284 ], [ -104.948410962181939, 39.725609997639431 ], [ -104.948592240234831, 39.725614965347937 ], [ -104.948964651132272, 39.72561499443178 ], [ -104.94920374130669, 39.725615084557084 ], [ -104.949517490250429, 39.725615180395351 ], [ -104.949804566294446, 39.72561652330166 ], [ -104.950023213443671, 39.725616516154787 ], [ -104.950344076464148, 39.725616299884919 ], [ -104.950404515972366, 39.725616239086634 ], [ -104.951011575859724, 39.72561598499145 ], [ -104.951506644497414, 39.725615892013643 ], [ -104.951623079626813, 39.725615748477807 ], [ -104.952223918067475, 39.725615459127518 ], [ -104.952668307675665, 39.725617527406911 ], [ -104.952833620182716, 39.725618296376474 ], [ -104.95342821313821, 39.725621060271479 ], [ -104.953821955884351, 39.725621173082423 ], [ -104.954043266707899, 39.725621513990752 ], [ -104.954396125712634, 39.725621435146778 ], [ -104.95463790242249, 39.725618781405046 ], [ -104.95497120831746, 39.725618610194843 ], [ -104.955236071880208, 39.725618807459504 ], [ -104.955549822014518, 39.725618887216029 ], [ -104.955848451124766, 39.725620268838959 ], [ -104.956138198962407, 39.72562092232711 ], [ -104.956459055499323, 39.725621375670478 ], [ -104.956715027155795, 39.725622214844321 ], [ -104.957060777432645, 39.725621752020409 ], [ -104.957291871299162, 39.725621445645281 ], [ -104.957659838346515, 39.725621426705253 ], [ -104.957866931405007, 39.725621351717422 ], [ -104.958238457377419, 39.725621004207319 ], [ -104.958894392086691, 39.72562196397481 ], [ -104.959461466100748, 39.725620453781424 ], [ -104.959602802854675, 39.725618356895914 ], [ -104.960180562111219, 39.725614147035827 ], [ -104.960172908250826, 39.72712195920473 ], [ -104.960191390409321, 39.727325538784704 ], [ -104.960202500701513, 39.729115857504418 ], [ -104.960179406872541, 39.730499717206413 ], [ -104.960104206958334, 39.730684679226158 ], [ -104.959907583707349, 39.730939088411233 ], [ -104.959849557261421, 39.731087066947453 ], [ -104.959854442897324, 39.731491332161497 ], [ -104.959843730326838, 39.731959009297597 ], [ -104.959809183866085, 39.732289658147103 ], [ -104.95980549471463, 39.733461188848693 ], [ -104.959803049406233, 39.735048292170347 ], [ -104.959794753357585, 39.736817927297729 ], [ -104.959787045415538, 39.738395739226725 ], [ -104.959790859219297, 39.739731332392971 ], [ -104.959791612238405, 39.739995567831741 ], [ -104.959479432576387, 39.740014381510079 ], [ -104.959292535575742, 39.740041318690444 ], [ -104.959149248936995, 39.740061936017042 ], [ -104.958807381257841, 39.740125907466151 ], [ -104.958453232933365, 39.740168545585313 ], [ -104.958120479083078, 39.740203388519681 ], [ -104.958001310433417, 39.740209016540661 ], [ -104.957902595852261, 39.740213709196155 ], [ -104.957437736496999, 39.740202644626841 ], [ -104.956861693279365, 39.74019930088577 ], [ -104.956280314851782, 39.740196272831078 ], [ -104.955692714071816, 39.740192869963323 ], [ -104.955185381225661, 39.740189835823607 ], [ -104.954753067010486, 39.74019023555347 ], [ -104.954203684860573, 39.740188031809083 ], [ -104.954175224735138, 39.740189615592264 ], [ -104.953608965704646, 39.740185614993791 ], [ -104.953576963087912, 39.740185466390763 ], [ -104.952998253311506, 39.740182091353212 ], [ -104.952409747773316, 39.740180726836257 ], [ -104.951832822545711, 39.740176668054104 ], [ -104.951249646640406, 39.740176008879686 ], [ -104.950711821208841, 39.740173842724722 ], [ -104.950661169231765, 39.740171204162792 ], [ -104.950069987351043, 39.740171188083877 ], [ -104.949480610328422, 39.740167745892684 ], [ -104.949431708219734, 39.74016854657404 ], [ -104.94894010734707, 39.74016693174741 ], [ -104.94885654500743, 39.740166540394647 ], [ -104.948379185264201, 39.740162587814581 ], [ -104.948271604790023, 39.740164142404204 ], [ -104.947834229425936, 39.740162777191365 ], [ -104.947692884636751, 39.74016211385927 ], [ -104.9472830670842, 39.740160875940148 ], [ -104.946549667803836, 39.740158115129042 ], [ -104.946175427693788, 39.740154638568157 ], [ -104.945955827285147, 39.740157036399978 ], [ -104.945626008121096, 39.740157198820505 ], [ -104.94537620201524, 39.740157051151662 ], [ -104.94480105142955, 39.740153309414815 ], [ -104.94451925517923, 39.740151293193342 ], [ -104.944170282925739, 39.740148959007215 ], [ -104.943060297956634, 39.740148408650406 ], [ -104.94188080109123, 39.740140524374496 ], [ -104.941326087146081, 39.740138235216165 ], [ -104.940673581373915, 39.740135822712695 ] ] ] ] } },
{ "type": "Feature", "properties": { "fid": 62, "OBJECTID": 62, "NBHD_ID": 14, "NBHD_NAME": "City Park", "TYPOLOGY": null, "NOTES": "City Park", "GLOBALID": "{38C03DC0-EDB7-42FF-80AA-B1F9CDD35CD1}", "Shape__Area": 21423593.965820301, "Shape__Length": 18660.416726318701, "Shape_Length": 18660.416489972948, "Shape_Area": 21423593.673605818 }, "geometry": { "type": "MultiPolygon", "coordinates": [ [ [ [ -104.940631039267288, 39.751043264677861 ], [ -104.940638221932474, 39.749250984212843 ], [ -104.94064500354915, 39.747397617646513 ], [ -104.940649760723858, 39.746132414073195 ], [ -104.940654645876805, 39.744962609402407 ], [ -104.940663349636097, 39.743759878274034 ], [ -104.940660834555757, 39.74340641228185 ], [ -104.940663903226138, 39.742575638433934 ], [ -104.940666236341045, 39.741948697947763 ], [ -104.940666864680537, 39.741758591067772 ], [ -104.940667994704356, 39.741393817905077 ], [ -104.940673581373915, 39.740135822712695 ], [ -104.941326087146081, 39.740138235216165 ], [ -104.94188080109123, 39.740140524374496 ], [ -104.943060297956634, 39.740148408650406 ], [ -104.944170282925739, 39.740148959007215 ], [ -104.94451925517923, 39.740151293193342 ], [ -104.94480105142955, 39.740153309414815 ], [ -104.94537620201524, 39.740157051151662 ], [ -104.945626008121096, 39.740157198820505 ], [ -104.945955827285147, 39.740157036399978 ], [ -104.946175427693788, 39.740154638568157 ], [ -104.946549667803836, 39.740158115129042 ], [ -104.9472830670842, 39.740160875940148 ], [ -104.947692884636751, 39.74016211385927 ], [ -104.947834229425936, 39.740162777191365 ], [ -104.948271604790023, 39.740164142404204 ], [ -104.948379185264201, 39.740162587814581 ], [ -104.94885654500743, 39.740166540394647 ], [ -104.94894010734707, 39.74016693174741 ], [ -104.949431708219734, 39.74016854657404 ], [ -104.949480610328422, 39.740167745892684 ], [ -104.950069987351043, 39.740171188083877 ], [ -104.950661169231765, 39.740171204162792 ], [ -104.950711821208841, 39.740173842724722 ], [ -104.951249646640406, 39.740176008879686 ], [ -104.951832822545711, 39.740176668054104 ], [ -104.952409747773316, 39.740180726836257 ], [ -104.952998253311506, 39.740182091353212 ], [ -104.953576963087912, 39.740185466390763 ], [ -104.953608965704646, 39.740185614993791 ], [ -104.954175224735138, 39.740189615592264 ], [ -104.954203684860573, 39.740188031809083 ], [ -104.954753067010486, 39.74019023555347 ], [ -104.955185381225661, 39.740189835823607 ], [ -104.955692714071816, 39.740192869963323 ], [ -104.956280314851782, 39.740196272831078 ], [ -104.956861693279365, 39.74019930088577 ], [ -104.957437736496999, 39.740202644626841 ], [ -104.957902595852261, 39.740213709196155 ], [ -104.958001310433417, 39.740209016540661 ], [ -104.958120479083078, 39.740203388519681 ], [ -104.958453232933365, 39.740168545585313 ], [ -104.958807381257841, 39.740125907466151 ], [ -104.959149248936995, 39.740061936017042 ], [ -104.959292535575742, 39.740041318690444 ], [ -104.959479432576387, 39.740014381510079 ], [ -104.959791612238405, 39.739995567831741 ], [ -104.95978706448453, 39.741624866158361 ], [ -104.959793090850241, 39.743266222580047 ], [ -104.959800146892064, 39.744774093453337 ], [ -104.959794108500134, 39.746942826648699 ], [ -104.959777257707117, 39.748206944017753 ], [ -104.959771141351268, 39.749462531140921 ], [ -104.959776538083531, 39.750724003297847 ], [ -104.959232370775965, 39.750726651554842 ], [ -104.958796536535147, 39.750747639686402 ], [ -104.958388974364723, 39.750791747839806 ], [ -104.957878048294319, 39.750864890909099 ], [ -104.957269320373925, 39.750937579890341 ], [ -104.956672215947748, 39.751001740461319 ], [ -104.955306346123621, 39.751137151689669 ], [ -104.954954979563439, 39.751157487037766 ], [ -104.954514745410904, 39.751171918966435 ], [ -104.949873617175328, 39.751161569382226 ], [ -104.949071489773829, 39.751159761803848 ], [ -104.94574002803158, 39.751152197772534 ], [ -104.943253112629108, 39.751152812264948 ], [ -104.942412088393851, 39.751140595852604 ], [ -104.940631039267288, 39.751043264677861 ] ] ] ] } },
{ "type": "Feature", "properties": { "fid": 63, "OBJECTID": 63, "NBHD_ID": 17, "NBHD_NAME": "Clayton", "TYPOLOGY": null, "NOTES": "Clayton", "GLOBALID": "{7B0EFE77-DAE4-47E0-9AA7-48D55204EE9A}", "Shape__Area": 21486778.556152299, "Shape__Length": 18648.793224954999, "Shape_Length": 18648.792987528715, "Shape_Area": 21486778.912833933 }, "geometry": { "type": "MultiPolygon", "coordinates": [ [ [ [ -104.94058819370504, 39.761964657559147 ], [ -104.940725814067889, 39.761950260385071 ], [ -104.941159337649793, 39.761923814019617 ], [ -104.941359297406663, 39.761906967705329 ], [ -104.941670907691105, 39.761863960180115 ], [ -104.942082663018738, 39.761791768311404 ], [ -104.942332719551217, 39.761757364107055 ], [ -104.942544208254873, 39.761740570402189 ], [ -104.942721111248488, 39.761723613482076 ], [ -104.942920953400488, 39.761721593525472 ], [ -104.943120771984354, 39.761722539030899 ], [ -104.943297533505032, 39.761723375151718 ], [ -104.943512604611058, 39.76173922169059 ], [ -104.943735314460369, 39.761761033958905 ], [ -104.94398864845985, 39.761797820928237 ], [ -104.944249573238778, 39.761846505037987 ], [ -104.944571957055842, 39.761898444497525 ], [ -104.944848441898955, 39.761923475199254 ], [ -104.945036638612692, 39.761936226285556 ], [ -104.945286412650674, 39.761937402724321 ], [ -104.94589810961314, 39.761940284692294 ], [ -104.946271966067712, 39.761942044876172 ], [ -104.94711168125778, 39.761945990254077 ], [ -104.947503240473964, 39.761945505043045 ], [ -104.94761125165968, 39.761945370689894 ], [ -104.948733404669284, 39.761943078354911 ], [ -104.948933200688799, 39.761942669181842 ], [ -104.949709326467953, 39.761958163758656 ], [ -104.949924356930822, 39.761960862087733 ], [ -104.950085885926455, 39.761962888574701 ], [ -104.951193411025955, 39.761970050664175 ], [ -104.952425035801852, 39.761978002163431 ], [ -104.953656565164636, 39.761985940331975 ], [ -104.954884487239141, 39.761993904750852 ], [ -104.955029466814793, 39.761986479930655 ], [ -104.955510196046305, 39.761984602963224 ], [ -104.956114841857854, 39.761992203398236 ], [ -104.956731119703278, 39.761990587408484 ], [ -104.957346505612151, 39.761989309037411 ], [ -104.957963639314599, 39.761992152464643 ], [ -104.958574547231393, 39.761994964019863 ], [ -104.959184572732354, 39.761996738883226 ], [ -104.95976258567805, 39.761998363665555 ], [ -104.959764468198927, 39.763254666467333 ], [ -104.959770021869403, 39.764495887593981 ], [ -104.959756784385661, 39.765752120728806 ], [ -104.959755448467817, 39.766964140902431 ], [ -104.959756002206504, 39.768161755793599 ], [ -104.959752611739717, 39.76929415265969 ], [ -104.959751592601364, 39.77115748074349 ], [ -104.959749561635832, 39.77142101490589 ], [ -104.959740364463642, 39.771921978957231 ], [ -104.959666064539945, 39.772215035795789 ], [ -104.959410855931921, 39.772900517637282 ], [ -104.958271376407197, 39.772919300629461 ], [ -104.957180055492728, 39.772921136941264 ], [ -104.954163203627701, 39.772917482900652 ], [ -104.953620696074978, 39.772913250598293 ], [ -104.953063069187124, 39.772908945556161 ], [ -104.952514255740255, 39.772914972588929 ], [ -104.951954769665718, 39.772920949182861 ], [ -104.950854662328084, 39.772908958882411 ], [ -104.950300550089892, 39.772910148519991 ], [ -104.949834491484935, 39.772911059862395 ], [ -104.949286624891727, 39.772909870933049 ], [ -104.94919768456603, 39.772909798006943 ], [ -104.948650703503759, 39.77290895341563 ], [ -104.947550569870785, 39.77290036455949 ], [ -104.946988458681545, 39.772900813862698 ], [ -104.946411225382846, 39.772901532529687 ], [ -104.942943514805549, 39.772888606972899 ], [ -104.94169838666356, 39.772882708811814 ], [ -104.941002857147382, 39.772883869371761 ], [ -104.940627250239501, 39.772884113625572 ], [ -104.940617077195114, 39.769188997027314 ], [ -104.940628401576035, 39.768102528760323 ], [ -104.940640539652122, 39.766915057340498 ], [ -104.940635759468321, 39.765802891141689 ], [ -104.940580079316732, 39.765677502664104 ], [ -104.940579842981847, 39.764481747329988 ], [ -104.940581941130802, 39.763773139743584 ], [ -104.94058819370504, 39.761964657559147 ] ] ] ] } },
{ "type": "Feature", "properties": { "fid": 64, "OBJECTID": 64, "NBHD_ID": 55, "NBHD_NAME": "Skyland", "TYPOLOGY": null, "NOTES": "Skyland", "GLOBALID": "{DEFCD33A-501D-448B-AF2D-A39551D3562A}", "Shape__Area": 21282577.503906298, "Shape__Length": 18885.821197190799, "Shape_Length": 18885.821416701121, "Shape_Area": 21282577.178802945 }, "geometry": { "type": "MultiPolygon", "coordinates": [ [ [ [ -104.940631039267288, 39.751043264677861 ], [ -104.942412088393851, 39.751140595852604 ], [ -104.943253112629108, 39.751152812264948 ], [ -104.94574002803158, 39.751152197772534 ], [ -104.949071489773829, 39.751159761803848 ], [ -104.949873617175328, 39.751161569382226 ], [ -104.954514745410904, 39.751171918966435 ], [ -104.954954979563439, 39.751157487037766 ], [ -104.955306346123621, 39.751137151689669 ], [ -104.956672215947748, 39.751001740461319 ], [ -104.957269320373925, 39.750937579890341 ], [ -104.957878048294319, 39.750864890909099 ], [ -104.958388974364723, 39.750791747839806 ], [ -104.958796536535147, 39.750747639686402 ], [ -104.959232370775965, 39.750726651554842 ], [ -104.959776538083531, 39.750724003297847 ], [ -104.959778492232203, 39.75197070421639 ], [ -104.959780446450452, 39.753217404557944 ], [ -104.959768098948757, 39.754473990217498 ], [ -104.959769027899341, 39.755738184769399 ], [ -104.95977542380821, 39.756985590063159 ], [ -104.959772901908408, 39.758236042250168 ], [ -104.959763293872143, 39.759483029771559 ], [ -104.95976861836283, 39.760754106151552 ], [ -104.95976258567805, 39.761998363665555 ], [ -104.959184572732354, 39.761996738883226 ], [ -104.958574547231393, 39.761994964019863 ], [ -104.957963639314599, 39.761992152464643 ], [ -104.957346505612151, 39.761989309037411 ], [ -104.956731119703278, 39.761990587408484 ], [ -104.956114841857854, 39.761992203398236 ], [ -104.955510196046305, 39.761984602963224 ], [ -104.955029466814793, 39.761986479930655 ], [ -104.954884487239141, 39.761993904750852 ], [ -104.953656565164636, 39.761985940331975 ], [ -104.952425035801852, 39.761978002163431 ], [ -104.951193411025955, 39.761970050664175 ], [ -104.950085885926455, 39.761962888574701 ], [ -104.949924356930822, 39.761960862087733 ], [ -104.949709326467953, 39.761958163758656 ], [ -104.948933200688799, 39.761942669181842 ], [ -104.948733404669284, 39.761943078354911 ], [ -104.94761125165968, 39.761945370689894 ], [ -104.947503240473964, 39.761945505043045 ], [ -104.94711168125778, 39.761945990254077 ], [ -104.946271966067712, 39.761942044876172 ], [ -104.94589810961314, 39.761940284692294 ], [ -104.945286412650674, 39.761937402724321 ], [ -104.945036638612692, 39.761936226285556 ], [ -104.944848441898955, 39.761923475199254 ], [ -104.944571957055842, 39.761898444497525 ], [ -104.944249573238778, 39.761846505037987 ], [ -104.94398864845985, 39.761797820928237 ], [ -104.943735314460369, 39.761761033958905 ], [ -104.943512604611058, 39.76173922169059 ], [ -104.943297533505032, 39.761723375151718 ], [ -104.943120771984354, 39.761722539030899 ], [ -104.942920953400488, 39.761721593525472 ], [ -104.942721111248488, 39.761723613482076 ], [ -104.942544208254873, 39.761740570402189 ], [ -104.942332719551217, 39.761757364107055 ], [ -104.942082663018738, 39.761791768311404 ], [ -104.941670907691105, 39.761863960180115 ], [ -104.941359297406663, 39.761906967705329 ], [ -104.941159337649793, 39.761923814019617 ], [ -104.940725814067889, 39.761950260385071 ], [ -104.94058819370504, 39.761964657559147 ], [ -104.940588479765609, 39.761807406981369 ], [ -104.940595473633593, 39.760182411124781 ], [ -104.940603362906018, 39.758301947982865 ], [ -104.940610534508295, 39.756511387179927 ], [ -104.940612165012269, 39.755972637889045 ], [ -104.940616248853345, 39.755014904666375 ], [ -104.940618099941503, 39.75467141245111 ], [ -104.940618278949358, 39.754426056051997 ], [ -104.940624651507918, 39.752846873719875 ], [ -104.940631039267288, 39.751043264677861 ] ] ] ] } },
{ "type": "Feature", "properties": { "fid": 65, "OBJECTID": 65, "NBHD_ID": 18, "NBHD_NAME": "Cole", "TYPOLOGY": null, "NOTES": "Cole", "GLOBALID": "{742FBF8D-4973-4259-9CA3-B4C7313B2C55}", "Shape__Area": 14276680.184082, "Shape__Length": 14883.861116632101, "Shape_Length": 14883.86139264916, "Shape_Area": 14276680.183496688 }, "geometry": { "type": "MultiPolygon", "coordinates": [ [ [ [ -104.95976258567805, 39.761998363665555 ], [ -104.960375308872855, 39.761996712282489 ], [ -104.960991586652014, 39.761995074887757 ], [ -104.961603414407534, 39.761993757068161 ], [ -104.962227696439157, 39.761992150713347 ], [ -104.962843929448894, 39.76199633615991 ], [ -104.963459273286517, 39.762000515227804 ], [ -104.96411466703421, 39.762000413295489 ], [ -104.964729153188415, 39.762000463053283 ], [ -104.965350753247463, 39.762000542816182 ], [ -104.965965242010455, 39.762000243878298 ], [ -104.96658326422768, 39.762003046143988 ], [ -104.967189726386906, 39.76200579283897 ], [ -104.967819342663631, 39.762004180974174 ], [ -104.96842939566578, 39.762002475595615 ], [ -104.970889980738207, 39.762006355464031 ], [ -104.971499984531519, 39.762011154803005 ], [ -104.972125992134579, 39.762016365906433 ], [ -104.972722695049086, 39.762015951929683 ], [ -104.972897853175866, 39.762019824811468 ], [ -104.973350234978668, 39.762054107194771 ], [ -104.973354526482893, 39.762429881414384 ], [ -104.973346486985264, 39.763263371204957 ], [ -104.973340674428698, 39.763800383835758 ], [ -104.973345569127332, 39.764214251615932 ], [ -104.973350391730435, 39.764519338883808 ], [ -104.973338516509301, 39.765153093819791 ], [ -104.973329419774487, 39.765772106279563 ], [ -104.973332373719373, 39.765852417721156 ], [ -104.973338773942871, 39.766065888635438 ], [ -104.973362189346659, 39.766500428204743 ], [ -104.973358572837739, 39.766981858955049 ], [ -104.973356080185326, 39.767195290893092 ], [ -104.973347916457513, 39.767926860843623 ], [ -104.973353200749202, 39.768170525094547 ], [ -104.973357069825397, 39.769194517050124 ], [ -104.971925708247909, 39.770307475337006 ], [ -104.969734009632731, 39.771989722420116 ], [ -104.968486262725236, 39.772917819705327 ], [ -104.965947186445263, 39.772892945161864 ], [ -104.964715255482687, 39.772905881525375 ], [ -104.959410855931921, 39.772900517637282 ], [ -104.959666064539945, 39.772215035795789 ], [ -104.959740364463642, 39.771921978957231 ], [ -104.959749561635832, 39.77142101490589 ], [ -104.959751592601364, 39.77115748074349 ], [ -104.959752611739717, 39.76929415265969 ], [ -104.959756002206504, 39.768161755793599 ], [ -104.959755448467817, 39.766964140902431 ], [ -104.959756784385661, 39.765752120728806 ], [ -104.959770021869403, 39.764495887593981 ], [ -104.959764468198927, 39.763254666467333 ], [ -104.95976258567805, 39.761998363665555 ] ] ] ] } },
{ "type": "Feature", "properties": { "fid": 66, "OBJECTID": 66, "NBHD_ID": 15, "NBHD_NAME": "City Park West", "TYPOLOGY": null, "NOTES": "City Park West", "GLOBALID": "{1D0265E0-6AB4-41E2-9AE7-01D3116BCB95}", "Shape__Area": 14914344.2744141, "Shape__Length": 15458.952175397, "Shape_Length": 15458.952353500605, "Shape_Area": 14914344.412536064 }, "geometry": { "type": "MultiPolygon", "coordinates": [ [ [ [ -104.959791612238405, 39.739995567831741 ], [ -104.960412132109795, 39.739995326452444 ], [ -104.961023758570292, 39.739995385125695 ], [ -104.961642476810084, 39.739998217431705 ], [ -104.962247858370418, 39.740000985537456 ], [ -104.962861266602772, 39.740000698743259 ], [ -104.963476447798286, 39.740000759093022 ], [ -104.964134280419145, 39.740003756631552 ], [ -104.964776110650263, 39.740006677707548 ], [ -104.9653912721338, 39.740009474123838 ], [ -104.966000210945722, 39.740012239085502 ], [ -104.966615367307398, 39.74001571539538 ], [ -104.967242077606713, 39.740019583958258 ], [ -104.967858154291335, 39.740018940939521 ], [ -104.9684715692986, 39.740017594554793 ], [ -104.969698261706569, 39.740033081658041 ], [ -104.970150764559477, 39.740032374775055 ], [ -104.970321452770179, 39.740032113745023 ], [ -104.970797957547262, 39.740031512411043 ], [ -104.971300229240796, 39.740032740711719 ], [ -104.971886957387483, 39.740033659623563 ], [ -104.972146541666916, 39.740033794878777 ], [ -104.972765215669568, 39.740042402188251 ], [ -104.973001664960435, 39.740045520320308 ], [ -104.973422227099988, 39.740036422010945 ], [ -104.973402031824676, 39.741660501113451 ], [ -104.973398740650211, 39.742690647975181 ], [ -104.973397167656543, 39.7432554803503 ], [ -104.973393184120241, 39.743785985158361 ], [ -104.973400371464649, 39.744841571758144 ], [ -104.973394919149598, 39.745093769001805 ], [ -104.973375897832739, 39.745949701278704 ], [ -104.973348963594816, 39.746970553822948 ], [ -104.973345075106067, 39.747535555080155 ], [ -104.973344353163412, 39.74812557672341 ], [ -104.973366779707888, 39.748367369531756 ], [ -104.973369067920771, 39.749483672095387 ], [ -104.973367707311482, 39.750730356533325 ], [ -104.97274353727903, 39.750730650301342 ], [ -104.972123814139394, 39.750730617548079 ], [ -104.971510302910389, 39.750732325210251 ], [ -104.970887903277742, 39.750733646557592 ], [ -104.97028243792559, 39.750729550325964 ], [ -104.969660079817913, 39.750725374857844 ], [ -104.969045693636843, 39.750725349945569 ], [ -104.968435748001696, 39.750725685039257 ], [ -104.967817825101363, 39.750722892488199 ], [ -104.967188344003404, 39.75072004436656 ], [ -104.966576623991017, 39.750720018635171 ], [ -104.965952454024006, 39.75072027638732 ], [ -104.965339821367195, 39.750723328498445 ], [ -104.964720075890256, 39.75072634507044 ], [ -104.964103021249201, 39.750726282219361 ], [ -104.963461961023384, 39.750726106696689 ], [ -104.962848449625881, 39.750727769206037 ], [ -104.962236716390819, 39.75072943664231 ], [ -104.961620581268633, 39.750725247093563 ], [ -104.961005339120007, 39.750720715251553 ], [ -104.960388272496317, 39.750722348654257 ], [ -104.959776538083531, 39.750724003297847 ], [ -104.959771141351268, 39.749462531140921 ], [ -104.959777257707117, 39.748206944017753 ], [ -104.959794108500134, 39.746942826648699 ], [ -104.959800146892064, 39.744774093453337 ], [ -104.959793090850241, 39.743266222580047 ], [ -104.95978706448453, 39.741624866158361 ], [ -104.959791612238405, 39.739995567831741 ] ] ] ] } },
{ "type": "Feature", "properties": { "fid": 67, "OBJECTID": 67, "NBHD_ID": 77, "NBHD_NAME": "Whittier", "TYPOLOGY": null, "NOTES": "Whittier", "GLOBALID": "{EDFF7884-B6C5-4265-955B-F9D1B77C6F2A}", "Shape__Area": 15698881.4262695, "Shape__Length": 15874.2658729752, "Shape_Length": 15874.266723269984, "Shape_Area": 15698881.917566111 }, "geometry": { "type": "MultiPolygon", "coordinates": [ [ [ [ -104.959776538083531, 39.750724003297847 ], [ -104.960388272496317, 39.750722348654257 ], [ -104.961005339120007, 39.750720715251553 ], [ -104.961620581268633, 39.750725247093563 ], [ -104.962236716390819, 39.75072943664231 ], [ -104.962848449625881, 39.750727769206037 ], [ -104.963461961023384, 39.750726106696689 ], [ -104.964103021249201, 39.750726282219361 ], [ -104.964720075890256, 39.75072634507044 ], [ -104.965339821367195, 39.750723328498445 ], [ -104.965952454024006, 39.75072027638732 ], [ -104.966576623991017, 39.750720018635171 ], [ -104.967188344003404, 39.75072004436656 ], [ -104.967817825101363, 39.750722892488199 ], [ -104.968435748001696, 39.750725685039257 ], [ -104.969045693636843, 39.750725349945569 ], [ -104.969660079817913, 39.750725374857844 ], [ -104.97028243792559, 39.750729550325964 ], [ -104.970887903277742, 39.750733646557592 ], [ -104.971510302910389, 39.750732325210251 ], [ -104.972123814139394, 39.750730617548079 ], [ -104.97274353727903, 39.750730650301342 ], [ -104.973367707311482, 39.750730356533325 ], [ -104.97337337075696, 39.751988740049441 ], [ -104.973374699337171, 39.753232691010567 ], [ -104.97336921518918, 39.754554850540046 ], [ -104.973370787336293, 39.754937477669621 ], [ -104.973371202294132, 39.755119009151962 ], [ -104.973377684119384, 39.755321501193578 ], [ -104.973370931747141, 39.755746984579098 ], [ -104.973371485925099, 39.756383543350644 ], [ -104.973373143209642, 39.756991624063104 ], [ -104.973364911252929, 39.757732462607137 ], [ -104.973359264248657, 39.758247515117702 ], [ -104.973334629239545, 39.759514681593089 ], [ -104.973347330517782, 39.760428220325501 ], [ -104.973351910581925, 39.760765563555083 ], [ -104.97336052302856, 39.761158171903567 ], [ -104.973353137296115, 39.761786114982414 ], [ -104.973350234978668, 39.762054107194771 ], [ -104.972897853175866, 39.762019824811468 ], [ -104.972722695049086, 39.762015951929683 ], [ -104.972125992134579, 39.762016365906433 ], [ -104.971499984531519, 39.762011154803005 ], [ -104.970889980738207, 39.762006355464031 ], [ -104.96842939566578, 39.762002475595615 ], [ -104.967819342663631, 39.762004180974174 ], [ -104.967189726386906, 39.76200579283897 ], [ -104.96658326422768, 39.762003046143988 ], [ -104.965965242010455, 39.762000243878298 ], [ -104.965350753247463, 39.762000542816182 ], [ -104.964729153188415, 39.762000463053283 ], [ -104.96411466703421, 39.762000413295489 ], [ -104.963459273286517, 39.762000515227804 ], [ -104.962843929448894, 39.76199633615991 ], [ -104.962227696439157, 39.761992150713347 ], [ -104.961603414407534, 39.761993757068161 ], [ -104.960991586652014, 39.761995074887757 ], [ -104.960375308872855, 39.761996712282489 ], [ -104.95976258567805, 39.761998363665555 ], [ -104.95976861836283, 39.760754106151552 ], [ -104.959763293872143, 39.759483029771559 ], [ -104.959772901908408, 39.758236042250168 ], [ -104.95977542380821, 39.756985590063159 ], [ -104.959769027899341, 39.755738184769399 ], [ -104.959768098948757, 39.754473990217498 ], [ -104.959780446450452, 39.753217404557944 ], [ -104.959778492232203, 39.75197070421639 ], [ -104.959776538083531, 39.750724003297847 ] ] ] ] } },
{ "type": "Feature", "properties": { "fid": 68, "OBJECTID": 68, "NBHD_ID": 9, "NBHD_NAME": "Capitol Hill", "TYPOLOGY": null, "NOTES": "Capitol Hill", "GLOBALID": "{24B7EAE1-8BFD-48EF-A55E-033A8BEE1AF8}", "Shape__Area": 18857522.893554699, "Shape__Length": 17446.226257075501, "Shape_Length": 17446.226421003848, "Shape_Area": 18857522.733070724 }, "geometry": { "type": "MultiPolygon", "coordinates": [ [ [ [ -104.973422227099988, 39.740036422010945 ], [ -104.973001664960435, 39.740045520320308 ], [ -104.973009820133981, 39.739551750488687 ], [ -104.97302908370196, 39.738407745399897 ], [ -104.973018315713929, 39.736883041685147 ], [ -104.973009004916577, 39.735164458073086 ], [ -104.972988776691125, 39.733715890543991 ], [ -104.972989689882866, 39.732056374996148 ], [ -104.972958125271987, 39.730460540593853 ], [ -104.972945347079602, 39.729085440061219 ], [ -104.972949054681621, 39.727290728405251 ], [ -104.973516132990198, 39.727290179007241 ], [ -104.974092101855817, 39.727289323458351 ], [ -104.9752600456344, 39.727286645813514 ], [ -104.976417323730914, 39.72728390910941 ], [ -104.977568473533864, 39.727268436903941 ], [ -104.978780833848035, 39.727269009971756 ], [ -104.979366547324759, 39.727272632847665 ], [ -104.979947818242024, 39.727275890010347 ], [ -104.981148659843527, 39.727271583527475 ], [ -104.981760132274289, 39.727277367040969 ], [ -104.982374268672828, 39.727283502256135 ], [ -104.982988422882784, 39.727287232226992 ], [ -104.983632796354186, 39.727291091627912 ], [ -104.984902971940116, 39.72728602163405 ], [ -104.986159790207353, 39.727284311184619 ], [ -104.987425500086871, 39.727282282889078 ], [ -104.987413984262162, 39.729101323652827 ], [ -104.987412942514197, 39.730460231771353 ], [ -104.987412873278117, 39.732051119709801 ], [ -104.987425410030866, 39.733863054867165 ], [ -104.987410706396901, 39.735266855757096 ], [ -104.987403532098483, 39.736856679572924 ], [ -104.987423085900573, 39.738438384004688 ], [ -104.987404662664602, 39.739621170897195 ], [ -104.987400701584917, 39.74001946980227 ], [ -104.987398844903694, 39.740113559903037 ], [ -104.986268220484902, 39.740120493885676 ], [ -104.986145238880511, 39.740069677535864 ], [ -104.985489173746927, 39.740068182511045 ], [ -104.984866000223491, 39.740066828723343 ], [ -104.984233087353843, 39.740059938421702 ], [ -104.983593953043908, 39.740053017412635 ], [ -104.982973565471468, 39.740035537407827 ], [ -104.982337073064102, 39.740032052757464 ], [ -104.981737889197433, 39.74003250372472 ], [ -104.981112033941045, 39.740033178092247 ], [ -104.980505756166338, 39.740031188497831 ], [ -104.979920816030528, 39.740028947830901 ], [ -104.979342103754334, 39.740026045496506 ], [ -104.978752721444138, 39.740023436209647 ], [ -104.978215805741883, 39.740018654524967 ], [ -104.977650445923459, 39.740013400971428 ], [ -104.976485876873795, 39.740012001293159 ], [ -104.976106207481322, 39.740021291716666 ], [ -104.975454528780134, 39.740027654708356 ], [ -104.975331839350503, 39.740028823523438 ], [ -104.974802012406499, 39.740027145390229 ], [ -104.974161070534876, 39.740024282971206 ], [ -104.973422227099988, 39.740036422010945 ] ] ] ] } },
{ "type": "Feature", "properties": { "fid": 69, "OBJECTID": 69, "NBHD_ID": 47, "NBHD_NAME": "North Capitol Hill", "TYPOLOGY": null, "NOTES": "North Capitol Hill", "GLOBALID": "{29488898-34D1-4254-B83A-E2469131DD53}", "Shape__Area": 9829084.3955078106, "Shape__Length": 12487.595012796801, "Shape_Length": 12487.594519161823, "Shape_Area": 9829084.542846242 }, "geometry": { "type": "MultiPolygon", "coordinates": [ [ [ [ -104.973393184120241, 39.743785985158361 ], [ -104.973397167656543, 39.7432554803503 ], [ -104.973398740650211, 39.742690647975181 ], [ -104.973402031824676, 39.741660501113451 ], [ -104.973422227099988, 39.740036422010945 ], [ -104.974161070534876, 39.740024282971206 ], [ -104.974802012406499, 39.740027145390229 ], [ -104.975331839350503, 39.740028823523438 ], [ -104.975454528780134, 39.740027654708356 ], [ -104.976106207481322, 39.740021291716666 ], [ -104.976485876873795, 39.740012001293159 ], [ -104.977650445923459, 39.740013400971428 ], [ -104.978215805741883, 39.740018654524967 ], [ -104.978752721444138, 39.740023436209647 ], [ -104.979342103754334, 39.740026045496506 ], [ -104.979920816030528, 39.740028947830901 ], [ -104.980505756166338, 39.740031188497831 ], [ -104.981112033941045, 39.740033178092247 ], [ -104.981737889197433, 39.74003250372472 ], [ -104.982337073064102, 39.740032052757464 ], [ -104.982973565471468, 39.740035537407827 ], [ -104.983593953043908, 39.740053017412635 ], [ -104.984233087353843, 39.740059938421702 ], [ -104.984866000223491, 39.740066828723343 ], [ -104.985489173746927, 39.740068182511045 ], [ -104.986145238880511, 39.740069677535864 ], [ -104.986268220484902, 39.740120493885676 ], [ -104.987398844903694, 39.740113559903037 ], [ -104.987393835742296, 39.74085923965557 ], [ -104.987407088210773, 39.741478697841544 ], [ -104.987416145831958, 39.741699045373373 ], [ -104.987421429924851, 39.741960010446618 ], [ -104.987426597593284, 39.742215200754124 ], [ -104.987396688056947, 39.743066014513694 ], [ -104.987386191608365, 39.74336460488739 ], [ -104.987429633940138, 39.744840716269707 ], [ -104.987417292756206, 39.745069549248555 ], [ -104.987417519650791, 39.745473808249798 ], [ -104.987417780176145, 39.745938913315065 ], [ -104.987417926292963, 39.746199226928965 ], [ -104.987410809843283, 39.746686136589396 ], [ -104.987406879688933, 39.746980549019256 ], [ -104.987410294881045, 39.747364915822246 ], [ -104.987317442378128, 39.747427867479487 ], [ -104.987211846056766, 39.74752992664817 ], [ -104.986115442395004, 39.747533234044894 ], [ -104.985686007947137, 39.74753410334413 ], [ -104.985584144513552, 39.747603318976701 ], [ -104.98548976730531, 39.747583429324926 ], [ -104.985386384898263, 39.747572291700671 ], [ -104.985228641063657, 39.747562276231378 ], [ -104.985101082421266, 39.747554723566317 ], [ -104.984948800022025, 39.747552219822289 ], [ -104.984861665655018, 39.747555623978563 ], [ -104.984770345905659, 39.747554441526766 ], [ -104.984227679245308, 39.747564781981765 ], [ -104.983946724653165, 39.747565266105887 ], [ -104.983600031748196, 39.747558254823865 ], [ -104.983133874808487, 39.747558202505495 ], [ -104.982958111391355, 39.747558181593767 ], [ -104.982320636319301, 39.747558124416571 ], [ -104.981697406444141, 39.747555381269507 ], [ -104.981084845296309, 39.747552681864477 ], [ -104.979895326118637, 39.747541940328659 ], [ -104.978731549122372, 39.747536791304583 ], [ -104.978374147367717, 39.747535207703457 ], [ -104.978216063884247, 39.747511858544918 ], [ -104.978187647290412, 39.747507271508262 ], [ -104.97755416844636, 39.746970850793353 ], [ -104.977003317261449, 39.746562448232268 ], [ -104.976496686192291, 39.746186153345576 ], [ -104.976151782930785, 39.745914937474907 ], [ -104.974787291523356, 39.744841936139977 ], [ -104.97399078074865, 39.744238538348768 ], [ -104.973393184120241, 39.743785985158361 ] ] ] ] } },
{ "type": "Feature", "properties": { "fid": 70, "OBJECTID": 70, "NBHD_ID": 16, "NBHD_NAME": "Civic Center", "TYPOLOGY": null, "NOTES": "Golden Triangule", "GLOBALID": "{4498446A-DA85-4F68-BC0A-0EB488279319}", "Shape__Area": 8472228.09130859, "Shape__Length": 13890.0455048074, "Shape_Length": 13890.045585328522, "Shape_Area": 8472227.9684038386 }, "geometry": { "type": "MultiPolygon", "coordinates": [ [ [ [ -104.987398844903694, 39.740113559903037 ], [ -104.987400701584917, 39.74001946980227 ], [ -104.987404662664602, 39.739621170897195 ], [ -104.987423085900573, 39.738438384004688 ], [ -104.987403532098483, 39.736856679572924 ], [ -104.987410706396901, 39.735266855757096 ], [ -104.987425410030866, 39.733863054867165 ], [ -104.987412873278117, 39.732051119709801 ], [ -104.987412942514197, 39.730460231771353 ], [ -104.987413984262162, 39.729101323652827 ], [ -104.987425500086871, 39.727282282889078 ], [ -104.987433611918064, 39.726950511900583 ], [ -104.987541451330713, 39.727009256632705 ], [ -104.987784723841344, 39.727141779406324 ], [ -104.988087577135602, 39.727296146641486 ], [ -104.988323948150367, 39.727425859647937 ], [ -104.988553132051265, 39.727566178865544 ], [ -104.988697230324689, 39.727673528646044 ], [ -104.988746845843295, 39.727695363298011 ], [ -104.988802740548252, 39.727709332548059 ], [ -104.988902026737776, 39.727745452475638 ], [ -104.988962228047569, 39.727778314119369 ], [ -104.989074379126251, 39.727878661467088 ], [ -104.989260864346122, 39.728024284382656 ], [ -104.989377630164185, 39.72810131573236 ], [ -104.989475791136854, 39.728170030411007 ], [ -104.989557184727744, 39.728222200616749 ], [ -104.989609335009078, 39.728262233333901 ], [ -104.989658731531563, 39.728314264654621 ], [ -104.98971883133737, 39.728361194988054 ], [ -104.98980980379099, 39.728440859294544 ], [ -104.989873340612618, 39.728503932932071 ], [ -104.989936662792431, 39.728596861351782 ], [ -104.9899956945751, 39.728668494366794 ], [ -104.990045111627623, 39.728717780330825 ], [ -104.990115760631113, 39.728780884655976 ], [ -104.990181925751386, 39.728849460953924 ], [ -104.990231360525229, 39.728896343897596 ], [ -104.990424555094052, 39.729097929797405 ], [ -104.99047393286898, 39.72915270594644 ], [ -104.990537332531062, 39.729234995518318 ], [ -104.990603299134577, 39.729331023430298 ], [ -104.990687754398863, 39.729451494730249 ], [ -104.990757216944559, 39.729555772596264 ], [ -104.990855923920833, 39.72967218753984 ], [ -104.990929832253883, 39.729776485433092 ], [ -104.991045198595373, 39.72992454291353 ], [ -104.991126137333907, 39.730039851269929 ], [ -104.991259281263112, 39.730187985411504 ], [ -104.991333261737466, 39.730282331729697 ], [ -104.991413392140004, 39.730386655289465 ], [ -104.991549873810513, 39.730565001488792 ], [ -104.991641543570324, 39.730671777759206 ], [ -104.991742651582612, 39.730825263429338 ], [ -104.991816581177872, 39.730926814631196 ], [ -104.991869387452468, 39.730999449215496 ], [ -104.991945906911397, 39.731111649436357 ], [ -104.992023193689462, 39.731240668596541 ], [ -104.9920936096444, 39.731336713894763 ], [ -104.992142021942044, 39.731402466199611 ], [ -104.992223016355538, 39.731510567630494 ], [ -104.992345439513201, 39.731666890883666 ], [ -104.992472208195579, 39.731836958190975 ], [ -104.992590939200497, 39.732012481224793 ], [ -104.992678945453406, 39.732134339798144 ], [ -104.992843662700864, 39.732342660899157 ], [ -104.992958957918432, 39.732501697998849 ], [ -104.993043378883741, 39.732628000983055 ], [ -104.993134094152055, 39.732744379416019 ], [ -104.993257332200159, 39.73291168621639 ], [ -104.993259281084477, 39.732914485813026 ], [ -104.993337391627776, 39.733026645949785 ], [ -104.993435956597807, 39.733163990600687 ], [ -104.993512520569965, 39.733270699348495 ], [ -104.993547681663529, 39.733325412902417 ], [ -104.993607483636694, 39.733414549247627 ], [ -104.9937440758478, 39.73357916679204 ], [ -104.993804008235969, 39.733650458447748 ], [ -104.993933136251712, 39.733864116198909 ], [ -104.993985946929484, 39.733936749755358 ], [ -104.994045720283822, 39.734030002730435 ], [ -104.994132814182763, 39.73415597318148 ], [ -104.994227945512165, 39.734276830734544 ], [ -104.994315158789803, 39.734386330849297 ], [ -104.994417482199438, 39.734496238078989 ], [ -104.994462402644288, 39.734553738530394 ], [ -104.994504577344983, 39.734622208233375 ], [ -104.99456085574181, 39.734707210103586 ], [ -104.994729030269013, 39.734930643035462 ], [ -104.994810020385856, 39.735040458284296 ], [ -104.994897215752346, 39.735152703118146 ], [ -104.994988775544897, 39.735276289934617 ], [ -104.995058349068913, 39.735366839134841 ], [ -104.995192215089446, 39.73554070842173 ], [ -104.995307441875411, 39.735710723756526 ], [ -104.9954166443529, 39.735853259579173 ], [ -104.995507297318895, 39.735979587328863 ], [ -104.995609537377874, 39.736101504517158 ], [ -104.995664909648028, 39.736189247182971 ], [ -104.995738695149356, 39.736312414014392 ], [ -104.995818644124043, 39.736443842996209 ], [ -104.995889128519664, 39.736531651196088 ], [ -104.995959672282765, 39.736611222910824 ], [ -104.996309968695641, 39.737099321884678 ], [ -104.99640147568293, 39.737230799899123 ], [ -104.996492133493604, 39.737356784574622 ], [ -104.996688403042711, 39.737631121121268 ], [ -104.99687070599947, 39.737869710071465 ], [ -104.996993170310205, 39.73802328204556 ], [ -104.997050113919428, 39.738091480611935 ], [ -104.997074258586196, 39.738120399160913 ], [ -104.997172897069078, 39.738249505790677 ], [ -104.997227951920237, 39.73838219905042 ], [ -104.997407211902384, 39.73854974042861 ], [ -104.997474360995781, 39.738607334564392 ], [ -104.997502531848852, 39.738645888537413 ], [ -104.99755545798817, 39.738703421885589 ], [ -104.997596847580937, 39.738758160690637 ], [ -104.997646139438004, 39.738826660426021 ], [ -104.997670639171062, 39.738881327095157 ], [ -104.997719793573779, 39.738969042140191 ], [ -104.997771655431208, 39.73905127819387 ], [ -104.997810376089774, 39.739106348681666 ], [ -104.997881003236913, 39.739174938459094 ], [ -104.997916288612132, 39.739213179524 ], [ -104.997951456113753, 39.739267892543417 ], [ -104.997978560525823, 39.739331149192324 ], [ -104.998006499783727, 39.739402302020757 ], [ -104.998031147357835, 39.739436379773423 ], [ -104.998076864654266, 39.739507608419217 ], [ -104.998126157513354, 39.73957610703399 ], [ -104.998160571454676, 39.739611942198557 ], [ -104.998206544324489, 39.73964748438744 ], [ -104.998273673032003, 39.739708166368096 ], [ -104.998323045937013, 39.739765684192164 ], [ -104.998360938656461, 39.73981217201127 ], [ -104.99838903194491, 39.739861706462882 ], [ -104.998420547306978, 39.739930129160044 ], [ -104.998576949859213, 39.740200167198644 ], [ -104.998263981796185, 39.740187273895245 ], [ -104.998136320008172, 39.740185556816925 ], [ -104.996946736400218, 39.740170287975488 ], [ -104.996522596258359, 39.740164816353087 ], [ -104.996451883306065, 39.740163957159012 ], [ -104.995279924733126, 39.740154069880653 ], [ -104.994370120212224, 39.740146195652684 ], [ -104.993544087964224, 39.740141809324477 ], [ -104.992929597204821, 39.74013853971443 ], [ -104.992514322617581, 39.740136327975378 ], [ -104.991665156689379, 39.740131650351778 ], [ -104.990433464432925, 39.740123300425203 ], [ -104.990086990158176, 39.740118326539303 ], [ -104.989950705598417, 39.740129001555303 ], [ -104.989828789851003, 39.740169782574924 ], [ -104.989687173449667, 39.74024428312196 ], [ -104.98956460603452, 39.740375195331751 ], [ -104.989437417042197, 39.740472289477196 ], [ -104.989315199582435, 39.740554381777741 ], [ -104.989115315653635, 39.740613604562782 ], [ -104.988949676786646, 39.740646686797803 ], [ -104.988764851034858, 39.740642126339587 ], [ -104.988544022994375, 39.740571688562639 ], [ -104.988542031720499, 39.740570538750738 ], [ -104.988413225201114, 39.740496008980969 ], [ -104.988292353793568, 39.740394083472381 ], [ -104.988132563133831, 39.740291984942033 ], [ -104.988112228918382, 39.740280070605451 ], [ -104.987977558969448, 39.740201176280998 ], [ -104.987929106392869, 39.740174676494782 ], [ -104.987856277352449, 39.740155581339195 ], [ -104.987778580048314, 39.740136465847705 ], [ -104.987520926786246, 39.740112811788421 ], [ -104.987398844903694, 39.740113559903037 ] ] ] ] } },
{ "type": "Feature", "properties": { "fid": 71, "OBJECTID": 71, "NBHD_ID": 10, "NBHD_NAME": "CBD", "TYPOLOGY": null, "NOTES": "Downtown (CBD)", "GLOBALID": "{E29680B4-807D-4586-8CD1-B3D1672E7E53}", "Shape__Area": 12018056.0625, "Shape__Length": 13717.962639314999, "Shape_Length": 13717.963111615103, "Shape_Area": 12018055.614886349 }, "geometry": { "type": "MultiPolygon", "coordinates": [ [ [ [ -104.987410294881045, 39.747364915822246 ], [ -104.987406879688933, 39.746980549019256 ], [ -104.987410809843283, 39.746686136589396 ], [ -104.987417926292963, 39.746199226928965 ], [ -104.987417780176145, 39.745938913315065 ], [ -104.987417519650791, 39.745473808249798 ], [ -104.987417292756206, 39.745069549248555 ], [ -104.987429633940138, 39.744840716269707 ], [ -104.987386191608365, 39.74336460488739 ], [ -104.987396688056947, 39.743066014513694 ], [ -104.987426597593284, 39.742215200754124 ], [ -104.987421429924851, 39.741960010446618 ], [ -104.987416145831958, 39.741699045373373 ], [ -104.987407088210773, 39.741478697841544 ], [ -104.987393835742296, 39.74085923965557 ], [ -104.987398844903694, 39.740113559903037 ], [ -104.987520926786246, 39.740112811788421 ], [ -104.987778580048314, 39.740136465847705 ], [ -104.987856277352449, 39.740155581339195 ], [ -104.987929106392869, 39.740174676494782 ], [ -104.987977558969448, 39.740201176280998 ], [ -104.988112228918382, 39.740280070605451 ], [ -104.988132563133831, 39.740291984942033 ], [ -104.988292353793568, 39.740394083472381 ], [ -104.988413225201114, 39.740496008980969 ], [ -104.988542031720499, 39.740570538750738 ], [ -104.988544022994375, 39.740571688562639 ], [ -104.988764851034858, 39.740642126339587 ], [ -104.988949676786646, 39.740646686797803 ], [ -104.989115315653635, 39.740613604562782 ], [ -104.989315199582435, 39.740554381777741 ], [ -104.989437417042197, 39.740472289477196 ], [ -104.98956460603452, 39.740375195331751 ], [ -104.989687173449667, 39.74024428312196 ], [ -104.989828789851003, 39.740169782574924 ], [ -104.989950705598417, 39.740129001555303 ], [ -104.990086990158176, 39.740118326539303 ], [ -104.990433464432925, 39.740123300425203 ], [ -104.991665156689379, 39.740131650351778 ], [ -104.992514322617581, 39.740136327975378 ], [ -104.992929597204821, 39.74013853971443 ], [ -104.993544087964224, 39.740141809324477 ], [ -104.994370120212224, 39.740146195652684 ], [ -104.995279924733126, 39.740154069880653 ], [ -104.996451883306065, 39.740163957159012 ], [ -104.996522596258359, 39.740164816353087 ], [ -104.996946736400218, 39.740170287975488 ], [ -104.998136320008172, 39.740185556816925 ], [ -104.998263981796185, 39.740187273895245 ], [ -104.998576949859213, 39.740200167198644 ], [ -104.998623721261509, 39.740280922045052 ], [ -104.998633937575832, 39.740298561178669 ], [ -104.998704294476767, 39.740405239755475 ], [ -104.998759769655777, 39.740479598992025 ], [ -104.998787905189133, 39.740523298935862 ], [ -104.998826561250794, 39.740587634029509 ], [ -104.998847566648408, 39.74063405065047 ], [ -104.9988650114134, 39.740680794359974 ], [ -104.998875406897739, 39.740718929109462 ], [ -104.998899770950317, 39.740792811717498 ], [ -104.998920635551826, 39.740858786795648 ], [ -104.998940750959434, 39.740905198704297 ], [ -104.998961814203128, 39.740943378865971 ], [ -104.998989986812205, 39.74098193244982 ], [ -104.999035745307907, 39.741047670330879 ], [ -104.99905321352081, 39.741091326588176 ], [ -104.999067203003989, 39.741124329252997 ], [ -104.99908470802535, 39.74116283739918 ], [ -104.999105791031099, 39.741198272355746 ], [ -104.999123354908974, 39.741228544968038 ], [ -104.999129481007657, 39.74124195418176 ], [ -104.999308540576777, 39.741563912394888 ], [ -104.999346161729548, 39.741648832325616 ], [ -104.999395222191879, 39.741750272457629 ], [ -104.999444361169054, 39.741840731864869 ], [ -104.999497079418461, 39.741928118956579 ], [ -104.999534834507671, 39.741994165732592 ], [ -104.99955235224607, 39.742030958062557 ], [ -104.999664584392335, 39.742250026486452 ], [ -104.999712942781329, 39.742325383524346 ], [ -104.999755009787705, 39.742410323098326 ], [ -104.999803878028061, 39.742538871629662 ], [ -104.999849442526639, 39.742632060900796 ], [ -104.999884241308521, 39.742738930685263 ], [ -104.999918134070413, 39.74284819870477 ], [ -104.999956606495914, 39.742938613426908 ], [ -104.999998635027922, 39.743029042342016 ], [ -105.000019591844605, 39.743082320741401 ], [ -105.00005474091779, 39.743140120474308 ], [ -105.000106513205068, 39.74323573809518 ], [ -105.000145082750421, 39.743312426869103 ], [ -105.000194166263071, 39.74341112143712 ], [ -105.000229161586589, 39.743490539353125 ], [ -105.000264020057983, 39.743589173471001 ], [ -105.000281061778566, 39.743692879273333 ], [ -105.000297309889973, 39.743783199475004 ], [ -105.00030029134642, 39.743863854040043 ], [ -105.000305943763024, 39.74406874278494 ], [ -105.00031161332123, 39.744271230388499 ], [ -105.000334909261937, 39.744495410806572 ], [ -105.000351745937095, 39.744627941775761 ], [ -105.000375411274788, 39.744800307029728 ], [ -105.000399098730071, 39.74496958394932 ], [ -105.00040896766285, 39.745081838148622 ], [ -105.000415329406735, 39.745187214316182 ], [ -105.000421256043467, 39.745353671451937 ], [ -105.000424538380543, 39.745392118952438 ], [ -105.000431600130682, 39.745526334059861 ], [ -105.000158753774087, 39.74576022799851 ], [ -104.998968891769323, 39.746672428017149 ], [ -104.997758383237738, 39.747608205525673 ], [ -104.9965630071557, 39.748536828844216 ], [ -104.995343593045263, 39.749465336763045 ], [ -104.994137333208101, 39.75041482094408 ], [ -104.992938285059481, 39.751346136358251 ], [ -104.991700841189527, 39.75229546172951 ], [ -104.990840774517636, 39.751596850965676 ], [ -104.989985691530151, 39.750948700143702 ], [ -104.989111355504178, 39.750260652259669 ], [ -104.988680748899128, 39.749932096338448 ], [ -104.988236882702182, 39.749593530486614 ], [ -104.987535753416836, 39.749054811197908 ], [ -104.987406936609972, 39.748919045577843 ], [ -104.987408487209734, 39.748220384366277 ], [ -104.987410294881045, 39.747364915822246 ] ] ] ] } },
{ "type": "Feature", "properties": { "fid": 72, "OBJECTID": 72, "NBHD_ID": 63, "NBHD_NAME": "Union Station", "TYPOLOGY": null, "NOTES": "Union Station", "GLOBALID": "{0EC10EE2-DFF1-4457-9C59-11EB8328563C}", "Shape__Area": 12230779.267578101, "Shape__Length": 14577.468415695799, "Shape_Length": 14577.468094035454, "Shape_Area": 12230779.40758433 }, "geometry": { "type": "MultiPolygon", "coordinates": [ [ [ [ -104.991700841189527, 39.75229546172951 ], [ -104.992938285059481, 39.751346136358251 ], [ -104.994137333208101, 39.75041482094408 ], [ -104.995343593045263, 39.749465336763045 ], [ -104.9965630071557, 39.748536828844216 ], [ -104.997758383237738, 39.747608205525673 ], [ -104.998968891769323, 39.746672428017149 ], [ -105.000158753774087, 39.74576022799851 ], [ -105.000431600130682, 39.745526334059861 ], [ -105.000446463749924, 39.74580880529961 ], [ -105.00045269850294, 39.745932025950104 ], [ -105.000424495611682, 39.746396540458669 ], [ -105.000424194929536, 39.746438748358322 ], [ -105.00042382580682, 39.746490563453811 ], [ -105.000433929663018, 39.746569875541944 ], [ -105.000458258280545, 39.746649248008801 ], [ -105.000481678351932, 39.746731361864981 ], [ -105.000558531267103, 39.746925915616302 ], [ -105.000604373308647, 39.746980672062861 ], [ -105.000636068796965, 39.747024387451425 ], [ -105.000677348426819, 39.747095596025268 ], [ -105.000719535461656, 39.747164406335848 ], [ -105.000747615093942, 39.747216342108821 ], [ -105.000779067663643, 39.747294372083161 ], [ -105.000817504556267, 39.747390276714981 ], [ -105.000876060149906, 39.747532591894526 ], [ -105.000876327282668, 39.747533092000523 ], [ -105.000928705154919, 39.747630957933801 ], [ -105.000963818186491, 39.747694247637028 ], [ -105.001027190762926, 39.747784423357743 ], [ -105.00105086335445, 39.747831193011237 ], [ -105.001148835614529, 39.748057063063747 ], [ -105.001215589286559, 39.748171960266383 ], [ -105.001316936255279, 39.748298329079333 ], [ -105.001415289464447, 39.748470667175667 ], [ -105.001477791328668, 39.748558436838636 ], [ -105.001534245468577, 39.748621473588479 ], [ -105.00172411326362, 39.748802778787606 ], [ -105.001805461902734, 39.748865920797961 ], [ -105.001942589619617, 39.74896224183248 ], [ -105.002044328916355, 39.749033705716663 ], [ -105.00220352716704, 39.74915208182518 ], [ -105.002301654668358, 39.749231423698326 ], [ -105.002527246321307, 39.749390915711373 ], [ -105.002664433297383, 39.749479000377448 ], [ -105.002795397035214, 39.749567058587857 ], [ -105.002950152334307, 39.749685415782757 ], [ -105.003065947593555, 39.749781302211666 ], [ -105.003224318521077, 39.74989143764973 ], [ -105.003284467773042, 39.749935272367708 ], [ -105.003414456565721, 39.75003568027612 ], [ -105.003618539090098, 39.750219786613314 ], [ -105.003794386525669, 39.75037357579793 ], [ -105.003960686535038, 39.750494382381184 ], [ -105.004453374763827, 39.750855742348861 ], [ -105.004618710384165, 39.75098752400325 ], [ -105.004784084136631, 39.751114159137096 ], [ -105.004907882611235, 39.751210420513658 ], [ -105.005066203947479, 39.751328446668914 ], [ -105.005421764462028, 39.75159382832399 ], [ -105.005597734261727, 39.751731143734311 ], [ -105.005717980906681, 39.751827047051684 ], [ -105.005809056433179, 39.751898805941842 ], [ -105.005939016221006, 39.752004357274153 ], [ -105.006189249677334, 39.752202378928246 ], [ -105.006365222507071, 39.752339693160089 ], [ -105.006455677144771, 39.752408175886387 ], [ -105.006513807163458, 39.752452185966142 ], [ -105.006587199646773, 39.752510143852547 ], [ -105.006773853153263, 39.752646129604599 ], [ -105.006978183705115, 39.75279728885566 ], [ -105.007125824474954, 39.752918011745081 ], [ -105.007267276862535, 39.753033561198052 ], [ -105.007397212014595, 39.753143229523779 ], [ -105.007520157449036, 39.753235366611321 ], [ -105.007576736454354, 39.753281929364114 ], [ -105.007619202684225, 39.753312304731054 ], [ -105.007780936872152, 39.753452302442959 ], [ -105.007837400618214, 39.753515336054711 ], [ -105.007869043354731, 39.75356762892936 ], [ -105.007899741627867, 39.753627808623747 ], [ -105.007927637688994, 39.753707194208822 ], [ -105.007958524497354, 39.7538672347576 ], [ -105.007993131740065, 39.754003955360126 ], [ -105.008048905176395, 39.754165471618919 ], [ -105.008117958250565, 39.754335279973631 ], [ -105.008142233270348, 39.754423915550944 ], [ -105.008176896503841, 39.754552743725625 ], [ -105.008183303230012, 39.754653659117743 ], [ -105.008193473635188, 39.754724734804007 ], [ -105.008196125981272, 39.754789121316378 ], [ -105.008196512774802, 39.754798525933296 ], [ -105.007593802749639, 39.755409911960434 ], [ -105.007164459370642, 39.755897113210025 ], [ -105.007033536534834, 39.756053730086329 ], [ -105.006847140841899, 39.756258842453612 ], [ -105.006757420190667, 39.756372737219586 ], [ -105.006655956523559, 39.756512663396371 ], [ -105.006607530776535, 39.756570796809022 ], [ -105.006517828657394, 39.756681946217881 ], [ -105.006450817160882, 39.756758622089436 ], [ -105.006338543189756, 39.756887088456352 ], [ -105.00618520353548, 39.757069690122371 ], [ -105.006125964259297, 39.757148024118074 ], [ -105.006043453860258, 39.757247879201771 ], [ -105.005953791077701, 39.757353195587378 ], [ -105.005879263497206, 39.75745582929892 ], [ -105.005848606880079, 39.757515752754664 ], [ -105.0058374118736, 39.757590170428095 ], [ -105.00582171286888, 39.757672804912374 ], [ -105.005806081540982, 39.757745832232644 ], [ -105.005765402956982, 39.757840029096542 ], [ -105.005708559194389, 39.757956806298061 ], [ -105.005663594074619, 39.758028336881118 ], [ -105.00562232837936, 39.758079636832001 ], [ -105.005506736949414, 39.758204746939334 ], [ -105.005167259091266, 39.758553681588346 ], [ -105.005084946710014, 39.758625054923222 ], [ -105.004876551937045, 39.758795756920605 ], [ -105.004738727952585, 39.758920771827086 ], [ -105.004548031931066, 39.759103214970288 ], [ -105.004432255001817, 39.759254058932811 ], [ -105.004304733494678, 39.759430933093441 ], [ -105.004259778122076, 39.75950074827778 ], [ -105.004196824929195, 39.759600684369296 ], [ -105.004124921193664, 39.759708818435989 ], [ -105.004035249961333, 39.759814475507461 ], [ -105.003927958092873, 39.759896723712536 ], [ -105.003826930500452, 39.759973507745997 ], [ -105.003726779752526, 39.760052012063596 ], [ -105.003596367508692, 39.760134162480263 ], [ -105.003440086166137, 39.760227870888507 ], [ -105.003178887320971, 39.760412492049703 ], [ -105.001903626080761, 39.759767723787633 ], [ -105.001788215441991, 39.759678018655009 ], [ -105.00134066703599, 39.759464739085757 ], [ -105.000835568529965, 39.759216555980736 ], [ -105.000114393859192, 39.758843230149026 ], [ -104.999840794821637, 39.758678726018026 ], [ -104.999557659548231, 39.75848020742626 ], [ -104.998584692375857, 39.757755782848406 ], [ -104.997387548878805, 39.756770898912293 ], [ -104.997029239284942, 39.756476112664956 ], [ -104.996128969947861, 39.755735429630917 ], [ -104.99515793365444, 39.755000002053542 ], [ -104.994711315573639, 39.754664538127926 ], [ -104.994282390733261, 39.75434184433778 ], [ -104.99383769555368, 39.75398751076699 ], [ -104.993428368268312, 39.753661124213274 ], [ -104.993002449049726, 39.753293485088427 ], [ -104.992607464975052, 39.752952057580906 ], [ -104.992153709471097, 39.752623415036737 ], [ -104.991700841189527, 39.75229546172951 ] ] ] ] } },
{ "type": "Feature", "properties": { "fid": 73, "OBJECTID": 73, "NBHD_ID": 26, "NBHD_NAME": "Five Points", "TYPOLOGY": null, "NOTES": "Five Points", "GLOBALID": "{2AF0E692-CCF5-44CD-8CEA-F2198B4B29EA}", "Shape__Area": 49016631.8359375, "Shape__Length": 32937.005547791901, "Shape_Length": 32937.005787091592, "Shape_Area": 49016631.642990053 }, "geometry": { "type": "MultiPolygon", "coordinates": [ [ [ [ -104.971925708247909, 39.770307475337006 ], [ -104.973357069825397, 39.769194517050124 ], [ -104.973353200749202, 39.768170525094547 ], [ -104.973347916457513, 39.767926860843623 ], [ -104.973356080185326, 39.767195290893092 ], [ -104.973358572837739, 39.766981858955049 ], [ -104.973362189346659, 39.766500428204743 ], [ -104.973338773942871, 39.766065888635438 ], [ -104.973332373719373, 39.765852417721156 ], [ -104.973329419774487, 39.765772106279563 ], [ -104.973338516509301, 39.765153093819791 ], [ -104.973350391730435, 39.764519338883808 ], [ -104.973345569127332, 39.764214251615932 ], [ -104.973340674428698, 39.763800383835758 ], [ -104.973346486985264, 39.763263371204957 ], [ -104.973354526482893, 39.762429881414384 ], [ -104.973350234978668, 39.762054107194771 ], [ -104.973353137296115, 39.761786114982414 ], [ -104.97336052302856, 39.761158171903567 ], [ -104.973351910581925, 39.760765563555083 ], [ -104.973347330517782, 39.760428220325501 ], [ -104.973334629239545, 39.759514681593089 ], [ -104.973359264248657, 39.758247515117702 ], [ -104.973364911252929, 39.757732462607137 ], [ -104.973373143209642, 39.756991624063104 ], [ -104.973371485925099, 39.756383543350644 ], [ -104.973370931747141, 39.755746984579098 ], [ -104.973377684119384, 39.755321501193578 ], [ -104.973371202294132, 39.755119009151962 ], [ -104.973370787336293, 39.754937477669621 ], [ -104.97336921518918, 39.754554850540046 ], [ -104.973374699337171, 39.753232691010567 ], [ -104.97337337075696, 39.751988740049441 ], [ -104.973367707311482, 39.750730356533325 ], [ -104.973369067920771, 39.749483672095387 ], [ -104.973366782041367, 39.748367369542187 ], [ -104.973344353163412, 39.74812557672341 ], [ -104.973345075106067, 39.747535555080155 ], [ -104.973348963594816, 39.746970553822948 ], [ -104.973375897832739, 39.745949701278704 ], [ -104.973394919149598, 39.745093769001805 ], [ -104.973400371464649, 39.744841571758144 ], [ -104.973393184120241, 39.743785985158361 ], [ -104.97399078074865, 39.744238538348768 ], [ -104.974787291523356, 39.744841936139977 ], [ -104.976151782930785, 39.745914937474907 ], [ -104.976496686192291, 39.746186153345576 ], [ -104.977003317261449, 39.746562448232268 ], [ -104.97755416844636, 39.746970850793353 ], [ -104.978187647290412, 39.747507271508262 ], [ -104.978216063884247, 39.747511858544918 ], [ -104.978374147367717, 39.747535207703457 ], [ -104.978731549122372, 39.747536791304583 ], [ -104.979895326118637, 39.747541940328659 ], [ -104.981084845296309, 39.747552681864477 ], [ -104.981697406444141, 39.747555381269507 ], [ -104.982320636319301, 39.747558124416571 ], [ -104.982958111391355, 39.747558181593767 ], [ -104.983133874808487, 39.747558202505495 ], [ -104.983600031748196, 39.747558254823865 ], [ -104.983946724653165, 39.747565266105887 ], [ -104.984227679245308, 39.747564781981765 ], [ -104.984770345905659, 39.747554441526766 ], [ -104.984861665655018, 39.747555623978563 ], [ -104.984948800022025, 39.747552219822289 ], [ -104.985101082421266, 39.747554723566317 ], [ -104.985228641063657, 39.747562276231378 ], [ -104.985386384898263, 39.747572291700671 ], [ -104.98548976730531, 39.747583429324926 ], [ -104.985584144513552, 39.747603318976701 ], [ -104.985686007947137, 39.74753410334413 ], [ -104.986115442395004, 39.747533234044894 ], [ -104.987211846056766, 39.74752992664817 ], [ -104.987317442378128, 39.747427867479487 ], [ -104.987410294881045, 39.747364915822246 ], [ -104.987408487209734, 39.748220384366277 ], [ -104.987406936609972, 39.748919045577843 ], [ -104.987535753416836, 39.749054811197908 ], [ -104.988236882702182, 39.749593530486614 ], [ -104.988680748899128, 39.749932096338448 ], [ -104.989111355504178, 39.750260652259669 ], [ -104.989985691530151, 39.750948700143702 ], [ -104.990840774517636, 39.751596850965676 ], [ -104.991700841189527, 39.75229546172951 ], [ -104.992153709471097, 39.752623415036737 ], [ -104.992607464975052, 39.752952057580906 ], [ -104.993002449049726, 39.753293485088427 ], [ -104.993428368268312, 39.753661124213274 ], [ -104.99383769555368, 39.75398751076699 ], [ -104.994282390733261, 39.75434184433778 ], [ -104.994711315573639, 39.754664538127926 ], [ -104.99515793365444, 39.755000002053542 ], [ -104.996128969947861, 39.755735429630917 ], [ -104.997029239284942, 39.756476112664956 ], [ -104.997387548878805, 39.756770898912293 ], [ -104.998584692375857, 39.757755782848406 ], [ -104.999557659548231, 39.75848020742626 ], [ -104.999840794821637, 39.758678726018026 ], [ -105.000114393859192, 39.758843230149026 ], [ -105.000835568529965, 39.759216555980736 ], [ -105.00134066703599, 39.759464739085757 ], [ -105.001788215441991, 39.759678018655009 ], [ -105.001903626080761, 39.759767723787633 ], [ -105.003178887320971, 39.760412492049703 ], [ -105.003029867473202, 39.76051782216679 ], [ -105.002977997088195, 39.760559124892197 ], [ -105.002892205949621, 39.76061881470558 ], [ -105.002847581757578, 39.760641617613196 ], [ -105.002795885112576, 39.7606585569972 ], [ -105.002658723129542, 39.760689204628214 ], [ -105.002528733257236, 39.760711646695206 ], [ -105.002472589192635, 39.760728567140987 ], [ -105.002280009966583, 39.760799129196911 ], [ -105.002146177784041, 39.76086170371056 ], [ -105.001986540704578, 39.760926571880482 ], [ -105.001867038060325, 39.760974794199512 ], [ -105.001736925475001, 39.761014392614797 ], [ -105.001630055921794, 39.761036588402348 ], [ -105.001492103492538, 39.761053161980541 ], [ -105.00136312382287, 39.761058449298901 ], [ -105.001218179511824, 39.761057835195885 ], [ -105.001040190930965, 39.761076983826136 ], [ -105.000858502371031, 39.761116362632713 ], [ -105.000472589552245, 39.761237574969229 ], [ -105.000033925540322, 39.761398712006475 ], [ -104.999821652855942, 39.761486687286684 ], [ -104.999606634730171, 39.761585631465756 ], [ -104.999461176177647, 39.761656732369097 ], [ -104.99934247892763, 39.761716279657179 ], [ -104.999208502659087, 39.76179841093785 ], [ -104.999052231356714, 39.76188936830728 ], [ -104.99898171545469, 39.7619261289001 ], [ -104.998836319216807, 39.761988650424236 ], [ -104.998762307467501, 39.76201681713232 ], [ -104.998717533228145, 39.762030095963894 ], [ -104.998676756317991, 39.762042189410394 ], [ -104.998568974067638, 39.762067466926645 ], [ -104.998450562567456, 39.762086865423989 ], [ -104.998324145368059, 39.762106572837411 ], [ -104.998256617667465, 39.762126038482442 ], [ -104.9981387949382, 39.762160001186679 ], [ -104.997919610029669, 39.762219119463303 ], [ -104.997823306295857, 39.762255769363755 ], [ -104.997715216118181, 39.762323939127668 ], [ -104.997618786734492, 39.762378089215623 ], [ -104.997495722920419, 39.762425948740251 ], [ -104.997351377228753, 39.762465481546805 ], [ -104.997280114482649, 39.762482334955415 ], [ -104.997146624104317, 39.762496177267089 ], [ -104.99705659923579, 39.762498517174542 ], [ -104.99696517717598, 39.762500892473049 ], [ -104.99678718247452, 39.762520377811185 ], [ -104.996609066950214, 39.7625566769456 ], [ -104.996397779232609, 39.762630237760419 ], [ -104.996219458570991, 39.762695018170838 ], [ -104.996000033570851, 39.762787073799814 ], [ -104.995680694559852, 39.762922967950139 ], [ -104.995516536349626, 39.762996729092258 ], [ -104.995430817370931, 39.76304508965729 ], [ -104.99533435805445, 39.763103013344939 ], [ -104.995185110162012, 39.763205319785492 ], [ -104.994682564885338, 39.763589213414818 ], [ -104.994197449045828, 39.764021907713456 ], [ -104.99406313053089, 39.764150013454206 ], [ -104.993940494703324, 39.764261011534551 ], [ -104.993809937977787, 39.764360651322932 ], [ -104.993638309646926, 39.764482762497195 ], [ -104.993392355118644, 39.764676273761538 ], [ -104.993209786086268, 39.764835397904342 ], [ -104.993097944253719, 39.764929284735224 ], [ -104.99296744712791, 39.765020344969201 ], [ -104.99282629947902, 39.765108270779457 ], [ -104.992539576429508, 39.765281700719356 ], [ -104.992402119003685, 39.765351112484993 ], [ -104.992153139105213, 39.765470142664249 ], [ -104.99198181715316, 39.765549358413551 ], [ -104.991796304863911, 39.7656230221803 ], [ -104.991662581008484, 39.765668084332688 ], [ -104.991387169014473, 39.765752684200827 ], [ -104.990986270779061, 39.76584977984902 ], [ -104.990860654241885, 39.765880463661276 ], [ -104.99073778522795, 39.765900178284312 ], [ -104.990630107701634, 39.765909663882319 ], [ -104.989628823659785, 39.766019597413695 ], [ -104.989424987383202, 39.766044450071028 ], [ -104.989113235250656, 39.766111728379244 ], [ -104.988861041472802, 39.766182353776216 ], [ -104.98872737722543, 39.766218833995865 ], [ -104.987643672959152, 39.766522124500021 ], [ -104.987550172516222, 39.766548290811329 ], [ -104.98656271345061, 39.766832924971425 ], [ -104.985452019938378, 39.767185299981136 ], [ -104.985340613722073, 39.76721775579265 ], [ -104.984615190008, 39.767543323933282 ], [ -104.984448131951069, 39.767645539624418 ], [ -104.984365810518483, 39.767713809935934 ], [ -104.984217024708343, 39.767870665965049 ], [ -104.984115671128194, 39.767987237464475 ], [ -104.984033010546725, 39.768101489626247 ], [ -104.983897824428183, 39.768343850252897 ], [ -104.983762720754186, 39.768574887879041 ], [ -104.983549252713715, 39.768940097114793 ], [ -104.983421451028747, 39.769145429779329 ], [ -104.983329743408802, 39.769282061113017 ], [ -104.983272178137042, 39.769367825756312 ], [ -104.983170694332557, 39.76950155352732 ], [ -104.982845820039685, 39.769897843313771 ], [ -104.982426729876522, 39.770406272500054 ], [ -104.982232051254044, 39.770634300161888 ], [ -104.981724195674914, 39.771238420315356 ], [ -104.98159318735722, 39.771395007987088 ], [ -104.981263787611596, 39.771799508967717 ], [ -104.981106665559466, 39.771999219292276 ], [ -104.980493558755825, 39.772761406104102 ], [ -104.980388443631767, 39.772903695070589 ], [ -104.980186338688171, 39.773171835401584 ], [ -104.980118880641413, 39.773273111028878 ], [ -104.979961774935305, 39.773469731432435 ], [ -104.97985667804555, 39.773609273846127 ], [ -104.979782168825878, 39.773701939273515 ], [ -104.979688781016733, 39.773821631256673 ], [ -104.979614261160037, 39.773915669139917 ], [ -104.979438475345901, 39.7741122053393 ], [ -104.979251188955516, 39.774300112458263 ], [ -104.97917678528691, 39.774378364601212 ], [ -104.979076428257414, 39.774478122339183 ], [ -104.978949091934211, 39.774617565499788 ], [ -104.97886296466001, 39.774717385125385 ], [ -104.978735521467513, 39.774871240921641 ], [ -104.978619683373452, 39.775019313457278 ], [ -104.978533460687459, 39.775131829087563 ], [ -104.978424651089995, 39.775312342991285 ], [ -104.97831241551215, 39.775194333212447 ], [ -104.978056093435995, 39.774977353583544 ], [ -104.977190319152584, 39.774309165914637 ], [ -104.976310357988922, 39.773637476093391 ], [ -104.975869941021401, 39.773301283527729 ], [ -104.975435724275201, 39.772969235626256 ], [ -104.974995290001473, 39.77263647112818 ], [ -104.974560162693379, 39.772308189609291 ], [ -104.97369014443079, 39.771621769125225 ], [ -104.97282003599922, 39.770949753127965 ], [ -104.972376847729976, 39.770631721766641 ], [ -104.971925708247909, 39.770307475337006 ] ] ] ] } },
{ "type": "Feature", "properties": { "fid": 74, "OBJECTID": 74, "NBHD_ID": 60, "NBHD_NAME": "Central Park", "TYPOLOGY": null, "NOTES": "Central Park", "GLOBALID": "{BEBDCEFD-1837-496A-9364-58A94A1375DF}", "Shape__Area": 250484439.42919901, "Shape__Length": 95835.694898372603, "Shape_Length": 95835.695745801946, "Shape_Area": 250484440.07167962 }, "geometry": { "type": "MultiPolygon", "coordinates": [ [ [ [ -104.866045218428098, 39.798417138239472 ], [ -104.866050837147824, 39.798393771024053 ], [ -104.866067603220969, 39.798263799022024 ], [ -104.866056496665024, 39.796947202529793 ], [ -104.866009456983278, 39.794517088405009 ], [ -104.866001558815839, 39.792688848649263 ], [ -104.865995142239001, 39.791204449704914 ], [ -104.86599133589101, 39.790323175124286 ], [ -104.865988523090692, 39.790144211808574 ], [ -104.86595424012674, 39.786754251125991 ], [ -104.865929549108571, 39.784312764230236 ], [ -104.865910626434811, 39.782441761688851 ], [ -104.86591411874825, 39.782284644210641 ], [ -104.865907548804756, 39.78060304391483 ], [ -104.865900766376214, 39.778867415539722 ], [ -104.865900348542297, 39.778692437195765 ], [ -104.865904824993223, 39.777087765531164 ], [ -104.865902488354877, 39.776918055572388 ], [ -104.865897862446886, 39.775945133781605 ], [ -104.865897408595231, 39.77584975375688 ], [ -104.865822187728199, 39.775846824014728 ], [ -104.862906987966511, 39.775586466876092 ], [ -104.861550493390524, 39.775474371275315 ], [ -104.859796707943616, 39.775329421589319 ], [ -104.856600159207417, 39.775054029766522 ], [ -104.85375497678038, 39.774807165367569 ], [ -104.851890139106743, 39.774636208847163 ], [ -104.851071202626144, 39.77456112546809 ], [ -104.848064800793651, 39.774299890160684 ], [ -104.847045521083203, 39.774211144375151 ], [ -104.845064182499669, 39.774038612808724 ], [ -104.841951312636724, 39.773771117524667 ], [ -104.840802263704347, 39.773672354847207 ], [ -104.837617348919849, 39.773400957494438 ], [ -104.834472848362253, 39.773125256553406 ], [ -104.833834217894719, 39.77306967922874 ], [ -104.831575991818127, 39.772873117249169 ], [ -104.830399029331303, 39.772772772157417 ], [ -104.828173395528438, 39.772582986147228 ], [ -104.82817376888832, 39.772485204585983 ], [ -104.828183358001482, 39.769164514273541 ], [ -104.832879097286451, 39.769179207868291 ], [ -104.83287897646693, 39.766575319553965 ], [ -104.83289181743794, 39.766375105919309 ], [ -104.833802811870626, 39.766599939433277 ], [ -104.834742233292246, 39.766795286103523 ], [ -104.835718947130573, 39.766960549503636 ], [ -104.836707964511817, 39.767089799264951 ], [ -104.837671432892009, 39.767179730999644 ], [ -104.856413816012918, 39.768575866629682 ], [ -104.856407922412259, 39.767667838242026 ], [ -104.856372697647259, 39.7620113651518 ], [ -104.856347794520431, 39.758136962610301 ], [ -104.855534028622415, 39.757807639353651 ], [ -104.85502577554189, 39.757932725671147 ], [ -104.854877912962422, 39.757848163893151 ], [ -104.854361241029252, 39.758068810984597 ], [ -104.853498659615425, 39.757626210200897 ], [ -104.853032716561202, 39.757488024803884 ], [ -104.852054193474473, 39.757323096663619 ], [ -104.850796352348283, 39.756749353431523 ], [ -104.84821766638153, 39.756425865978393 ], [ -104.848011756591362, 39.755455799922487 ], [ -104.847726389152101, 39.755245968866539 ], [ -104.846879038211611, 39.755244384399376 ], [ -104.846873662104045, 39.754730384797519 ], [ -104.879944389956975, 39.754750850327305 ], [ -104.879950758135891, 39.747458951386754 ], [ -104.884667368745184, 39.747461745288852 ], [ -104.884674071657997, 39.747474940178371 ], [ -104.88583672983566, 39.747472834439186 ], [ -104.887011436933989, 39.747472097669828 ], [ -104.888184532766132, 39.747471338997173 ], [ -104.889340356781631, 39.747470822168978 ], [ -104.890515363182189, 39.747470509523581 ], [ -104.891691136505301, 39.747468530058391 ], [ -104.892856746231999, 39.74746717453192 ], [ -104.894025032847381, 39.747464553988216 ], [ -104.896385648483786, 39.74745711910483 ], [ -104.897570554504554, 39.747451063877719 ], [ -104.898777370382646, 39.747449056334425 ], [ -104.898759597031514, 39.749832205791222 ], [ -104.898744938355222, 39.751023207135205 ], [ -104.899900077625134, 39.751027077186706 ], [ -104.901072965366254, 39.751024027953626 ], [ -104.902247228294868, 39.751025122540462 ], [ -104.903437574054564, 39.751023027380612 ], [ -104.903434642608872, 39.752219467569631 ], [ -104.903433633057659, 39.753414382215176 ], [ -104.903413314438012, 39.754737154912043 ], [ -104.903403724253536, 39.758021900525499 ], [ -104.903468934000571, 39.758416508998103 ], [ -104.903471857070613, 39.760226120019979 ], [ -104.903466514006027, 39.761430601319574 ], [ -104.903449416682918, 39.761990267635731 ], [ -104.903438997674328, 39.763842387976261 ], [ -104.903459258749194, 39.765650037761432 ], [ -104.903457091628312, 39.766732890550898 ], [ -104.903462076424958, 39.767467098212094 ], [ -104.903468280706761, 39.768053614203247 ], [ -104.903526907906368, 39.768198320565837 ], [ -104.90352329643494, 39.768482041034588 ], [ -104.903505184270557, 39.769283732006876 ], [ -104.90350316159487, 39.771108087897417 ], [ -104.903502025771957, 39.771775709145409 ], [ -104.903507516417676, 39.772739857412759 ], [ -104.903509949463825, 39.773318923493122 ], [ -104.903515823397029, 39.773441769584487 ], [ -104.903521608841729, 39.77357529176885 ], [ -104.9035411198589, 39.773722233221733 ], [ -104.903550746368779, 39.773810388270036 ], [ -104.903566823055542, 39.773954642718955 ], [ -104.903629244499797, 39.774344762708331 ], [ -104.903652234696054, 39.774489052135479 ], [ -104.903664963438374, 39.774619939841941 ], [ -104.903667399759016, 39.774740097964504 ], [ -104.903670104994717, 39.7748267254997 ], [ -104.903593954231539, 39.77523899249821 ], [ -104.903596773456627, 39.776533897725869 ], [ -104.90357541205347, 39.777317551030826 ], [ -104.903506842442539, 39.777399722058973 ], [ -104.903570569433853, 39.777447414697129 ], [ -104.903578497967573, 39.778191610094034 ], [ -104.903578051327059, 39.778244101514055 ], [ -104.903577438069817, 39.778316174430472 ], [ -104.903578838604233, 39.778437610592796 ], [ -104.903579518176286, 39.778496302512636 ], [ -104.903581491929231, 39.778666569522791 ], [ -104.903559702072656, 39.779160402921654 ], [ -104.903549268956269, 39.779290961413579 ], [ -104.903541352021918, 39.779342154032236 ], [ -104.903552102775265, 39.781473685492763 ], [ -104.903544609260791, 39.782842349606774 ], [ -104.903520612933249, 39.783829835643658 ], [ -104.903543951626006, 39.791122325917563 ], [ -104.903564750504458, 39.798400027373226 ], [ -104.901429391324996, 39.798398802164805 ], [ -104.901427260572049, 39.800210638115864 ], [ -104.899078304707018, 39.800209314257266 ], [ -104.899080496193704, 39.798397478348342 ], [ -104.894175398065016, 39.798394653416182 ], [ -104.884637451765641, 39.798389470353214 ], [ -104.88445950360213, 39.798389569893757 ], [ -104.884437331861179, 39.805673902988524 ], [ -104.884415465608214, 39.812821643131137 ], [ -104.875342579240652, 39.812836677236476 ], [ -104.866270568467996, 39.812852046734214 ], [ -104.866246246533166, 39.805703022259578 ], [ -104.866223167851771, 39.798417066527783 ], [ -104.866045218428098, 39.798417138239472 ] ] ] ] } },
{ "type": "Feature", "properties": { "fid": 75, "OBJECTID": 75, "NBHD_ID": 45, "NBHD_NAME": "Montbello", "TYPOLOGY": "NEST", "NOTES": "Montbello", "GLOBALID": "{22DF7C9B-2314-4127-A019-6DA7C0159251}", "Shape__Area": 141118731.90771499, "Shape__Length": 49232.508994416698, "Shape_Length": 49232.508822912401, "Shape_Area": 141118731.2269229 }, "geometry": { "type": "MultiPolygon", "coordinates": [ [ [ [ -104.809907957978339, 39.772838010348053 ], [ -104.819263928727281, 39.772820074731001 ], [ -104.828172587871322, 39.772794041437699 ], [ -104.828173395528438, 39.772582986147228 ], [ -104.830399029331303, 39.772772772157417 ], [ -104.831575991818127, 39.772873117249169 ], [ -104.833834217894719, 39.77306967922874 ], [ -104.834472848362253, 39.773125256553406 ], [ -104.837617348919849, 39.773400957494438 ], [ -104.840802263704347, 39.773672354847207 ], [ -104.841951312636724, 39.773771117524667 ], [ -104.845064182499669, 39.774038612808724 ], [ -104.847045521083203, 39.774211144375151 ], [ -104.848064800793651, 39.774299890160684 ], [ -104.851071202626144, 39.77456112546809 ], [ -104.851890139106743, 39.774636208847163 ], [ -104.85375497678038, 39.774807165367569 ], [ -104.856600159207417, 39.775054029766522 ], [ -104.859796707943616, 39.775329421589319 ], [ -104.861550493390524, 39.775474371275315 ], [ -104.862906987966511, 39.775586466876092 ], [ -104.865822187728199, 39.775846824014728 ], [ -104.865897408595231, 39.77584975375688 ], [ -104.865897862446886, 39.775945133781605 ], [ -104.865902488354877, 39.776918055572388 ], [ -104.865904824993223, 39.777087765531164 ], [ -104.865900348542297, 39.778692437195765 ], [ -104.865900766376214, 39.778867415539722 ], [ -104.865907548804756, 39.78060304391483 ], [ -104.86591411874825, 39.782284644210641 ], [ -104.865910626434811, 39.782441761688851 ], [ -104.865929549108571, 39.784312764230236 ], [ -104.86595424012674, 39.786754251125991 ], [ -104.865988523090692, 39.790144211808574 ], [ -104.86599133589101, 39.790323175124286 ], [ -104.865995142239001, 39.791204449704914 ], [ -104.866001558815839, 39.792688848649263 ], [ -104.866009456983278, 39.794517088405009 ], [ -104.866056496665024, 39.796947202529793 ], [ -104.866067603220969, 39.798263799022024 ], [ -104.866050837147824, 39.798393771024053 ], [ -104.866045218428098, 39.798417138239472 ], [ -104.856624049673144, 39.798385608016517 ], [ -104.84720289268553, 39.79835298192792 ], [ -104.837654014965977, 39.798278047714369 ], [ -104.828104273505616, 39.798201647044365 ], [ -104.819177852528895, 39.798258133336212 ], [ -104.809642037843204, 39.798313273618447 ], [ -104.809700903900193, 39.796991008223976 ], [ -104.809719860557166, 39.796742760754121 ], [ -104.809731883633603, 39.794797828450193 ], [ -104.809762696527201, 39.7904376443554 ], [ -104.809763865533583, 39.79027118013672 ], [ -104.809779748637212, 39.78787491275645 ], [ -104.809807329242147, 39.783761967309346 ], [ -104.809858982619929, 39.780352071987771 ], [ -104.809886758505272, 39.778478654224109 ], [ -104.809912135386853, 39.7767669527476 ], [ -104.809914587038634, 39.776601633636425 ], [ -104.809907895531438, 39.775055368385075 ], [ -104.809889284384241, 39.773194815843354 ], [ -104.809907957978339, 39.772838010348053 ] ] ] ] } },
{ "type": "Feature", "properties": { "fid": 76, "OBJECTID": 76, "NBHD_ID": 42, "NBHD_NAME": "Lowry Field", "TYPOLOGY": null, "NOTES": "Lowry Field", "GLOBALID": "{7D2C00C4-3113-4A39-A32F-086A838A1034}", "Shape__Area": 71897804.090820298, "Shape__Length": 41607.224907062497, "Shape_Length": 41607.22490706246, "Shape_Area": 71897804.087885499 }, "geometry": { "type": "MultiPolygon", "coordinates": [ [ [ [ -104.884710187303753, 39.732853611324181 ], [ -104.884722921651374, 39.730573946076618 ], [ -104.884790231176964, 39.730463834308807 ], [ -104.884865496690068, 39.730356839038109 ], [ -104.88494847838291, 39.730253300356196 ], [ -104.885038909687722, 39.730153551008385 ], [ -104.885136500840062, 39.730057909207439 ], [ -104.885240941187845, 39.729966681347456 ], [ -104.885351894541714, 39.729880160178745 ], [ -104.885469007371782, 39.729798621248186 ], [ -104.885591904110441, 39.729722326477571 ], [ -104.886417993552413, 39.729238534927966 ], [ -104.886475472788845, 39.729197762478542 ], [ -104.886531105701565, 39.729155490638327 ], [ -104.885042796234472, 39.728149651032524 ], [ -104.88493527278159, 39.728072756653496 ], [ -104.884833508523357, 39.727991324002268 ], [ -104.884737824334266, 39.727905607864606 ], [ -104.88251825492884, 39.725596115972643 ], [ -104.88200719623633, 39.725063510053296 ], [ -104.881833578994744, 39.725162671562522 ], [ -104.881691210559694, 39.725240148162165 ], [ -104.881544389272904, 39.725312501485405 ], [ -104.881393426763751, 39.725379579136863 ], [ -104.88123863690339, 39.725441239542292 ], [ -104.881080349785037, 39.725497353823599 ], [ -104.88091889424409, 39.725547803905798 ], [ -104.880754614186827, 39.72559248260287 ], [ -104.880556240675645, 39.725592104786422 ], [ -104.880556238822564, 39.725592314636998 ], [ -104.875342751655992, 39.725582053547825 ], [ -104.875353952873283, 39.719233591421251 ], [ -104.87523664258579, 39.719233311608441 ], [ -104.875232016354673, 39.719154016373807 ], [ -104.875218500186634, 39.719075017084194 ], [ -104.875196973631489, 39.718997347897179 ], [ -104.875165653227867, 39.718921685661513 ], [ -104.875126316377248, 39.718848039810894 ], [ -104.875078950882937, 39.718777782024176 ], [ -104.875023559803068, 39.718710570946442 ], [ -104.874961022673588, 39.718647439828445 ], [ -104.874891335278988, 39.718588731799734 ], [ -104.874815382523067, 39.718535137877083 ], [ -104.874734051918921, 39.718486662766153 ], [ -104.874647337342424, 39.718443992749826 ], [ -104.874556127462526, 39.718407132541401 ], [ -104.874460416152388, 39.718376767523878 ], [ -104.87436287130889, 39.718352570513922 ], [ -104.874261708707451, 39.718335560605304 ], [ -104.874159599314353, 39.718325065672722 ], [ -104.874057428719425, 39.718321433589459 ], [ -104.870653629226851, 39.718320087415641 ], [ -104.870676084983572, 39.711061250846363 ], [ -104.870674739836275, 39.710220490396438 ], [ -104.87067521040305, 39.710039699375947 ], [ -104.875383440693128, 39.708904489714321 ], [ -104.878989559063697, 39.708049873342837 ], [ -104.883140177283721, 39.707063431868981 ], [ -104.883623252366363, 39.706962838643143 ], [ -104.883819525182147, 39.706936029331182 ], [ -104.884119505498646, 39.706918434674215 ], [ -104.884435845212778, 39.706921687667617 ], [ -104.884740892102187, 39.706943053133216 ], [ -104.884948939114679, 39.706972862593339 ], [ -104.885160705935405, 39.707013614742948 ], [ -104.885381788137892, 39.707070582640135 ], [ -104.885565607977369, 39.707126964560864 ], [ -104.885831825931803, 39.70722543266821 ], [ -104.886019601220923, 39.707311355658447 ], [ -104.886250983530246, 39.707441191340422 ], [ -104.886519794524872, 39.707602771278317 ], [ -104.886825784373926, 39.707796865798549 ], [ -104.88731984381684, 39.708099609998087 ], [ -104.887569663669382, 39.708255288080302 ], [ -104.888685802849096, 39.708950811835429 ], [ -104.889301227109954, 39.709334302043928 ], [ -104.889857133229114, 39.709677371475557 ], [ -104.891004611820364, 39.710385502584224 ], [ -104.891595273967383, 39.710757453092356 ], [ -104.891870341628518, 39.710925120804994 ], [ -104.892136414650921, 39.711042988053229 ], [ -104.892380787269474, 39.711126766691685 ], [ -104.892568998828835, 39.711161724622563 ], [ -104.892919868232326, 39.711199665531808 ], [ -104.901719263620578, 39.71121489365003 ], [ -104.903369517652706, 39.711217676429321 ], [ -104.90350466750975, 39.711288869791524 ], [ -104.903654324462721, 39.7112389674759 ], [ -104.90445601485672, 39.711219417704108 ], [ -104.90648353412243, 39.71120344323424 ], [ -104.908696619065864, 39.711214074347993 ], [ -104.909699059429087, 39.711206317874385 ], [ -104.910246792933137, 39.711208434079914 ], [ -104.910107465081722, 39.711390238760444 ], [ -104.909987505744212, 39.711546242867854 ], [ -104.90910654911815, 39.712668852753282 ], [ -104.908775077720605, 39.713091227587014 ], [ -104.907697457877006, 39.714464321259484 ], [ -104.907470415430566, 39.714753612413034 ], [ -104.907464433559497, 39.714761234540276 ], [ -104.9074419054526, 39.714789939524181 ], [ -104.910156655520723, 39.714807499166277 ], [ -104.91270914688252, 39.714801720246712 ], [ -104.912707431806439, 39.716257301880042 ], [ -104.91270504086755, 39.718286669181886 ], [ -104.91279128813845, 39.718370326037025 ], [ -104.911653446739678, 39.718368947742604 ], [ -104.910701620056855, 39.718369446973966 ], [ -104.909739108523766, 39.718369012123425 ], [ -104.908787134316313, 39.718372468296614 ], [ -104.90839275138805, 39.718376614713272 ], [ -104.908366090914143, 39.71837648062948 ], [ -104.908339430440392, 39.718376346539642 ], [ -104.908286106598922, 39.718376421489623 ], [ -104.908232782757366, 39.718376496415424 ], [ -104.908179457749441, 39.71837657131114 ], [ -104.908176907489789, 39.718468182818199 ], [ -104.908175503537123, 39.718634609468772 ], [ -104.908174970889419, 39.718803100367147 ], [ -104.90816785944638, 39.720067482146185 ], [ -104.908158303280103, 39.721516404621575 ], [ -104.908156841322878, 39.721689694035419 ], [ -104.90815611464339, 39.721881175618186 ], [ -104.908154997177689, 39.722013630480348 ], [ -104.907954134680466, 39.722013649265136 ], [ -104.906875160897528, 39.722014734286624 ], [ -104.906670744649375, 39.722014732962684 ], [ -104.906531597547854, 39.722014911954886 ], [ -104.906017493244306, 39.722015554374138 ], [ -104.905799782678613, 39.722011024207156 ], [ -104.904782720009862, 39.722008844116083 ], [ -104.903744711817282, 39.722002137504631 ], [ -104.903546618998504, 39.722002065527569 ], [ -104.903544029190513, 39.722391580850449 ], [ -104.903538920929918, 39.723281555643084 ], [ -104.903529992056718, 39.724837455182957 ], [ -104.903520695280818, 39.725046434003659 ], [ -104.90350383185995, 39.725261181169699 ], [ -104.903417522593614, 39.725648413409381 ], [ -104.903464714508914, 39.72670583771 ], [ -104.903469574045147, 39.72688728754266 ], [ -104.903474929340547, 39.727025256559195 ], [ -104.903470470927189, 39.728078159984292 ], [ -104.903474074545201, 39.728679853308854 ], [ -104.903477737536164, 39.729291443531672 ], [ -104.903478819153989, 39.729582475712775 ], [ -104.903478059514143, 39.729883310590481 ], [ -104.903477616689429, 39.730051972423055 ], [ -104.90347482901791, 39.730724188952706 ], [ -104.903473307247339, 39.731693744802385 ], [ -104.903468710839007, 39.732901506656532 ], [ -104.902049865368326, 39.732879045191737 ], [ -104.900986532567273, 39.732881803890038 ], [ -104.899902796255219, 39.732880398539997 ], [ -104.898773538862685, 39.732878751509631 ], [ -104.897769365486752, 39.732875553383316 ], [ -104.897598544184049, 39.732875007673513 ], [ -104.896880248523459, 39.732872714050508 ], [ -104.896523175348051, 39.732871572182418 ], [ -104.895991132790996, 39.732869868905659 ], [ -104.895209990391862, 39.73286736313451 ], [ -104.893379177717009, 39.732861470675125 ], [ -104.890605354849939, 39.732861504599697 ], [ -104.889432386076152, 39.73285700248077 ], [ -104.888236430157292, 39.73285964488359 ], [ -104.887057206305855, 39.732859821464224 ], [ -104.885878178980207, 39.732857791381726 ], [ -104.884718723651773, 39.732853657765361 ], [ -104.884710187303753, 39.732853611324181 ] ] ] ] } },
{ "type": "Feature", "properties": { "fid": 77, "OBJECTID": 77, "NBHD_ID": 69, "NBHD_NAME": "Virginia Village", "TYPOLOGY": null, "NOTES": "Virginia Village", "GLOBALID": "{E35BF818-70D3-427F-98D2-AD3A3FF079BD}", "Shape__Area": 54142362.470703103, "Shape__Length": 39769.996690997898, "Shape_Length": 39769.997467165311, "Shape_Area": 54142362.662238479 }, "geometry": { "type": "MultiPolygon", "coordinates": [ [ [ [ -104.935916063210115, 39.697849837466869 ], [ -104.935922185890291, 39.696590279309952 ], [ -104.934089930188648, 39.6965960918264 ], [ -104.934003664066623, 39.696596347675545 ], [ -104.934003668504957, 39.69659608649566 ], [ -104.931745184762605, 39.696603039258108 ], [ -104.928223325574294, 39.696611020055208 ], [ -104.92822325562733, 39.696641356898205 ], [ -104.92820476885116, 39.696641318350665 ], [ -104.928185607442799, 39.696641225180265 ], [ -104.928039336524307, 39.696643024985455 ], [ -104.927941775217434, 39.696650082039035 ], [ -104.927860401500794, 39.696664750275389 ], [ -104.9277041549676, 39.696694119117389 ], [ -104.927583724134209, 39.696716130488568 ], [ -104.927499121410264, 39.696728271622241 ], [ -104.927404827420062, 39.696732833902395 ], [ -104.927281287004533, 39.696737255477153 ], [ -104.926536994255201, 39.696738649665313 ], [ -104.925971453688604, 39.696740910921406 ], [ -104.925318161063146, 39.696742741559632 ], [ -104.924356119273469, 39.696743057635445 ], [ -104.924164326197328, 39.696747139115566 ], [ -104.92406351615908, 39.696754179748147 ], [ -104.923975680544658, 39.696763792281352 ], [ -104.923881307341375, 39.696778393192048 ], [ -104.923767471577506, 39.696811534029678 ], [ -104.923322197025172, 39.696831518315932 ], [ -104.923314667835839, 39.696826922979163 ], [ -104.923260751163681, 39.696793028434833 ], [ -104.923206879669323, 39.69675364345305 ], [ -104.923091753143794, 39.696708467323425 ], [ -104.923008447488655, 39.696683007596548 ], [ -104.922914414436946, 39.696665731119026 ], [ -104.922784983400788, 39.696631465756845 ], [ -104.922753243214444, 39.696623230728449 ], [ -104.922720265107344, 39.696614676172892 ], [ -104.922673374278574, 39.696590767618467 ], [ -104.922630051226264, 39.696565160738594 ], [ -104.922597476618051, 39.696528967613041 ], [ -104.922547252501218, 39.696478275797595 ], [ -104.922486342177194, 39.696430619962271 ], [ -104.922432632370786, 39.696371675025084 ], [ -104.922382198316342, 39.696346376290123 ], [ -104.922289216454885, 39.696309544084151 ], [ -104.922285820665593, 39.696308483496615 ], [ -104.922198826937915, 39.696281303658182 ], [ -104.921954051534186, 39.696228626015454 ], [ -104.921917836188172, 39.696203053805327 ], [ -104.921849612946488, 39.69618041270698 ], [ -104.921766285749754, 39.696157697301942 ], [ -104.921643824852623, 39.696140280014163 ], [ -104.921556874627839, 39.696126124858594 ], [ -104.921492182552697, 39.696106246238514 ], [ -104.921366536021466, 39.696044201573869 ], [ -104.921294032395309, 39.696001979598904 ], [ -104.921251711812118, 39.695962649644351 ], [ -104.921144107107253, 39.6958674065461 ], [ -104.921032975750734, 39.695769057498808 ], [ -104.920964119634874, 39.695715527933324 ], [ -104.920928997174656, 39.695665252927242 ], [ -104.920856771734464, 39.695589400091613 ], [ -104.920818257261161, 39.695519547949864 ], [ -104.920721040952799, 39.695457642596111 ], [ -104.920644890109259, 39.695426725779527 ], [ -104.920583752506616, 39.695406864162123 ], [ -104.920353209803338, 39.69535253745255 ], [ -104.920212392110187, 39.695298995865592 ], [ -104.920107862532646, 39.695262104973537 ], [ -104.920000780175286, 39.695211473901288 ], [ -104.919892790886166, 39.695163241310723 ], [ -104.919802589376502, 39.695112694229351 ], [ -104.919687768508552, 39.695031140745854 ], [ -104.919594084717446, 39.694971997193214 ], [ -104.919493362118317, 39.694904582858818 ], [ -104.919418334748954, 39.694845531258338 ], [ -104.919317565905644, 39.694783607179325 ], [ -104.919220212799402, 39.694738514063424 ], [ -104.919083910121699, 39.694676415178876 ], [ -104.918993641646921, 39.69463410218993 ], [ -104.918878449108902, 39.694597500669367 ], [ -104.91883515257075, 39.694569147171748 ], [ -104.918774222523012, 39.694524234583355 ], [ -104.918706314577065, 39.694463845044382 ], [ -104.918666590442086, 39.694433106986843 ], [ -104.918437323509096, 39.694225387122117 ], [ -104.918357922960951, 39.694158077234064 ], [ -104.918307656417426, 39.69411321713784 ], [ -104.918210650767023, 39.694026259650322 ], [ -104.918146078219834, 39.69399230998426 ], [ -104.918102732816664, 39.693969789771998 ], [ -104.918053168825139, 39.69394723876875 ], [ -104.917945017761213, 39.693918906225029 ], [ -104.917840374717983, 39.693896083390896 ], [ -104.917713639161889, 39.693859080399633 ], [ -104.917631158872354, 39.693841856860786 ], [ -104.917569956321913, 39.693830229295038 ], [ -104.917533691389082, 39.693810831524544 ], [ -104.917490417499124, 39.693779732310155 ], [ -104.91746943267168, 39.693739135775019 ], [ -104.917447756051857, 39.69367485561375 ], [ -104.917419977667663, 39.693596476347764 ], [ -104.917370081299353, 39.693507006202822 ], [ -104.917262720441812, 39.693383620190268 ], [ -104.917183277536168, 39.693321800812306 ], [ -104.917140842862139, 39.693296538528287 ], [ -104.91709396871731, 39.693271255122696 ], [ -104.917029302175308, 39.693248628813272 ], [ -104.916982426936841, 39.693223345357026 ], [ -104.916925031057289, 39.693181194621395 ], [ -104.916871086057611, 39.693151414916628 ], [ -104.916784303032927, 39.693117697507567 ], [ -104.916669163788782, 39.693075260240931 ], [ -104.9165681471992, 39.693043873317393 ], [ -104.916503572324089, 39.693010266783567 ], [ -104.916432125773639, 39.692948484761523 ], [ -104.916381882982648, 39.692900879509224 ], [ -104.916335265058777, 39.692844711293922 ], [ -104.916292083623702, 39.692802630793217 ], [ -104.916255963442396, 39.692766075973672 ], [ -104.916159457778051, 39.692726476019892 ], [ -104.916090397095573, 39.692698336724405 ], [ -104.916022200817494, 39.692672947002784 ], [ -104.915968174945576, 39.692653118266115 ], [ -104.915917724212875, 39.69263056194017 ], [ -104.915838963204621, 39.692593795180052 ], [ -104.915799194515628, 39.692568546545459 ], [ -104.915755933586681, 39.692536074074766 ], [ -104.915680957605659, 39.69247152962258 ], [ -104.915601654294164, 39.69239323610114 ], [ -104.915530140573253, 39.692339690045323 ], [ -104.915465661165399, 39.692294758045335 ], [ -104.915408081166404, 39.692274911378959 ], [ -104.915321022631574, 39.692274478539218 ], [ -104.915179820353671, 39.692268285723692 ], [ -104.915086637738355, 39.692256497796265 ], [ -104.915025455847385, 39.692242466836035 ], [ -104.914924417132909, 39.692213824595107 ], [ -104.914823366526704, 39.692186898034301 ], [ -104.914743762857853, 39.69214463569017 ], [ -104.914625190397899, 39.692088108624738 ], [ -104.914535839175258, 39.692043053189821 ], [ -104.914419906324881, 39.691989628445278 ], [ -104.914344746036946, 39.69194738705248 ], [ -104.914269657428392, 39.69189656773306 ], [ -104.914175910779548, 39.691845998577406 ], [ -104.914097242068678, 39.691798249797756 ], [ -104.913989425406157, 39.691730452111905 ], [ -104.913939162227763, 39.691685590104115 ], [ -104.913870335589394, 39.691629654249773 ], [ -104.913816519192537, 39.691584773575151 ], [ -104.913798952943836, 39.691560665323756 ], [ -104.913777887809132, 39.691530017680961 ], [ -104.913709319443839, 39.691443198122442 ], [ -104.913648653408529, 39.691367399221271 ], [ -104.913601872391482, 39.691331133562315 ], [ -104.9135090640671, 39.691274734724523 ], [ -104.913476336018874, 39.69125775637319 ], [ -104.913418757433206, 39.691237908725505 ], [ -104.91332143597549, 39.691190066360804 ], [ -104.913278139749863, 39.691162053928515 ], [ -104.913220724829088, 39.691122646563919 ], [ -104.913156179162968, 39.691085948006865 ], [ -104.913055469490558, 39.691018528071837 ], [ -104.912899217494015, 39.690937797658812 ], [ -104.912728185104612, 39.69084942916276 ], [ -104.912681091906379, 39.690850566615772 ], [ -104.91259857160162, 39.690838829954465 ], [ -104.912526780267186, 39.690818910864103 ], [ -104.912425811862548, 39.690782373989272 ], [ -104.912360332614355, 39.690751161872583 ], [ -104.912299316366841, 39.690717569865733 ], [ -104.91223846685449, 39.690664075054698 ], [ -104.912181075916976, 39.690621921965509 ], [ -104.912113025087095, 39.690579714652024 ], [ -104.91202281207309, 39.690531906731621 ], [ -104.911944077295914, 39.690492392119658 ], [ -104.91181746602625, 39.6904416566789 ], [ -104.911709512710672, 39.690390671282444 ], [ -104.911641462381041, 39.690348464593242 ], [ -104.911555573661914, 39.690314747736991 ], [ -104.911475929210766, 39.690277973579057 ], [ -104.911436151892943, 39.690254096053458 ], [ -104.911393959457442, 39.690200693274996 ], [ -104.911358075120177, 39.69013634165735 ], [ -104.911329252558033, 39.690077516031849 ], [ -104.911304682861768, 39.690041360626786 ], [ -104.911280977321283, 39.690007954868292 ], [ -104.91118978687652, 39.689970779536253 ], [ -104.911146374212933, 39.689956835510593 ], [ -104.911102895343646, 39.689950783948902 ], [ -104.911001905891126, 39.689916991050694 ], [ -104.910937317571154, 39.689885782587588 ], [ -104.910869291238527, 39.689840830233521 ], [ -104.910779103068165, 39.689790276135973 ], [ -104.910707500599656, 39.689748051091776 ], [ -104.91064300361576, 39.689705860716352 ], [ -104.910566936665077, 39.689666358533778 ], [ -104.910495311392921, 39.6896268785692 ], [ -104.910423755382809, 39.689579162928439 ], [ -104.910362859278408, 39.689531500698109 ], [ -104.91025857702094, 39.689466805717544 ], [ -104.910201117878231, 39.689432887270783 ], [ -104.910161449340933, 39.689396312712788 ], [ -104.910125285077413, 39.689365589539307 ], [ -104.910104883053819, 39.689359374153618 ], [ -104.910078322623619, 39.689351284139661 ], [ -104.910049885004213, 39.689352514128124 ], [ -104.909996155701663, 39.689359344743245 ], [ -104.909984965886579, 39.689360767541267 ], [ -104.909912100962231, 39.689363147224576 ], [ -104.909899388439669, 39.689359318510839 ], [ -104.909836781723271, 39.689340463438988 ], [ -104.909786358427624, 39.689315159245417 ], [ -104.909739560572888, 39.689281294083223 ], [ -104.9096927385161, 39.689250173206332 ], [ -104.909671772271452, 39.689208201714699 ], [ -104.909639513709152, 39.689135631762113 ], [ -104.9096328517183, 39.689082750770986 ], [ -104.909615743606366, 39.689004423054811 ], [ -104.909605554384868, 39.688948435856503 ], [ -104.909569765868085, 39.688873102825895 ], [ -104.909523296357548, 39.688800118306496 ], [ -104.909455319352389, 39.688749673799876 ], [ -104.909419015968169, 39.688735421664042 ], [ -104.909343532957053, 39.688732297187983 ], [ -104.909231675573892, 39.688723499260774 ], [ -104.909137705687954, 39.688700378144986 ], [ -104.909058061446345, 39.688663945479959 ], [ -104.908972389861603, 39.688604833512166 ], [ -104.908918697393631, 39.688545882240689 ], [ -104.90889321571936, 39.688512467046493 ], [ -104.908865214830257, 39.688461880883352 ], [ -104.908832627951327, 39.688428429954044 ], [ -104.908771664559112, 39.68838900161419 ], [ -104.90874691060003, 39.688374807339436 ], [ -104.90866362120633, 39.688349337382164 ], [ -104.908623858669316, 39.688324086289093 ], [ -104.908559414562205, 39.68827606208162 ], [ -104.90849833287939, 39.688250703707979 ], [ -104.908458524183843, 39.68823094298132 ], [ -104.908404595258475, 39.688200129886489 ], [ -104.908343631131686, 39.688160702216322 ], [ -104.908275443230835, 39.688135307967471 ], [ -104.908224998217847, 39.688112748305258 ], [ -104.908113613651366, 39.688048015624553 ], [ -104.908049074641298, 39.688011315131057 ], [ -104.907944631789562, 39.687966176796934 ], [ -104.907840189056969, 39.687921040170593 ], [ -104.907764989592295, 39.687884284929552 ], [ -104.907681677969762, 39.687861559484155 ], [ -104.907641774153731, 39.687853122476952 ], [ -104.907552198194026, 39.687835856037431 ], [ -104.907425267513275, 39.687823891936894 ], [ -104.907335691644121, 39.687806625332236 ], [ -104.907252284618892, 39.687795223580601 ], [ -104.907194651502508, 39.68778223588464 ], [ -104.907104326586975, 39.687748493354277 ], [ -104.907050329051273, 39.687725915268501 ], [ -104.907007951852052, 39.687694816609699 ], [ -104.906971955109199, 39.687644532813557 ], [ -104.906939537684082, 39.687591178563771 ], [ -104.906904501827498, 39.687532320438187 ], [ -104.906868505249705, 39.687482035706843 ], [ -104.906821898530595, 39.687425864513905 ], [ -104.906786671438326, 39.687389654349424 ], [ -104.906746959427849, 39.687358569037485 ], [ -104.906663670800071, 39.687333097648626 ], [ -104.906527062848085, 39.687310102420376 ], [ -104.906443705877052, 39.687292866517446 ], [ -104.906364906482281, 39.687261926918616 ], [ -104.906300464896006, 39.687213901455138 ], [ -104.906214167487633, 39.687124242476635 ], [ -104.906153183464781, 39.687087558874062 ], [ -104.906085209367006, 39.687037113283566 ], [ -104.906002110125726, 39.686989336573305 ], [ -104.905894140210663, 39.686941433239362 ], [ -104.905822616203281, 39.686890627290389 ], [ -104.905725401837884, 39.686831453664126 ], [ -104.905664464816354, 39.686789279379468 ], [ -104.90560693860148, 39.686763937450635 ], [ -104.905491672951783, 39.686738303565498 ], [ -104.905480136916182, 39.686736872571466 ], [ -104.905426021499096, 39.686728362945523 ], [ -104.905339954128479, 39.68671660320603 ], [ -104.905246220832126, 39.686666026839404 ], [ -104.905195993048522, 39.686618071749983 ], [ -104.905171522524796, 39.6865705910119 ], [ -104.905156741673338, 39.686532767944783 ], [ -104.905128907133019, 39.686462964368353 ], [ -104.905075335874898, 39.68639028523414 ], [ -104.905021601832573, 39.686336822562801 ], [ -104.90495720448645, 39.68628364906774 ], [ -104.904910553542578, 39.68623296751916 ], [ -104.904863877645354, 39.686185374321497 ], [ -104.904810119483969, 39.686134655856023 ], [ -104.904727139755607, 39.686073152170735 ], [ -104.904702483466494, 39.686047633930315 ], [ -104.904580585895687, 39.68596637170927 ], [ -104.904504549700448, 39.685924120340118 ], [ -104.90446203205066, 39.685909835173987 ], [ -104.904375192887869, 39.685884344154672 ], [ -104.904303385656235, 39.685867165222149 ], [ -104.904259946026613, 39.685856993307844 ], [ -104.904227125457012, 39.685851336347874 ], [ -104.904180236467184, 39.685828792935858 ], [ -104.904126477317746, 39.685778418209644 ], [ -104.904098291588269, 39.685750135719474 ], [ -104.904065638324028, 39.68572491817595 ], [ -104.904026673950952, 39.685710651760388 ], [ -104.903957601723818, 39.685685250483345 ], [ -104.903907113239015, 39.685668178475062 ], [ -104.903864591778003, 39.685654237137989 ], [ -104.903828362247282, 39.685631747627056 ], [ -104.903788629230519, 39.685603405609335 ], [ -104.903760417472668, 39.685578211401328 ], [ -104.903720681590798, 39.685550213412441 ], [ -104.903659627352056, 39.685522107287731 ], [ -104.903591327077223, 39.685510436365306 ], [ -104.903523919744202, 39.685489580097588 ], [ -104.903516903192312, 39.684909170715528 ], [ -104.903524259254141, 39.684798441805164 ], [ -104.905112078441078, 39.685720318611267 ], [ -104.905191426933513, 39.685720722750247 ], [ -104.90518432480691, 39.683847037400014 ], [ -104.904613036133156, 39.683845822051701 ], [ -104.904607301439484, 39.68208391199115 ], [ -104.904601297415795, 39.680278477611253 ], [ -104.908104533517459, 39.680276262078436 ], [ -104.908103992992778, 39.679813669353926 ], [ -104.907579014018665, 39.679817546256466 ], [ -104.906991910677448, 39.679815272739177 ], [ -104.906994250977434, 39.678802252545829 ], [ -104.906267839459758, 39.678538307020439 ], [ -104.906125577090165, 39.678486614187719 ], [ -104.906262816003661, 39.67844936621325 ], [ -104.906304269089986, 39.678452863114344 ], [ -104.906423758168899, 39.678459239055996 ], [ -104.906588070535847, 39.678463560553482 ], [ -104.908211310719125, 39.67846279415248 ], [ -104.912821607060465, 39.678468730505045 ], [ -104.915971542286002, 39.678469835473066 ], [ -104.918801540245028, 39.67846277718855 ], [ -104.920990045027565, 39.678466733270547 ], [ -104.922276086868749, 39.678478207463755 ], [ -104.923434237377052, 39.678481362885051 ], [ -104.923909107422773, 39.67847729940727 ], [ -104.925206431878763, 39.678470264922979 ], [ -104.925447838610552, 39.678476503271433 ], [ -104.930896279893872, 39.678470836263202 ], [ -104.93162646303422, 39.678469906535696 ], [ -104.933039570879046, 39.678467464217398 ], [ -104.933295382988561, 39.678466638588908 ], [ -104.933709344677936, 39.678460054118084 ], [ -104.933896752335443, 39.678451609210413 ], [ -104.933986158576232, 39.678452214420354 ], [ -104.933986574139482, 39.678451995749597 ], [ -104.93398958191041, 39.678455411272054 ], [ -104.934116373690358, 39.678599435523267 ], [ -104.934233299423411, 39.678732253383544 ], [ -104.934592708903111, 39.679148317674496 ], [ -104.935236919541211, 39.679913394785189 ], [ -104.935589090351925, 39.680291501603236 ], [ -104.93593491975092, 39.680617297612763 ], [ -104.936215435508814, 39.680861744409533 ], [ -104.936669365761873, 39.681207661096039 ], [ -104.936905617346056, 39.681360841562665 ], [ -104.937175036114425, 39.681535525973395 ], [ -104.937785694977862, 39.681901596637992 ], [ -104.938247315693516, 39.682139006077328 ], [ -104.938774746923499, 39.682366037443863 ], [ -104.939074739456956, 39.682485069596822 ], [ -104.939478312466917, 39.682628650674005 ], [ -104.940251298644554, 39.682862190486745 ], [ -104.940430202735868, 39.682904940745118 ], [ -104.940697291672834, 39.682968760559419 ], [ -104.940696776477736, 39.683049656081145 ], [ -104.940697391410765, 39.683134724505102 ], [ -104.940698106606504, 39.683440259876448 ], [ -104.940698954472168, 39.684448484859331 ], [ -104.940718405412056, 39.684899007073895 ], [ -104.940702954691389, 39.685693400623926 ], [ -104.940661395427512, 39.687499615809486 ], [ -104.940638956258496, 39.689327848240595 ], [ -104.940657991670307, 39.69113622641401 ], [ -104.940639950811175, 39.692948275735439 ], [ -104.940642918106704, 39.694762874618505 ], [ -104.940642847787402, 39.694768917941104 ], [ -104.940563818842278, 39.694768973431934 ], [ -104.940564574973536, 39.695410686348126 ], [ -104.939520616092764, 39.695408738020149 ], [ -104.939520321080479, 39.695112240769241 ], [ -104.939520416026426, 39.694766331465111 ], [ -104.936269626742231, 39.694773439606294 ], [ -104.936279026467915, 39.696589514416132 ], [ -104.936434761727142, 39.696588915218243 ], [ -104.936429636635609, 39.697848515968232 ], [ -104.935916063210115, 39.697849837466869 ] ], [ [ -104.910929977463567, 39.682081101457577 ], [ -104.910929637358507, 39.679898897522037 ], [ -104.908212604423539, 39.67988971374956 ], [ -104.90821112331534, 39.680276112317024 ], [ -104.908210996831144, 39.682082202422251 ], [ -104.910929977463567, 39.682081101457577 ] ] ], [ [ [ -104.932899647952283, 39.698426013848348 ], [ -104.934081130854992, 39.698406151769348 ], [ -104.934071187935771, 39.699350653621266 ], [ -104.934066321982513, 39.7001742255637 ], [ -104.932891782547031, 39.700168909815595 ], [ -104.931730463313443, 39.700176688251204 ], [ -104.93173593375522, 39.698842833250566 ], [ -104.931737505253409, 39.698429327113502 ], [ -104.932306102487132, 39.698432073285346 ], [ -104.932899647952283, 39.698426013848348 ] ] ] ] } },
{ "type": "Feature", "properties": { "fid": 78, "OBJECTID": 78, "NBHD_ID": 72, "NBHD_NAME": "Washington Virginia Vale", "TYPOLOGY": null, "NOTES": "Washington Virginia Vale", "GLOBALID": "{64117DC8-7BA3-4181-9495-5FCB011A323F}", "Shape__Area": 50975868.127929702, "Shape__Length": 41247.615340700002, "Shape_Length": 41247.616243391662, "Shape_Area": 50975868.958974257 }, "geometry": { "type": "MultiPolygon", "coordinates": [ [ [ [ -104.90350466750975, 39.711288869791524 ], [ -104.903521049032705, 39.711132194781072 ], [ -104.90352172230412, 39.710843940985072 ], [ -104.903521209960488, 39.709649726925157 ], [ -104.903520712219631, 39.708558462424158 ], [ -104.903520887253407, 39.70853787259238 ], [ -104.903521183602678, 39.708084897144182 ], [ -104.903520700491981, 39.707514555661959 ], [ -104.903512007680391, 39.703888954248825 ], [ -104.903534075758202, 39.700331827255333 ], [ -104.903536198036321, 39.700140716018254 ], [ -104.903540907657046, 39.699716668497629 ], [ -104.903554614516182, 39.698542426279921 ], [ -104.903518918409958, 39.698525682347132 ], [ -104.903518120932034, 39.696633462965046 ], [ -104.900113879091833, 39.692962114038529 ], [ -104.903519722573677, 39.692995568302692 ], [ -104.903522215280304, 39.68935733032221 ], [ -104.903548580485989, 39.687383497889932 ], [ -104.903523919744202, 39.685489580097588 ], [ -104.903591327077223, 39.685510436365306 ], [ -104.903659627352056, 39.685522107287731 ], [ -104.903720681590798, 39.685550213412441 ], [ -104.903760417472668, 39.685578211401328 ], [ -104.903788629230519, 39.685603405609335 ], [ -104.903828362247282, 39.685631747627056 ], [ -104.903864591778003, 39.685654237137989 ], [ -104.903907113239015, 39.685668178475062 ], [ -104.903957601723818, 39.685685250483345 ], [ -104.904026673950952, 39.685710651760388 ], [ -104.904065638324028, 39.68572491817595 ], [ -104.904098291588269, 39.685750135719474 ], [ -104.904126477317746, 39.685778418209644 ], [ -104.904180236467184, 39.685828792935858 ], [ -104.904227125457012, 39.685851336347874 ], [ -104.904259946026613, 39.685856993307844 ], [ -104.904303385656235, 39.685867165222149 ], [ -104.904375192887869, 39.685884344154672 ], [ -104.90446203205066, 39.685909835173987 ], [ -104.904504549700448, 39.685924120340118 ], [ -104.904580585895687, 39.68596637170927 ], [ -104.904702483466494, 39.686047633930315 ], [ -104.904727139755607, 39.686073152170735 ], [ -104.904810119483969, 39.686134655856023 ], [ -104.904863877645354, 39.686185374321497 ], [ -104.904910553542578, 39.68623296751916 ], [ -104.90495720448645, 39.68628364906774 ], [ -104.905021601832573, 39.686336822562801 ], [ -104.905075335874898, 39.68639028523414 ], [ -104.905128907133019, 39.686462964368353 ], [ -104.905156741673338, 39.686532767944783 ], [ -104.905171522524796, 39.6865705910119 ], [ -104.905195993048522, 39.686618071749983 ], [ -104.905246220832126, 39.686666026839404 ], [ -104.905339954128479, 39.68671660320603 ], [ -104.905426021499096, 39.686728362945523 ], [ -104.905480136916182, 39.686736872571466 ], [ -104.905491672951783, 39.686738303565498 ], [ -104.90560693860148, 39.686763937450635 ], [ -104.905664464816354, 39.686789279379468 ], [ -104.905725401837884, 39.686831453664126 ], [ -104.905822616203281, 39.686890627290389 ], [ -104.905894140210663, 39.686941433239362 ], [ -104.906002110125726, 39.686989336573305 ], [ -104.906085209367006, 39.687037113283566 ], [ -104.906153183464781, 39.687087558874062 ], [ -104.906214167487633, 39.687124242476635 ], [ -104.906300464896006, 39.687213901455138 ], [ -104.906364906482281, 39.687261926918616 ], [ -104.906443705877052, 39.687292866517446 ], [ -104.906527062848085, 39.687310102420376 ], [ -104.906663670800071, 39.687333097648626 ], [ -104.906746959427849, 39.687358569037485 ], [ -104.906786671438326, 39.687389654349424 ], [ -104.906821898530595, 39.687425864513905 ], [ -104.906868505249705, 39.687482035706843 ], [ -104.906904501827498, 39.687532320438187 ], [ -104.906939537684082, 39.687591178563771 ], [ -104.906971955109199, 39.687644532813557 ], [ -104.907007951852052, 39.687694816609699 ], [ -104.907050329051273, 39.687725915268501 ], [ -104.907104326586975, 39.687748493354277 ], [ -104.907194651502508, 39.68778223588464 ], [ -104.907252284618892, 39.687795223580601 ], [ -104.907335691644121, 39.687806625332236 ], [ -104.907425267513275, 39.687823891936894 ], [ -104.907552198194026, 39.687835856037431 ], [ -104.907641774153731, 39.687853122476952 ], [ -104.907681677969762, 39.687861559484155 ], [ -104.907764989592295, 39.687884284929552 ], [ -104.907840189056969, 39.687921040170593 ], [ -104.907944631789562, 39.687966176796934 ], [ -104.908049074641298, 39.688011315131057 ], [ -104.908113613651366, 39.688048015624553 ], [ -104.908224998217847, 39.688112748305258 ], [ -104.908275443230835, 39.688135307967471 ], [ -104.908343631131686, 39.688160702216322 ], [ -104.908404595258475, 39.688200129886489 ], [ -104.908458524183843, 39.68823094298132 ], [ -104.90849833287939, 39.688250703707979 ], [ -104.908559414562205, 39.68827606208162 ], [ -104.908623858669316, 39.688324086289093 ], [ -104.90866362120633, 39.688349337382164 ], [ -104.90874691060003, 39.688374807339436 ], [ -104.908771664559112, 39.68838900161419 ], [ -104.908832627951327, 39.688428429954044 ], [ -104.908865214830257, 39.688461880883352 ], [ -104.90889321571936, 39.688512467046493 ], [ -104.908918697393631, 39.688545882240689 ], [ -104.908972389861603, 39.688604833512166 ], [ -104.909058061446345, 39.688663945479959 ], [ -104.909137705687954, 39.688700378144986 ], [ -104.909231675573892, 39.688723499260774 ], [ -104.909343532957053, 39.688732297187983 ], [ -104.909419015968169, 39.688735421664042 ], [ -104.909455319352389, 39.688749673799876 ], [ -104.909523296357548, 39.688800118306496 ], [ -104.909569765868085, 39.688873102825895 ], [ -104.909605554384868, 39.688948435856503 ], [ -104.909615743606366, 39.689004423054811 ], [ -104.9096328517183, 39.689082750770986 ], [ -104.909639513709152, 39.689135631762113 ], [ -104.909671772271452, 39.689208201714699 ], [ -104.9096927385161, 39.689250173206332 ], [ -104.909739560572888, 39.689281294083223 ], [ -104.909786358427624, 39.689315159245417 ], [ -104.909836781723271, 39.689340463438988 ], [ -104.909899388439669, 39.689359318510839 ], [ -104.909912100962231, 39.689363147224576 ], [ -104.909984965886579, 39.689360767541267 ], [ -104.909996155701663, 39.689359344743245 ], [ -104.910049885004213, 39.689352514128124 ], [ -104.910078322623619, 39.689351284139661 ], [ -104.910104883053819, 39.689359374153618 ], [ -104.910125285077413, 39.689365589539307 ], [ -104.910161449340933, 39.689396312712788 ], [ -104.910201117878231, 39.689432887270783 ], [ -104.91025857702094, 39.689466805717544 ], [ -104.910362859278408, 39.689531500698109 ], [ -104.910423755382809, 39.689579162928439 ], [ -104.910495311392921, 39.6896268785692 ], [ -104.910566936665077, 39.689666358533778 ], [ -104.91064300361576, 39.689705860716352 ], [ -104.910707500599656, 39.689748051091776 ], [ -104.910779103068165, 39.689790276135973 ], [ -104.910869291238527, 39.689840830233521 ], [ -104.910937317571154, 39.689885782587588 ], [ -104.911001905891126, 39.689916991050694 ], [ -104.911102895343646, 39.689950783948902 ], [ -104.911146374212933, 39.689956835510593 ], [ -104.91118978687652, 39.689970779536253 ], [ -104.911280977321283, 39.690007954868292 ], [ -104.911304682861768, 39.690041360626786 ], [ -104.911329252558033, 39.690077516031849 ], [ -104.911358075120177, 39.69013634165735 ], [ -104.911393959457442, 39.690200693274996 ], [ -104.911436151892943, 39.690254096053458 ], [ -104.911475929210766, 39.690277973579057 ], [ -104.911555573661914, 39.690314747736991 ], [ -104.911641462381041, 39.690348464593242 ], [ -104.911709512710672, 39.690390671282444 ], [ -104.91181746602625, 39.6904416566789 ], [ -104.911944077295914, 39.690492392119658 ], [ -104.91202281207309, 39.690531906731621 ], [ -104.912113025087095, 39.690579714652024 ], [ -104.912181075916976, 39.690621921965509 ], [ -104.91223846685449, 39.690664075054698 ], [ -104.912299316366841, 39.690717569865733 ], [ -104.912360332614355, 39.690751161872583 ], [ -104.912425811862548, 39.690782373989272 ], [ -104.912526780267186, 39.690818910864103 ], [ -104.91259857160162, 39.690838829954465 ], [ -104.912681091906379, 39.690850566615772 ], [ -104.912728185104612, 39.69084942916276 ], [ -104.912899217494015, 39.690937797658812 ], [ -104.913055469490558, 39.691018528071837 ], [ -104.913156179162968, 39.691085948006865 ], [ -104.913220724829088, 39.691122646563919 ], [ -104.913278139749863, 39.691162053928515 ], [ -104.91332143597549, 39.691190066360804 ], [ -104.913418757433206, 39.691237908725505 ], [ -104.913476336018874, 39.69125775637319 ], [ -104.9135090640671, 39.691274734724523 ], [ -104.913601872391482, 39.691331133562315 ], [ -104.913648653408529, 39.691367399221271 ], [ -104.913709319443839, 39.691443198122442 ], [ -104.913777887809132, 39.691530017680961 ], [ -104.913798952943836, 39.691560665323756 ], [ -104.913816519192537, 39.691584773575151 ], [ -104.913870335589394, 39.691629654249773 ], [ -104.913939162227763, 39.691685590104115 ], [ -104.913989425406157, 39.691730452111905 ], [ -104.914097242068678, 39.691798249797756 ], [ -104.914175910779548, 39.691845998577406 ], [ -104.914269657428392, 39.69189656773306 ], [ -104.914344746036946, 39.69194738705248 ], [ -104.914419906324881, 39.691989628445278 ], [ -104.914535839175258, 39.692043053189821 ], [ -104.914625190397899, 39.692088108624738 ], [ -104.914743762857853, 39.69214463569017 ], [ -104.914823366526704, 39.692186898034301 ], [ -104.914924417132909, 39.692213824595107 ], [ -104.915025455847385, 39.692242466836035 ], [ -104.915086637738355, 39.692256497796265 ], [ -104.915179820353671, 39.692268285723692 ], [ -104.915321022631574, 39.692274478539218 ], [ -104.915408081166404, 39.692274911378959 ], [ -104.915465661165399, 39.692294758045335 ], [ -104.915530140573253, 39.692339690045323 ], [ -104.915601654294164, 39.69239323610114 ], [ -104.915680957605659, 39.69247152962258 ], [ -104.915755933586681, 39.692536074074766 ], [ -104.915799194515628, 39.692568546545459 ], [ -104.915838963204621, 39.692593795180052 ], [ -104.915917724212875, 39.69263056194017 ], [ -104.915968174945576, 39.692653118266115 ], [ -104.916022200817494, 39.692672947002784 ], [ -104.916090397095573, 39.692698336724405 ], [ -104.916159457778051, 39.692726476019892 ], [ -104.916255963442396, 39.692766075973672 ], [ -104.916292083623702, 39.692802630793217 ], [ -104.916335265058777, 39.692844711293922 ], [ -104.916381882982648, 39.692900879509224 ], [ -104.916432125773639, 39.692948484761523 ], [ -104.916503572324089, 39.693010266783567 ], [ -104.9165681471992, 39.693043873317393 ], [ -104.916669163788782, 39.693075260240931 ], [ -104.916784303032927, 39.693117697507567 ], [ -104.916871086057611, 39.693151414916628 ], [ -104.916925031057289, 39.693181194621395 ], [ -104.916982426936841, 39.693223345357026 ], [ -104.917029302175308, 39.693248628813272 ], [ -104.91709396871731, 39.693271255122696 ], [ -104.917140842862139, 39.693296538528287 ], [ -104.917183277536168, 39.693321800812306 ], [ -104.917262720441812, 39.693383620190268 ], [ -104.917370081299353, 39.693507006202822 ], [ -104.917419977667663, 39.693596476347764 ], [ -104.917447756051857, 39.69367485561375 ], [ -104.91746943267168, 39.693739135775019 ], [ -104.917490417499124, 39.693779732310155 ], [ -104.917533691389082, 39.693810831524544 ], [ -104.917569956321913, 39.693830229295038 ], [ -104.917631158872354, 39.693841856860786 ], [ -104.917713639161889, 39.693859080399633 ], [ -104.917840374717983, 39.693896083390896 ], [ -104.917945017761213, 39.693918906225029 ], [ -104.918053168825139, 39.69394723876875 ], [ -104.918102732816664, 39.693969789771998 ], [ -104.918146078219834, 39.69399230998426 ], [ -104.918210650767023, 39.694026259650322 ], [ -104.918307656417426, 39.69411321713784 ], [ -104.918357922960951, 39.694158077234064 ], [ -104.918437323509096, 39.694225387122117 ], [ -104.918666590442086, 39.694433106986843 ], [ -104.918706314577065, 39.694463845044382 ], [ -104.918774222523012, 39.694524234583355 ], [ -104.91883515257075, 39.694569147171748 ], [ -104.918878449108902, 39.694597500669367 ], [ -104.918993641646921, 39.69463410218993 ], [ -104.919083910121699, 39.694676415178876 ], [ -104.919220212799402, 39.694738514063424 ], [ -104.919317565905644, 39.694783607179325 ], [ -104.919418334748954, 39.694845531258338 ], [ -104.919493362118317, 39.694904582858818 ], [ -104.919594084717446, 39.694971997193214 ], [ -104.919687768508552, 39.695031140745854 ], [ -104.919802589376502, 39.695112694229351 ], [ -104.919892790886166, 39.695163241310723 ], [ -104.920000780175286, 39.695211473901288 ], [ -104.920107862532646, 39.695262104973537 ], [ -104.920212392110187, 39.695298995865592 ], [ -104.920353209803338, 39.69535253745255 ], [ -104.920583752506616, 39.695406864162123 ], [ -104.920644890109259, 39.695426725779527 ], [ -104.920721040952799, 39.695457642596111 ], [ -104.920818257261161, 39.695519547949864 ], [ -104.920856771734464, 39.695589400091613 ], [ -104.920928997174656, 39.695665252927242 ], [ -104.920964119634874, 39.695715527933324 ], [ -104.921032975750734, 39.695769057498808 ], [ -104.921144107107253, 39.6958674065461 ], [ -104.921251711812118, 39.695962649644351 ], [ -104.921294032395309, 39.696001979598904 ], [ -104.921366536021466, 39.696044201573869 ], [ -104.921492182552697, 39.696106246238514 ], [ -104.921556874627839, 39.696126124858594 ], [ -104.921643824852623, 39.696140280014163 ], [ -104.921766285749754, 39.696157697301942 ], [ -104.921849612946488, 39.69618041270698 ], [ -104.921917836188172, 39.696203053805327 ], [ -104.921954051534186, 39.696228626015454 ], [ -104.922198826937915, 39.696281303658182 ], [ -104.922285820665593, 39.696308483496615 ], [ -104.922289216454885, 39.696309544084151 ], [ -104.922382198316342, 39.696346376290123 ], [ -104.922432632370786, 39.696371675025084 ], [ -104.922486342177194, 39.696430619962271 ], [ -104.922547252501218, 39.696478275797595 ], [ -104.922597476618051, 39.696528967613041 ], [ -104.922630051226264, 39.696565160738594 ], [ -104.922673374278574, 39.696590767618467 ], [ -104.922720265107344, 39.696614676172892 ], [ -104.922753243214444, 39.696623230728449 ], [ -104.922784983400788, 39.696631465756845 ], [ -104.922914414436946, 39.696665731119026 ], [ -104.923008447488655, 39.696683007596548 ], [ -104.923091753143794, 39.696708467323425 ], [ -104.923206879669323, 39.69675364345305 ], [ -104.923260751163681, 39.696793028434833 ], [ -104.923314667835839, 39.696826922979163 ], [ -104.923322197025172, 39.696831518315932 ], [ -104.923767471577506, 39.696811534029678 ], [ -104.923881307341375, 39.696778393192048 ], [ -104.923975680544658, 39.696763792281352 ], [ -104.92406351615908, 39.696754179748147 ], [ -104.924164326197328, 39.696747139115566 ], [ -104.924356119273469, 39.696743057635445 ], [ -104.925318161063146, 39.696742741559632 ], [ -104.925971453688604, 39.696740910921406 ], [ -104.926536994255201, 39.696738649665313 ], [ -104.927281287004533, 39.696737255477153 ], [ -104.927404827420062, 39.696732833902395 ], [ -104.927499121410264, 39.696728271622241 ], [ -104.927583724134209, 39.696716130488568 ], [ -104.9277041549676, 39.696694119117389 ], [ -104.927860401500794, 39.696664750275389 ], [ -104.927941775217434, 39.696650082039035 ], [ -104.928039336524307, 39.696643024985455 ], [ -104.928185607442799, 39.696641225180265 ], [ -104.92820476885116, 39.696641318350665 ], [ -104.92822325562733, 39.696641356898205 ], [ -104.928219162896497, 39.698430461032437 ], [ -104.928805592865316, 39.698425418054001 ], [ -104.928789990241256, 39.700233134665964 ], [ -104.92932397459164, 39.700232981748854 ], [ -104.931730118740475, 39.700219238920255 ], [ -104.931730151319229, 39.700324933582031 ], [ -104.932893308152458, 39.700309957556556 ], [ -104.932893081888736, 39.701327440074763 ], [ -104.934063318547544, 39.701317978064935 ], [ -104.934062782341243, 39.702045484432062 ], [ -104.934055128087635, 39.703765729421548 ], [ -104.93330244357881, 39.703777547403476 ], [ -104.932866548884121, 39.703621022663889 ], [ -104.932892536323422, 39.70205460328372 ], [ -104.931722290001687, 39.702063710491004 ], [ -104.931717461793653, 39.703208483021676 ], [ -104.931717439561666, 39.703211228223189 ], [ -104.931714811009982, 39.70386494393702 ], [ -104.930182974917201, 39.70386473862748 ], [ -104.927002019145689, 39.703864039966845 ], [ -104.926995693504992, 39.70670609445078 ], [ -104.928297510653181, 39.706698533684865 ], [ -104.928297377149917, 39.706792204898278 ], [ -104.92912806538483, 39.706793735860273 ], [ -104.929129887646724, 39.706417394582971 ], [ -104.929547121962528, 39.706419612645256 ], [ -104.929556473854603, 39.708517843946247 ], [ -104.926992263822953, 39.708058961349387 ], [ -104.926993100457565, 39.708119014469858 ], [ -104.929556784864403, 39.708587740825131 ], [ -104.930253654742728, 39.708729429455502 ], [ -104.930812347438518, 39.708868027887263 ], [ -104.930969254211504, 39.708914427768924 ], [ -104.931692581016222, 39.709133088098056 ], [ -104.931683746900603, 39.711101431568771 ], [ -104.931575518830329, 39.711215711358285 ], [ -104.929329402504692, 39.711194255777507 ], [ -104.928158485610908, 39.711188576191709 ], [ -104.926988321267402, 39.71118629051972 ], [ -104.925812910331103, 39.711187417236012 ], [ -104.924634547149125, 39.711181638296843 ], [ -104.92346456777463, 39.711206649906622 ], [ -104.922295894241884, 39.711221384828704 ], [ -104.921131763589571, 39.711205443090343 ], [ -104.91996211478147, 39.711203212550679 ], [ -104.918796629774576, 39.711197394498441 ], [ -104.917632525004564, 39.711204998319921 ], [ -104.916465644192911, 39.711202949371021 ], [ -104.915294121411463, 39.711192849626165 ], [ -104.914135683389645, 39.71121417533481 ], [ -104.912928202782609, 39.711219381907277 ], [ -104.912801845349193, 39.711218206251147 ], [ -104.911822676801805, 39.711209095099079 ], [ -104.911134426638142, 39.711211859007172 ], [ -104.910246792933137, 39.711208434079914 ], [ -104.909699059429087, 39.711206317874385 ], [ -104.908696619065864, 39.711214074347993 ], [ -104.90648353412243, 39.71120344323424 ], [ -104.90445601485672, 39.711219417704108 ], [ -104.903654324462721, 39.7112389674759 ], [ -104.90350466750975, 39.711288869791524 ] ], [ [ -104.929320800104733, 39.702043502823663 ], [ -104.929322579284204, 39.701278597405711 ], [ -104.928308782779794, 39.701280193720741 ], [ -104.928652538579399, 39.701619195269259 ], [ -104.929033813095472, 39.701934012378217 ], [ -104.929191917916313, 39.702049397472059 ], [ -104.929320800104733, 39.702043502823663 ] ] ] ] } }
]
}
